[2026-05-07T19:31:24.176+0200] {manager.py:483} INFO - Processing files using up to 1 processes at a time 
[2026-05-07T19:31:24.176+0200] {manager.py:484} INFO - Process each file at most once every 30 seconds
[2026-05-07T19:31:24.177+0200] {manager.py:485} INFO - Checking for new files in /home/rodrigo/Escritorio/BBDDAvanzadas/models/dag every 300 seconds
[2026-05-07T19:31:24.177+0200] {manager.py:821} INFO - Searching for files in /home/rodrigo/Escritorio/BBDDAvanzadas/models/dag
[2026-05-07T19:31:24.189+0200] {manager.py:824} INFO - There are 59 files in /home/rodrigo/Escritorio/BBDDAvanzadas/models/dag
[2026-05-07T19:31:25.223+0200] {manager.py:997} INFO - 
================================================================================
DAG File Processing Stats

File Path                                                                                                                                                  PID    Runtime      # DAGs    # Errors  Last Runtime    Last Run               Last # of DB Queries
---------------------------------------------------------------------------------------------------------------------------------------------------------  -----  ---------  --------  ----------  --------------  -------------------  ----------------------
/home/rodrigo/Escritorio/BBDDAvanzadas/models/dag/dag_sqlite.py                                                                                                                     1           0  0.95s           2026-05-07T17:31:25                      43
/home/rodrigo/Escritorio/BBDDAvanzadas/models/dag/dag_psql.py                                                                                                                       0           0                                                            0
/home/rodrigo/Escritorio/BBDDAvanzadas/.venv/lib/python3.12/site-packages/airflow/example_dags/example_time_delta_sensor_async.py                                                   0           0                                                            0
/home/rodrigo/Escritorio/BBDDAvanzadas/.venv/lib/python3.12/site-packages/airflow/example_dags/example_dynamic_task_mapping_with_no_taskflow_operators.py                           0           0                                                            0
/home/rodrigo/Escritorio/BBDDAvanzadas/.venv/lib/python3.12/site-packages/airflow/example_dags/tutorial_objectstorage.py                                                            0           0                                                            0
/home/rodrigo/Escritorio/BBDDAvanzadas/.venv/lib/python3.12/site-packages/airflow/example_dags/example_kubernetes_executor.py                                                       0           0                                                            0
/home/rodrigo/Escritorio/BBDDAvanzadas/.venv/lib/python3.12/site-packages/airflow/example_dags/example_task_group_decorator.py                                                      0           0                                                            0
/home/rodrigo/Escritorio/BBDDAvanzadas/.venv/lib/python3.12/site-packages/airflow/example_dags/example_task_group.py                                                                0           0                                                            0
/home/rodrigo/Escritorio/BBDDAvanzadas/.venv/lib/python3.12/site-packages/airflow/example_dags/example_display_name.py                                                              0           0                                                            0
/home/rodrigo/Escritorio/BBDDAvanzadas/.venv/lib/python3.12/site-packages/airflow/example_dags/example_skip_dag.py                                                                  0           0                                                            0
/home/rodrigo/Escritorio/BBDDAvanzadas/.venv/lib/python3.12/site-packages/airflow/example_dags/example_branch_labels.py                                                             0           0                                                            0
/home/rodrigo/Escritorio/BBDDAvanzadas/.venv/lib/python3.12/site-packages/airflow/example_dags/tutorial_taskflow_templates.py                                                       0           0                                                            0
/home/rodrigo/Escritorio/BBDDAvanzadas/.venv/lib/python3.12/site-packages/airflow/example_dags/example_local_kubernetes_executor.py                                                 0           0                                                            0
/home/rodrigo/Escritorio/BBDDAvanzadas/.venv/lib/python3.12/site-packages/airflow/example_dags/example_latest_only.py                                                               0           0                                                            0
/home/rodrigo/Escritorio/BBDDAvanzadas/.venv/lib/python3.12/site-packages/airflow/example_dags/example_workday_timetable.py                                                         0           0                                                            0
/home/rodrigo/Escritorio/BBDDAvanzadas/.venv/lib/python3.12/site-packages/airflow/example_dags/example_sla_dag.py                                                                   0           0                                                            0
/home/rodrigo/Escritorio/BBDDAvanzadas/.venv/lib/python3.12/site-packages/airflow/example_dags/example_xcomargs.py                                                                  0           0                                                            0
/home/rodrigo/Escritorio/BBDDAvanzadas/.venv/lib/python3.12/site-packages/airflow/example_dags/example_params_ui_tutorial.py                                                        0           0                                                            0
/home/rodrigo/Escritorio/BBDDAvanzadas/.venv/lib/python3.12/site-packages/airflow/example_dags/example_inlet_event_extra.py                                                         0           0                                                            0
/home/rodrigo/Escritorio/BBDDAvanzadas/.venv/lib/python3.12/site-packages/airflow/example_dags/example_bash_decorator.py                                                            0           0                                                            0
/home/rodrigo/Escritorio/BBDDAvanzadas/.venv/lib/python3.12/site-packages/airflow/example_dags/example_subdag_operator.py                                                           0           0                                                            0
/home/rodrigo/Escritorio/BBDDAvanzadas/.venv/lib/python3.12/site-packages/airflow/example_dags/example_branch_python_dop_operator_3.py                                              0           0                                                            0
/home/rodrigo/Escritorio/BBDDAvanzadas/.venv/lib/python3.12/site-packages/airflow/example_dags/example_dynamic_task_mapping.py                                                      0           0                                                            0
/home/rodrigo/Escritorio/BBDDAvanzadas/.venv/lib/python3.12/site-packages/airflow/example_dags/example_branch_day_of_week_operator.py                                               0           0                                                            0
/home/rodrigo/Escritorio/BBDDAvanzadas/.venv/lib/python3.12/site-packages/airflow/example_dags/example_outlet_event_extra.py                                                        0           0                                                            0
/home/rodrigo/Escritorio/BBDDAvanzadas/.venv/lib/python3.12/site-packages/airflow/example_dags/example_dataset_alias_with_no_taskflow.py                                            0           0                                                            0
/home/rodrigo/Escritorio/BBDDAvanzadas/.venv/lib/python3.12/site-packages/airflow/example_dags/example_nested_branch_dag.py                                                         0           0                                                            0
/home/rodrigo/Escritorio/BBDDAvanzadas/.venv/lib/python3.12/site-packages/airflow/example_dags/tutorial_dag.py                                                                      0           0                                                            0
/home/rodrigo/Escritorio/BBDDAvanzadas/.venv/lib/python3.12/site-packages/airflow/example_dags/example_python_operator.py                                                           0           0                                                            0
/home/rodrigo/Escritorio/BBDDAvanzadas/.venv/lib/python3.12/site-packages/airflow/example_dags/example_setup_teardown.py                                                            0           0                                                            0
/home/rodrigo/Escritorio/BBDDAvanzadas/.venv/lib/python3.12/site-packages/airflow/example_dags/example_python_decorator.py                                                          0           0                                                            0
/home/rodrigo/Escritorio/BBDDAvanzadas/.venv/lib/python3.12/site-packages/airflow/example_dags/example_params_trigger_ui.py                                                         0           0                                                            0
/home/rodrigo/Escritorio/BBDDAvanzadas/.venv/lib/python3.12/site-packages/airflow/example_dags/tutorial_taskflow_api.py                                                             0           0                                                            0
/home/rodrigo/Escritorio/BBDDAvanzadas/.venv/lib/python3.12/site-packages/airflow/example_dags/example_dataset_alias.py                                                             0           0                                                            0
/home/rodrigo/Escritorio/BBDDAvanzadas/.venv/lib/python3.12/site-packages/airflow/example_dags/example_trigger_target_dag.py                                                        0           0                                                            0
/home/rodrigo/Escritorio/BBDDAvanzadas/.venv/lib/python3.12/site-packages/airflow/example_dags/example_branch_operator.py                                                           0           0                                                            0
/home/rodrigo/Escritorio/BBDDAvanzadas/.venv/lib/python3.12/site-packages/airflow/example_dags/example_latest_only_with_trigger.py                                                  0           0                                                            0
/home/rodrigo/Escritorio/BBDDAvanzadas/.venv/lib/python3.12/site-packages/airflow/example_dags/example_trigger_controller_dag.py                                                    0           0                                                            0
/home/rodrigo/Escritorio/BBDDAvanzadas/.venv/lib/python3.12/site-packages/airflow/example_dags/example_sensors.py                                                                   0           0                                                            0
/home/rodrigo/Escritorio/BBDDAvanzadas/.venv/lib/python3.12/site-packages/airflow/example_dags/example_external_task_marker_dag.py                                                  0           0                                                            0
/home/rodrigo/Escritorio/BBDDAvanzadas/.venv/lib/python3.12/site-packages/airflow/example_dags/example_datasets.py                                                                  0           0                                                            0
/home/rodrigo/Escritorio/BBDDAvanzadas/.venv/lib/python3.12/site-packages/airflow/example_dags/example_xcom.py                                                                      0           0                                                            0
/home/rodrigo/Escritorio/BBDDAvanzadas/.venv/lib/python3.12/site-packages/airflow/example_dags/tutorial_taskflow_api_virtualenv.py                                                  0           0                                                            0
/home/rodrigo/Escritorio/BBDDAvanzadas/.venv/lib/python3.12/site-packages/airflow/example_dags/example_bash_operator.py                                                             0           0                                                            0
/home/rodrigo/Escritorio/BBDDAvanzadas/.venv/lib/python3.12/site-packages/airflow/example_dags/example_sensor_decorator.py                                                          0           0                                                            0
/home/rodrigo/Escritorio/BBDDAvanzadas/.venv/lib/python3.12/site-packages/airflow/example_dags/example_complex.py                                                                   0           0                                                            0
/home/rodrigo/Escritorio/BBDDAvanzadas/.venv/lib/python3.12/site-packages/airflow/example_dags/example_branch_datetime_operator.py                                                  0           0                                                            0
/home/rodrigo/Escritorio/BBDDAvanzadas/.venv/lib/python3.12/site-packages/airflow/example_dags/example_passing_params_via_test_command.py                                           0           0                                                            0
/home/rodrigo/Escritorio/BBDDAvanzadas/.venv/lib/python3.12/site-packages/airflow/example_dags/example_dag_decorator.py                                                             0           0                                                            0
/home/rodrigo/Escritorio/BBDDAvanzadas/.venv/lib/python3.12/site-packages/airflow/example_dags/example_short_circuit_decorator.py                                                   0           0                                                            0
/home/rodrigo/Escritorio/BBDDAvanzadas/.venv/lib/python3.12/site-packages/airflow/example_dags/example_setup_teardown_taskflow.py                                                   0           0                                                            0
/home/rodrigo/Escritorio/BBDDAvanzadas/.venv/lib/python3.12/site-packages/airflow/example_dags/tutorial.py                                                                          0           0                                                            0
/home/rodrigo/Escritorio/BBDDAvanzadas/.venv/lib/python3.12/site-packages/airflow/example_dags/example_branch_operator_decorator.py                                                 0           0                                                            0
/home/rodrigo/Escritorio/BBDDAvanzadas/.venv/lib/python3.12/site-packages/airflow/example_dags/example_short_circuit_operator.py                                                    0           0                                                            0
/home/rodrigo/Escritorio/BBDDAvanzadas/.venv/lib/python3.12/site-packages/airflow/example_dags/plugins/listener_plugin.py                                                           0           0                                                            0
/home/rodrigo/Escritorio/BBDDAvanzadas/.venv/lib/python3.12/site-packages/airflow/example_dags/plugins/decreasing_priority_weight_strategy.py                                       0           0                                                            0
/home/rodrigo/Escritorio/BBDDAvanzadas/.venv/lib/python3.12/site-packages/airflow/example_dags/plugins/workday.py                                                                   0           0                                                            0
/home/rodrigo/Escritorio/BBDDAvanzadas/.venv/lib/python3.12/site-packages/airflow/example_dags/plugins/event_listener.py                                                            0           0                                                            0
/home/rodrigo/Escritorio/BBDDAvanzadas/.venv/lib/python3.12/site-packages/airflow/example_dags/subdags/subdag.py                                                                    0           0                                                            0
================================================================================
[2026-05-07T19:31:30.717+0200] {manager.py:483} INFO - Processing files using up to 1 processes at a time 
[2026-05-07T19:31:30.718+0200] {manager.py:484} INFO - Process each file at most once every 30 seconds
[2026-05-07T19:31:30.718+0200] {manager.py:485} INFO - Checking for new files in /home/rodrigo/Escritorio/BBDDAvanzadas/models/dag every 300 seconds
[2026-05-07T19:31:30.718+0200] {manager.py:821} INFO - Searching for files in /home/rodrigo/Escritorio/BBDDAvanzadas/models/dag
[2026-05-07T19:31:30.747+0200] {manager.py:824} INFO - There are 59 files in /home/rodrigo/Escritorio/BBDDAvanzadas/models/dag
[2026-05-07T19:31:30.913+0200] {manager.py:997} INFO - 
================================================================================
DAG File Processing Stats

File Path                                                                                                                                                  PID    Runtime      # DAGs    # Errors  Last Runtime    Last Run               Last # of DB Queries
---------------------------------------------------------------------------------------------------------------------------------------------------------  -----  ---------  --------  ----------  --------------  -------------------  ----------------------
/home/rodrigo/Escritorio/BBDDAvanzadas/models/dag/dag_sqlite.py                                                                                                                     1           0  0.11s           2026-05-07T17:31:30                       9
/home/rodrigo/Escritorio/BBDDAvanzadas/models/dag/dag_psql.py                                                                                                                       0           0                                                            0
/home/rodrigo/Escritorio/BBDDAvanzadas/.venv/lib/python3.12/site-packages/airflow/example_dags/example_time_delta_sensor_async.py                                                   0           0                                                            0
/home/rodrigo/Escritorio/BBDDAvanzadas/.venv/lib/python3.12/site-packages/airflow/example_dags/example_dynamic_task_mapping_with_no_taskflow_operators.py                           0           0                                                            0
/home/rodrigo/Escritorio/BBDDAvanzadas/.venv/lib/python3.12/site-packages/airflow/example_dags/tutorial_objectstorage.py                                                            0           0                                                            0
/home/rodrigo/Escritorio/BBDDAvanzadas/.venv/lib/python3.12/site-packages/airflow/example_dags/example_kubernetes_executor.py                                                       0           0                                                            0
/home/rodrigo/Escritorio/BBDDAvanzadas/.venv/lib/python3.12/site-packages/airflow/example_dags/example_task_group_decorator.py                                                      0           0                                                            0
/home/rodrigo/Escritorio/BBDDAvanzadas/.venv/lib/python3.12/site-packages/airflow/example_dags/example_task_group.py                                                                0           0                                                            0
/home/rodrigo/Escritorio/BBDDAvanzadas/.venv/lib/python3.12/site-packages/airflow/example_dags/example_display_name.py                                                              0           0                                                            0
/home/rodrigo/Escritorio/BBDDAvanzadas/.venv/lib/python3.12/site-packages/airflow/example_dags/example_skip_dag.py                                                                  0           0                                                            0
/home/rodrigo/Escritorio/BBDDAvanzadas/.venv/lib/python3.12/site-packages/airflow/example_dags/example_branch_labels.py                                                             0           0                                                            0
/home/rodrigo/Escritorio/BBDDAvanzadas/.venv/lib/python3.12/site-packages/airflow/example_dags/tutorial_taskflow_templates.py                                                       0           0                                                            0
/home/rodrigo/Escritorio/BBDDAvanzadas/.venv/lib/python3.12/site-packages/airflow/example_dags/example_local_kubernetes_executor.py                                                 0           0                                                            0
/home/rodrigo/Escritorio/BBDDAvanzadas/.venv/lib/python3.12/site-packages/airflow/example_dags/example_latest_only.py                                                               0           0                                                            0
/home/rodrigo/Escritorio/BBDDAvanzadas/.venv/lib/python3.12/site-packages/airflow/example_dags/example_workday_timetable.py                                                         0           0                                                            0
/home/rodrigo/Escritorio/BBDDAvanzadas/.venv/lib/python3.12/site-packages/airflow/example_dags/example_sla_dag.py                                                                   0           0                                                            0
/home/rodrigo/Escritorio/BBDDAvanzadas/.venv/lib/python3.12/site-packages/airflow/example_dags/example_xcomargs.py                                                                  0           0                                                            0
/home/rodrigo/Escritorio/BBDDAvanzadas/.venv/lib/python3.12/site-packages/airflow/example_dags/example_params_ui_tutorial.py                                                        0           0                                                            0
/home/rodrigo/Escritorio/BBDDAvanzadas/.venv/lib/python3.12/site-packages/airflow/example_dags/example_inlet_event_extra.py                                                         0           0                                                            0
/home/rodrigo/Escritorio/BBDDAvanzadas/.venv/lib/python3.12/site-packages/airflow/example_dags/example_bash_decorator.py                                                            0           0                                                            0
/home/rodrigo/Escritorio/BBDDAvanzadas/.venv/lib/python3.12/site-packages/airflow/example_dags/example_subdag_operator.py                                                           0           0                                                            0
/home/rodrigo/Escritorio/BBDDAvanzadas/.venv/lib/python3.12/site-packages/airflow/example_dags/example_branch_python_dop_operator_3.py                                              0           0                                                            0
/home/rodrigo/Escritorio/BBDDAvanzadas/.venv/lib/python3.12/site-packages/airflow/example_dags/example_dynamic_task_mapping.py                                                      0           0                                                            0
/home/rodrigo/Escritorio/BBDDAvanzadas/.venv/lib/python3.12/site-packages/airflow/example_dags/example_branch_day_of_week_operator.py                                               0           0                                                            0
/home/rodrigo/Escritorio/BBDDAvanzadas/.venv/lib/python3.12/site-packages/airflow/example_dags/example_outlet_event_extra.py                                                        0           0                                                            0
/home/rodrigo/Escritorio/BBDDAvanzadas/.venv/lib/python3.12/site-packages/airflow/example_dags/example_dataset_alias_with_no_taskflow.py                                            0           0                                                            0
/home/rodrigo/Escritorio/BBDDAvanzadas/.venv/lib/python3.12/site-packages/airflow/example_dags/example_nested_branch_dag.py                                                         0           0                                                            0
/home/rodrigo/Escritorio/BBDDAvanzadas/.venv/lib/python3.12/site-packages/airflow/example_dags/tutorial_dag.py                                                                      0           0                                                            0
/home/rodrigo/Escritorio/BBDDAvanzadas/.venv/lib/python3.12/site-packages/airflow/example_dags/example_python_operator.py                                                           0           0                                                            0
/home/rodrigo/Escritorio/BBDDAvanzadas/.venv/lib/python3.12/site-packages/airflow/example_dags/example_setup_teardown.py                                                            0           0                                                            0
/home/rodrigo/Escritorio/BBDDAvanzadas/.venv/lib/python3.12/site-packages/airflow/example_dags/example_python_decorator.py                                                          0           0                                                            0
/home/rodrigo/Escritorio/BBDDAvanzadas/.venv/lib/python3.12/site-packages/airflow/example_dags/example_params_trigger_ui.py                                                         0           0                                                            0
/home/rodrigo/Escritorio/BBDDAvanzadas/.venv/lib/python3.12/site-packages/airflow/example_dags/tutorial_taskflow_api.py                                                             0           0                                                            0
/home/rodrigo/Escritorio/BBDDAvanzadas/.venv/lib/python3.12/site-packages/airflow/example_dags/example_dataset_alias.py                                                             0           0                                                            0
/home/rodrigo/Escritorio/BBDDAvanzadas/.venv/lib/python3.12/site-packages/airflow/example_dags/example_trigger_target_dag.py                                                        0           0                                                            0
/home/rodrigo/Escritorio/BBDDAvanzadas/.venv/lib/python3.12/site-packages/airflow/example_dags/example_branch_operator.py                                                           0           0                                                            0
/home/rodrigo/Escritorio/BBDDAvanzadas/.venv/lib/python3.12/site-packages/airflow/example_dags/example_latest_only_with_trigger.py                                                  0           0                                                            0
/home/rodrigo/Escritorio/BBDDAvanzadas/.venv/lib/python3.12/site-packages/airflow/example_dags/example_trigger_controller_dag.py                                                    0           0                                                            0
/home/rodrigo/Escritorio/BBDDAvanzadas/.venv/lib/python3.12/site-packages/airflow/example_dags/example_sensors.py                                                                   0           0                                                            0
/home/rodrigo/Escritorio/BBDDAvanzadas/.venv/lib/python3.12/site-packages/airflow/example_dags/example_external_task_marker_dag.py                                                  0           0                                                            0
/home/rodrigo/Escritorio/BBDDAvanzadas/.venv/lib/python3.12/site-packages/airflow/example_dags/example_datasets.py                                                                  0           0                                                            0
/home/rodrigo/Escritorio/BBDDAvanzadas/.venv/lib/python3.12/site-packages/airflow/example_dags/example_xcom.py                                                                      0           0                                                            0
/home/rodrigo/Escritorio/BBDDAvanzadas/.venv/lib/python3.12/site-packages/airflow/example_dags/tutorial_taskflow_api_virtualenv.py                                                  0           0                                                            0
/home/rodrigo/Escritorio/BBDDAvanzadas/.venv/lib/python3.12/site-packages/airflow/example_dags/example_bash_operator.py                                                             0           0                                                            0
/home/rodrigo/Escritorio/BBDDAvanzadas/.venv/lib/python3.12/site-packages/airflow/example_dags/example_sensor_decorator.py                                                          0           0                                                            0
/home/rodrigo/Escritorio/BBDDAvanzadas/.venv/lib/python3.12/site-packages/airflow/example_dags/example_complex.py                                                                   0           0                                                            0
/home/rodrigo/Escritorio/BBDDAvanzadas/.venv/lib/python3.12/site-packages/airflow/example_dags/example_branch_datetime_operator.py                                                  0           0                                                            0
/home/rodrigo/Escritorio/BBDDAvanzadas/.venv/lib/python3.12/site-packages/airflow/example_dags/example_passing_params_via_test_command.py                                           0           0                                                            0
/home/rodrigo/Escritorio/BBDDAvanzadas/.venv/lib/python3.12/site-packages/airflow/example_dags/example_dag_decorator.py                                                             0           0                                                            0
/home/rodrigo/Escritorio/BBDDAvanzadas/.venv/lib/python3.12/site-packages/airflow/example_dags/example_short_circuit_decorator.py                                                   0           0                                                            0
/home/rodrigo/Escritorio/BBDDAvanzadas/.venv/lib/python3.12/site-packages/airflow/example_dags/example_setup_teardown_taskflow.py                                                   0           0                                                            0
/home/rodrigo/Escritorio/BBDDAvanzadas/.venv/lib/python3.12/site-packages/airflow/example_dags/tutorial.py                                                                          0           0                                                            0
/home/rodrigo/Escritorio/BBDDAvanzadas/.venv/lib/python3.12/site-packages/airflow/example_dags/example_branch_operator_decorator.py                                                 0           0                                                            0
/home/rodrigo/Escritorio/BBDDAvanzadas/.venv/lib/python3.12/site-packages/airflow/example_dags/example_short_circuit_operator.py                                                    0           0                                                            0
/home/rodrigo/Escritorio/BBDDAvanzadas/.venv/lib/python3.12/site-packages/airflow/example_dags/plugins/listener_plugin.py                                                           0           0                                                            0
/home/rodrigo/Escritorio/BBDDAvanzadas/.venv/lib/python3.12/site-packages/airflow/example_dags/plugins/decreasing_priority_weight_strategy.py                                       0           0                                                            0
/home/rodrigo/Escritorio/BBDDAvanzadas/.venv/lib/python3.12/site-packages/airflow/example_dags/plugins/workday.py                                                                   0           0                                                            0
/home/rodrigo/Escritorio/BBDDAvanzadas/.venv/lib/python3.12/site-packages/airflow/example_dags/plugins/event_listener.py                                                            0           0                                                            0
/home/rodrigo/Escritorio/BBDDAvanzadas/.venv/lib/python3.12/site-packages/airflow/example_dags/subdags/subdag.py                                                                    0           0                                                            0
================================================================================
[2026-05-07T19:31:46.921+0200] {manager.py:465} INFO - Exiting gracefully upon receiving signal 15
[2026-05-07T19:32:02.104+0200] {manager.py:483} INFO - Processing files using up to 1 processes at a time 
[2026-05-07T19:32:02.105+0200] {manager.py:484} INFO - Process each file at most once every 30 seconds
[2026-05-07T19:32:02.105+0200] {manager.py:485} INFO - Checking for new files in /home/rodrigo/Escritorio/BBDDAvanzadas/models/dag every 300 seconds
[2026-05-07T19:32:02.105+0200] {manager.py:821} INFO - Searching for files in /home/rodrigo/Escritorio/BBDDAvanzadas/models/dag
[2026-05-07T19:32:02.125+0200] {manager.py:824} INFO - There are 59 files in /home/rodrigo/Escritorio/BBDDAvanzadas/models/dag
[2026-05-07T19:32:02.290+0200] {manager.py:997} INFO - 
================================================================================
DAG File Processing Stats

File Path                                                                                                                                                  PID    Runtime      # DAGs    # Errors  Last Runtime    Last Run               Last # of DB Queries
---------------------------------------------------------------------------------------------------------------------------------------------------------  -----  ---------  --------  ----------  --------------  -------------------  ----------------------
/home/rodrigo/Escritorio/BBDDAvanzadas/models/dag/dag_sqlite.py                                                                                                                     1           0  0.11s           2026-05-07T17:32:02                      10
/home/rodrigo/Escritorio/BBDDAvanzadas/models/dag/dag_psql.py                                                                                                                       0           0                                                            0
/home/rodrigo/Escritorio/BBDDAvanzadas/.venv/lib/python3.12/site-packages/airflow/example_dags/example_time_delta_sensor_async.py                                                   0           0                                                            0
/home/rodrigo/Escritorio/BBDDAvanzadas/.venv/lib/python3.12/site-packages/airflow/example_dags/example_dynamic_task_mapping_with_no_taskflow_operators.py                           0           0                                                            0
/home/rodrigo/Escritorio/BBDDAvanzadas/.venv/lib/python3.12/site-packages/airflow/example_dags/tutorial_objectstorage.py                                                            0           0                                                            0
/home/rodrigo/Escritorio/BBDDAvanzadas/.venv/lib/python3.12/site-packages/airflow/example_dags/example_kubernetes_executor.py                                                       0           0                                                            0
/home/rodrigo/Escritorio/BBDDAvanzadas/.venv/lib/python3.12/site-packages/airflow/example_dags/example_task_group_decorator.py                                                      0           0                                                            0
/home/rodrigo/Escritorio/BBDDAvanzadas/.venv/lib/python3.12/site-packages/airflow/example_dags/example_task_group.py                                                                0           0                                                            0
/home/rodrigo/Escritorio/BBDDAvanzadas/.venv/lib/python3.12/site-packages/airflow/example_dags/example_display_name.py                                                              0           0                                                            0
/home/rodrigo/Escritorio/BBDDAvanzadas/.venv/lib/python3.12/site-packages/airflow/example_dags/example_skip_dag.py                                                                  0           0                                                            0
/home/rodrigo/Escritorio/BBDDAvanzadas/.venv/lib/python3.12/site-packages/airflow/example_dags/example_branch_labels.py                                                             0           0                                                            0
/home/rodrigo/Escritorio/BBDDAvanzadas/.venv/lib/python3.12/site-packages/airflow/example_dags/tutorial_taskflow_templates.py                                                       0           0                                                            0
/home/rodrigo/Escritorio/BBDDAvanzadas/.venv/lib/python3.12/site-packages/airflow/example_dags/example_local_kubernetes_executor.py                                                 0           0                                                            0
/home/rodrigo/Escritorio/BBDDAvanzadas/.venv/lib/python3.12/site-packages/airflow/example_dags/example_latest_only.py                                                               0           0                                                            0
/home/rodrigo/Escritorio/BBDDAvanzadas/.venv/lib/python3.12/site-packages/airflow/example_dags/example_workday_timetable.py                                                         0           0                                                            0
/home/rodrigo/Escritorio/BBDDAvanzadas/.venv/lib/python3.12/site-packages/airflow/example_dags/example_sla_dag.py                                                                   0           0                                                            0
/home/rodrigo/Escritorio/BBDDAvanzadas/.venv/lib/python3.12/site-packages/airflow/example_dags/example_xcomargs.py                                                                  0           0                                                            0
/home/rodrigo/Escritorio/BBDDAvanzadas/.venv/lib/python3.12/site-packages/airflow/example_dags/example_params_ui_tutorial.py                                                        0           0                                                            0
/home/rodrigo/Escritorio/BBDDAvanzadas/.venv/lib/python3.12/site-packages/airflow/example_dags/example_inlet_event_extra.py                                                         0           0                                                            0
/home/rodrigo/Escritorio/BBDDAvanzadas/.venv/lib/python3.12/site-packages/airflow/example_dags/example_bash_decorator.py                                                            0           0                                                            0
/home/rodrigo/Escritorio/BBDDAvanzadas/.venv/lib/python3.12/site-packages/airflow/example_dags/example_subdag_operator.py                                                           0           0                                                            0
/home/rodrigo/Escritorio/BBDDAvanzadas/.venv/lib/python3.12/site-packages/airflow/example_dags/example_branch_python_dop_operator_3.py                                              0           0                                                            0
/home/rodrigo/Escritorio/BBDDAvanzadas/.venv/lib/python3.12/site-packages/airflow/example_dags/example_dynamic_task_mapping.py                                                      0           0                                                            0
/home/rodrigo/Escritorio/BBDDAvanzadas/.venv/lib/python3.12/site-packages/airflow/example_dags/example_branch_day_of_week_operator.py                                               0           0                                                            0
/home/rodrigo/Escritorio/BBDDAvanzadas/.venv/lib/python3.12/site-packages/airflow/example_dags/example_outlet_event_extra.py                                                        0           0                                                            0
/home/rodrigo/Escritorio/BBDDAvanzadas/.venv/lib/python3.12/site-packages/airflow/example_dags/example_dataset_alias_with_no_taskflow.py                                            0           0                                                            0
/home/rodrigo/Escritorio/BBDDAvanzadas/.venv/lib/python3.12/site-packages/airflow/example_dags/example_nested_branch_dag.py                                                         0           0                                                            0
/home/rodrigo/Escritorio/BBDDAvanzadas/.venv/lib/python3.12/site-packages/airflow/example_dags/tutorial_dag.py                                                                      0           0                                                            0
/home/rodrigo/Escritorio/BBDDAvanzadas/.venv/lib/python3.12/site-packages/airflow/example_dags/example_python_operator.py                                                           0           0                                                            0
/home/rodrigo/Escritorio/BBDDAvanzadas/.venv/lib/python3.12/site-packages/airflow/example_dags/example_setup_teardown.py                                                            0           0                                                            0
/home/rodrigo/Escritorio/BBDDAvanzadas/.venv/lib/python3.12/site-packages/airflow/example_dags/example_python_decorator.py                                                          0           0                                                            0
/home/rodrigo/Escritorio/BBDDAvanzadas/.venv/lib/python3.12/site-packages/airflow/example_dags/example_params_trigger_ui.py                                                         0           0                                                            0
/home/rodrigo/Escritorio/BBDDAvanzadas/.venv/lib/python3.12/site-packages/airflow/example_dags/tutorial_taskflow_api.py                                                             0           0                                                            0
/home/rodrigo/Escritorio/BBDDAvanzadas/.venv/lib/python3.12/site-packages/airflow/example_dags/example_dataset_alias.py                                                             0           0                                                            0
/home/rodrigo/Escritorio/BBDDAvanzadas/.venv/lib/python3.12/site-packages/airflow/example_dags/example_trigger_target_dag.py                                                        0           0                                                            0
/home/rodrigo/Escritorio/BBDDAvanzadas/.venv/lib/python3.12/site-packages/airflow/example_dags/example_branch_operator.py                                                           0           0                                                            0
/home/rodrigo/Escritorio/BBDDAvanzadas/.venv/lib/python3.12/site-packages/airflow/example_dags/example_latest_only_with_trigger.py                                                  0           0                                                            0
/home/rodrigo/Escritorio/BBDDAvanzadas/.venv/lib/python3.12/site-packages/airflow/example_dags/example_trigger_controller_dag.py                                                    0           0                                                            0
/home/rodrigo/Escritorio/BBDDAvanzadas/.venv/lib/python3.12/site-packages/airflow/example_dags/example_sensors.py                                                                   0           0                                                            0
/home/rodrigo/Escritorio/BBDDAvanzadas/.venv/lib/python3.12/site-packages/airflow/example_dags/example_external_task_marker_dag.py                                                  0           0                                                            0
/home/rodrigo/Escritorio/BBDDAvanzadas/.venv/lib/python3.12/site-packages/airflow/example_dags/example_datasets.py                                                                  0           0                                                            0
/home/rodrigo/Escritorio/BBDDAvanzadas/.venv/lib/python3.12/site-packages/airflow/example_dags/example_xcom.py                                                                      0           0                                                            0
/home/rodrigo/Escritorio/BBDDAvanzadas/.venv/lib/python3.12/site-packages/airflow/example_dags/tutorial_taskflow_api_virtualenv.py                                                  0           0                                                            0
/home/rodrigo/Escritorio/BBDDAvanzadas/.venv/lib/python3.12/site-packages/airflow/example_dags/example_bash_operator.py                                                             0           0                                                            0
/home/rodrigo/Escritorio/BBDDAvanzadas/.venv/lib/python3.12/site-packages/airflow/example_dags/example_sensor_decorator.py                                                          0           0                                                            0
/home/rodrigo/Escritorio/BBDDAvanzadas/.venv/lib/python3.12/site-packages/airflow/example_dags/example_complex.py                                                                   0           0                                                            0
/home/rodrigo/Escritorio/BBDDAvanzadas/.venv/lib/python3.12/site-packages/airflow/example_dags/example_branch_datetime_operator.py                                                  0           0                                                            0
/home/rodrigo/Escritorio/BBDDAvanzadas/.venv/lib/python3.12/site-packages/airflow/example_dags/example_passing_params_via_test_command.py                                           0           0                                                            0
/home/rodrigo/Escritorio/BBDDAvanzadas/.venv/lib/python3.12/site-packages/airflow/example_dags/example_dag_decorator.py                                                             0           0                                                            0
/home/rodrigo/Escritorio/BBDDAvanzadas/.venv/lib/python3.12/site-packages/airflow/example_dags/example_short_circuit_decorator.py                                                   0           0                                                            0
/home/rodrigo/Escritorio/BBDDAvanzadas/.venv/lib/python3.12/site-packages/airflow/example_dags/example_setup_teardown_taskflow.py                                                   0           0                                                            0
/home/rodrigo/Escritorio/BBDDAvanzadas/.venv/lib/python3.12/site-packages/airflow/example_dags/tutorial.py                                                                          0           0                                                            0
/home/rodrigo/Escritorio/BBDDAvanzadas/.venv/lib/python3.12/site-packages/airflow/example_dags/example_branch_operator_decorator.py                                                 0           0                                                            0
/home/rodrigo/Escritorio/BBDDAvanzadas/.venv/lib/python3.12/site-packages/airflow/example_dags/example_short_circuit_operator.py                                                    0           0                                                            0
/home/rodrigo/Escritorio/BBDDAvanzadas/.venv/lib/python3.12/site-packages/airflow/example_dags/plugins/listener_plugin.py                                                           0           0                                                            0
/home/rodrigo/Escritorio/BBDDAvanzadas/.venv/lib/python3.12/site-packages/airflow/example_dags/plugins/decreasing_priority_weight_strategy.py                                       0           0                                                            0
/home/rodrigo/Escritorio/BBDDAvanzadas/.venv/lib/python3.12/site-packages/airflow/example_dags/plugins/workday.py                                                                   0           0                                                            0
/home/rodrigo/Escritorio/BBDDAvanzadas/.venv/lib/python3.12/site-packages/airflow/example_dags/plugins/event_listener.py                                                            0           0                                                            0
/home/rodrigo/Escritorio/BBDDAvanzadas/.venv/lib/python3.12/site-packages/airflow/example_dags/subdags/subdag.py                                                                    0           0                                                            0
================================================================================
[2026-05-07T19:32:33.722+0200] {manager.py:997} INFO - 
================================================================================
DAG File Processing Stats

File Path                                                                                                                                                  PID    Runtime      # DAGs    # Errors  Last Runtime    Last Run               Last # of DB Queries
---------------------------------------------------------------------------------------------------------------------------------------------------------  -----  ---------  --------  ----------  --------------  -------------------  ----------------------
/home/rodrigo/Escritorio/BBDDAvanzadas/.venv/lib/python3.12/site-packages/airflow/example_dags/example_setup_teardown_taskflow.py                                                   1           0  1.47s           2026-05-07T17:32:33                      43
/home/rodrigo/Escritorio/BBDDAvanzadas/.venv/lib/python3.12/site-packages/airflow/example_dags/example_short_circuit_operator.py                                                    1           0  0.75s           2026-05-07T17:32:30                      43
/home/rodrigo/Escritorio/BBDDAvanzadas/.venv/lib/python3.12/site-packages/airflow/example_dags/example_skip_dag.py                                                                  1           0  0.72s           2026-05-07T17:32:28                      45
/home/rodrigo/Escritorio/BBDDAvanzadas/.venv/lib/python3.12/site-packages/airflow/example_dags/example_short_circuit_decorator.py                                                   1           0  0.62s           2026-05-07T17:32:31                      43
/home/rodrigo/Escritorio/BBDDAvanzadas/.venv/lib/python3.12/site-packages/airflow/example_dags/example_subdag_operator.py                                                           3           0  0.32s           2026-05-07T17:32:25                      53
/home/rodrigo/Escritorio/BBDDAvanzadas/.venv/lib/python3.12/site-packages/airflow/example_dags/example_sla_dag.py                                                                   1           0  0.31s           2026-05-07T17:32:26                      45
/home/rodrigo/Escritorio/BBDDAvanzadas/models/dag/dag_psql.py                                                                                                                       1           0  0.23s           2026-05-07T17:32:03                      10
/home/rodrigo/Escritorio/BBDDAvanzadas/.venv/lib/python3.12/site-packages/airflow/example_dags/tutorial_objectstorage.py                                                            1           0  0.22s           2026-05-07T17:32:13                      10
/home/rodrigo/Escritorio/BBDDAvanzadas/.venv/lib/python3.12/site-packages/airflow/example_dags/tutorial_taskflow_templates.py                                                       1           0  0.21s           2026-05-07T17:32:10                      12
/home/rodrigo/Escritorio/BBDDAvanzadas/.venv/lib/python3.12/site-packages/airflow/example_dags/example_xcom.py                                                                      1           0  0.16s           2026-05-07T17:32:17                      12
/home/rodrigo/Escritorio/BBDDAvanzadas/.venv/lib/python3.12/site-packages/airflow/example_dags/tutorial_taskflow_api_virtualenv.py                                                  0           0  0.15s           2026-05-07T17:32:12                       3
/home/rodrigo/Escritorio/BBDDAvanzadas/.venv/lib/python3.12/site-packages/airflow/example_dags/plugins/event_listener.py                                                            0           0  0.14s           2026-05-07T17:32:08                       3
/home/rodrigo/Escritorio/BBDDAvanzadas/.venv/lib/python3.12/site-packages/airflow/example_dags/example_trigger_controller_dag.py                                                    1           0  0.14s           2026-05-07T17:32:21                      12
/home/rodrigo/Escritorio/BBDDAvanzadas/.venv/lib/python3.12/site-packages/airflow/example_dags/example_workday_timetable.py                                                         1           0  0.14s           2026-05-07T17:32:18                      12
/home/rodrigo/Escritorio/BBDDAvanzadas/.venv/lib/python3.12/site-packages/airflow/example_dags/tutorial.py                                                                          1           0  0.13s           2026-05-07T17:32:16                      12
/home/rodrigo/Escritorio/BBDDAvanzadas/.venv/lib/python3.12/site-packages/airflow/example_dags/example_trigger_target_dag.py                                                        1           0  0.13s           2026-05-07T17:32:19                      10
/home/rodrigo/Escritorio/BBDDAvanzadas/.venv/lib/python3.12/site-packages/airflow/example_dags/tutorial_taskflow_api.py                                                             1           0  0.12s           2026-05-07T17:32:12                      10
/home/rodrigo/Escritorio/BBDDAvanzadas/.venv/lib/python3.12/site-packages/airflow/example_dags/plugins/decreasing_priority_weight_strategy.py                                       0           0  0.12s           2026-05-07T17:32:09                       3
/home/rodrigo/Escritorio/BBDDAvanzadas/.venv/lib/python3.12/site-packages/airflow/example_dags/tutorial_dag.py                                                                      1           0  0.12s           2026-05-07T17:32:15                      10
/home/rodrigo/Escritorio/BBDDAvanzadas/.venv/lib/python3.12/site-packages/airflow/example_dags/example_task_group_decorator.py                                                      1           0  0.12s           2026-05-07T17:32:22                      10
/home/rodrigo/Escritorio/BBDDAvanzadas/.venv/lib/python3.12/site-packages/airflow/example_dags/plugins/listener_plugin.py                                                           0           0  0.12s           2026-05-07T17:32:07                       3
/home/rodrigo/Escritorio/BBDDAvanzadas/models/dag/dag_sqlite.py                                                                                                                     1           0  0.11s           2026-05-07T17:32:02                      10
/home/rodrigo/Escritorio/BBDDAvanzadas/.venv/lib/python3.12/site-packages/airflow/example_dags/plugins/workday.py                                                                   0           0  0.11s           2026-05-07T17:32:05                       3
/home/rodrigo/Escritorio/BBDDAvanzadas/.venv/lib/python3.12/site-packages/airflow/example_dags/subdags/subdag.py                                                                    0           0  0.11s           2026-05-07T17:32:04                       3
/home/rodrigo/Escritorio/BBDDAvanzadas/.venv/lib/python3.12/site-packages/airflow/example_dags/example_xcomargs.py                                                                  2           0  0.11s           2026-05-07T17:32:17                      13
/home/rodrigo/Escritorio/BBDDAvanzadas/.venv/lib/python3.12/site-packages/airflow/example_dags/example_time_delta_sensor_async.py                                                   1           0  0.11s           2026-05-07T17:32:22                      10
/home/rodrigo/Escritorio/BBDDAvanzadas/.venv/lib/python3.12/site-packages/airflow/example_dags/example_task_group.py                                                                1           0  0.11s           2026-05-07T17:32:23                      10
/home/rodrigo/Escritorio/BBDDAvanzadas/.venv/lib/python3.12/site-packages/airflow/example_dags/example_dynamic_task_mapping_with_no_taskflow_operators.py                           0           0                                                            0
/home/rodrigo/Escritorio/BBDDAvanzadas/.venv/lib/python3.12/site-packages/airflow/example_dags/example_kubernetes_executor.py                                                       0           0                                                            0
/home/rodrigo/Escritorio/BBDDAvanzadas/.venv/lib/python3.12/site-packages/airflow/example_dags/example_display_name.py                                                              0           0                                                            0
/home/rodrigo/Escritorio/BBDDAvanzadas/.venv/lib/python3.12/site-packages/airflow/example_dags/example_branch_labels.py                                                             0           0                                                            0
/home/rodrigo/Escritorio/BBDDAvanzadas/.venv/lib/python3.12/site-packages/airflow/example_dags/example_local_kubernetes_executor.py                                                 0           0                                                            0
/home/rodrigo/Escritorio/BBDDAvanzadas/.venv/lib/python3.12/site-packages/airflow/example_dags/example_latest_only.py                                                               0           0                                                            0
/home/rodrigo/Escritorio/BBDDAvanzadas/.venv/lib/python3.12/site-packages/airflow/example_dags/example_params_ui_tutorial.py                                                        0           0                                                            0
/home/rodrigo/Escritorio/BBDDAvanzadas/.venv/lib/python3.12/site-packages/airflow/example_dags/example_inlet_event_extra.py                                                         0           0                                                            0
/home/rodrigo/Escritorio/BBDDAvanzadas/.venv/lib/python3.12/site-packages/airflow/example_dags/example_bash_decorator.py                                                            0           0                                                            0
/home/rodrigo/Escritorio/BBDDAvanzadas/.venv/lib/python3.12/site-packages/airflow/example_dags/example_branch_python_dop_operator_3.py                                              0           0                                                            0
/home/rodrigo/Escritorio/BBDDAvanzadas/.venv/lib/python3.12/site-packages/airflow/example_dags/example_dynamic_task_mapping.py                                                      0           0                                                            0
/home/rodrigo/Escritorio/BBDDAvanzadas/.venv/lib/python3.12/site-packages/airflow/example_dags/example_branch_day_of_week_operator.py                                               0           0                                                            0
/home/rodrigo/Escritorio/BBDDAvanzadas/.venv/lib/python3.12/site-packages/airflow/example_dags/example_outlet_event_extra.py                                                        0           0                                                            0
/home/rodrigo/Escritorio/BBDDAvanzadas/.venv/lib/python3.12/site-packages/airflow/example_dags/example_dataset_alias_with_no_taskflow.py                                            0           0                                                            0
/home/rodrigo/Escritorio/BBDDAvanzadas/.venv/lib/python3.12/site-packages/airflow/example_dags/example_nested_branch_dag.py                                                         0           0                                                            0
/home/rodrigo/Escritorio/BBDDAvanzadas/.venv/lib/python3.12/site-packages/airflow/example_dags/example_python_operator.py                                                           0           0                                                            0
/home/rodrigo/Escritorio/BBDDAvanzadas/.venv/lib/python3.12/site-packages/airflow/example_dags/example_setup_teardown.py                                                            0           0                                                            0
/home/rodrigo/Escritorio/BBDDAvanzadas/.venv/lib/python3.12/site-packages/airflow/example_dags/example_python_decorator.py                                                          0           0                                                            0
/home/rodrigo/Escritorio/BBDDAvanzadas/.venv/lib/python3.12/site-packages/airflow/example_dags/example_params_trigger_ui.py                                                         0           0                                                            0
/home/rodrigo/Escritorio/BBDDAvanzadas/.venv/lib/python3.12/site-packages/airflow/example_dags/example_dataset_alias.py                                                             0           0                                                            0
/home/rodrigo/Escritorio/BBDDAvanzadas/.venv/lib/python3.12/site-packages/airflow/example_dags/example_branch_operator.py                                                           0           0                                                            0
/home/rodrigo/Escritorio/BBDDAvanzadas/.venv/lib/python3.12/site-packages/airflow/example_dags/example_latest_only_with_trigger.py                                                  0           0                                                            0
/home/rodrigo/Escritorio/BBDDAvanzadas/.venv/lib/python3.12/site-packages/airflow/example_dags/example_sensors.py                                                                   0           0                                                            0
/home/rodrigo/Escritorio/BBDDAvanzadas/.venv/lib/python3.12/site-packages/airflow/example_dags/example_external_task_marker_dag.py                                                  0           0                                                            0
/home/rodrigo/Escritorio/BBDDAvanzadas/.venv/lib/python3.12/site-packages/airflow/example_dags/example_datasets.py                                                                  0           0                                                            0
/home/rodrigo/Escritorio/BBDDAvanzadas/.venv/lib/python3.12/site-packages/airflow/example_dags/example_bash_operator.py                                                             0           0                                                            0
/home/rodrigo/Escritorio/BBDDAvanzadas/.venv/lib/python3.12/site-packages/airflow/example_dags/example_sensor_decorator.py                                                          0           0                                                            0
/home/rodrigo/Escritorio/BBDDAvanzadas/.venv/lib/python3.12/site-packages/airflow/example_dags/example_complex.py                                                                   0           0                                                            0
/home/rodrigo/Escritorio/BBDDAvanzadas/.venv/lib/python3.12/site-packages/airflow/example_dags/example_branch_datetime_operator.py                                                  0           0                                                            0
/home/rodrigo/Escritorio/BBDDAvanzadas/.venv/lib/python3.12/site-packages/airflow/example_dags/example_passing_params_via_test_command.py                                           0           0                                                            0
/home/rodrigo/Escritorio/BBDDAvanzadas/.venv/lib/python3.12/site-packages/airflow/example_dags/example_dag_decorator.py                                                             0           0                                                            0
/home/rodrigo/Escritorio/BBDDAvanzadas/.venv/lib/python3.12/site-packages/airflow/example_dags/example_branch_operator_decorator.py                                                 0           0                                                            0
================================================================================
[2026-05-07T19:33:06.083+0200] {manager.py:997} INFO - 
================================================================================
DAG File Processing Stats

File Path                                                                                                                                                  PID    Runtime      # DAGs    # Errors  Last Runtime    Last Run               Last # of DB Queries
---------------------------------------------------------------------------------------------------------------------------------------------------------  -----  ---------  --------  ----------  --------------  -------------------  ----------------------
/home/rodrigo/Escritorio/BBDDAvanzadas/.venv/lib/python3.12/site-packages/airflow/example_dags/example_dataset_alias.py                                                             4           0  1.77s           2026-05-07T17:33:06                     157
/home/rodrigo/Escritorio/BBDDAvanzadas/.venv/lib/python3.12/site-packages/airflow/example_dags/example_setup_teardown_taskflow.py                                                   1           0  1.47s           2026-05-07T17:32:33                      43
/home/rodrigo/Escritorio/BBDDAvanzadas/.venv/lib/python3.12/site-packages/airflow/example_dags/example_dataset_alias_with_no_taskflow.py                                            4           0  1.34s           2026-05-07T17:33:03                     157
/home/rodrigo/Escritorio/BBDDAvanzadas/.venv/lib/python3.12/site-packages/airflow/example_dags/example_datasets.py                                                                 10           0  1.08s           2026-05-07T17:33:01                     379
/home/rodrigo/Escritorio/BBDDAvanzadas/.venv/lib/python3.12/site-packages/airflow/example_dags/example_outlet_event_extra.py                                                        3           0  0.83s           2026-05-07T17:32:46                     118
/home/rodrigo/Escritorio/BBDDAvanzadas/.venv/lib/python3.12/site-packages/airflow/example_dags/example_short_circuit_operator.py                                                    1           0  0.75s           2026-05-07T17:32:30                      43
/home/rodrigo/Escritorio/BBDDAvanzadas/.venv/lib/python3.12/site-packages/airflow/example_dags/example_skip_dag.py                                                                  1           0  0.72s           2026-05-07T17:32:28                      45
/home/rodrigo/Escritorio/BBDDAvanzadas/.venv/lib/python3.12/site-packages/airflow/example_dags/example_short_circuit_decorator.py                                                   1           0  0.62s           2026-05-07T17:32:31                      43
/home/rodrigo/Escritorio/BBDDAvanzadas/.venv/lib/python3.12/site-packages/airflow/example_dags/example_dynamic_task_mapping.py                                                      1           0  0.48s           2026-05-07T17:32:57                      43
/home/rodrigo/Escritorio/BBDDAvanzadas/.venv/lib/python3.12/site-packages/airflow/example_dags/example_setup_teardown.py                                                            1           0  0.47s           2026-05-07T17:32:35                      43
/home/rodrigo/Escritorio/BBDDAvanzadas/.venv/lib/python3.12/site-packages/airflow/example_dags/example_sensors.py                                                                   1           0  0.45s           2026-05-07T17:32:36                      43
/home/rodrigo/Escritorio/BBDDAvanzadas/.venv/lib/python3.12/site-packages/airflow/example_dags/example_latest_only_with_trigger.py                                                  1           0  0.42s           2026-05-07T17:32:49                      45
/home/rodrigo/Escritorio/BBDDAvanzadas/.venv/lib/python3.12/site-packages/airflow/example_dags/example_params_trigger_ui.py                                                         1           0  0.34s           2026-05-07T17:32:44                      43
/home/rodrigo/Escritorio/BBDDAvanzadas/.venv/lib/python3.12/site-packages/airflow/example_dags/example_display_name.py                                                              1           0  0.33s           2026-05-07T17:32:59                      43
/home/rodrigo/Escritorio/BBDDAvanzadas/.venv/lib/python3.12/site-packages/airflow/example_dags/example_python_decorator.py                                                          1           0  0.33s           2026-05-07T17:32:40                      43
/home/rodrigo/Escritorio/BBDDAvanzadas/.venv/lib/python3.12/site-packages/airflow/example_dags/example_subdag_operator.py                                                           3           0  0.32s           2026-05-07T17:32:25                      53
/home/rodrigo/Escritorio/BBDDAvanzadas/.venv/lib/python3.12/site-packages/airflow/example_dags/example_params_ui_tutorial.py                                                        1           0  0.32s           2026-05-07T17:32:43                      43
/home/rodrigo/Escritorio/BBDDAvanzadas/.venv/lib/python3.12/site-packages/airflow/example_dags/example_inlet_event_extra.py                                                         2           0  0.32s           2026-05-07T17:32:54                      81
/home/rodrigo/Escritorio/BBDDAvanzadas/.venv/lib/python3.12/site-packages/airflow/example_dags/example_latest_only.py                                                               1           0  0.32s           2026-05-07T17:32:50                      45
/home/rodrigo/Escritorio/BBDDAvanzadas/.venv/lib/python3.12/site-packages/airflow/example_dags/example_external_task_marker_dag.py                                                  2           0  0.32s           2026-05-07T17:32:54                      79
/home/rodrigo/Escritorio/BBDDAvanzadas/.venv/lib/python3.12/site-packages/airflow/example_dags/example_sla_dag.py                                                                   1           0  0.31s           2026-05-07T17:32:26                      45
/home/rodrigo/Escritorio/BBDDAvanzadas/.venv/lib/python3.12/site-packages/airflow/example_dags/example_passing_params_via_test_command.py                                           1           0  0.31s           2026-05-07T17:32:41                      45
/home/rodrigo/Escritorio/BBDDAvanzadas/.venv/lib/python3.12/site-packages/airflow/example_dags/example_dynamic_task_mapping_with_no_taskflow_operators.py                           1           0  0.31s           2026-05-07T17:32:56                      43
/home/rodrigo/Escritorio/BBDDAvanzadas/.venv/lib/python3.12/site-packages/airflow/example_dags/example_python_operator.py                                                           1           0  0.31s           2026-05-07T17:32:39                      43
/home/rodrigo/Escritorio/BBDDAvanzadas/.venv/lib/python3.12/site-packages/airflow/example_dags/example_sensor_decorator.py                                                          1           0  0.23s           2026-05-07T17:32:38                      43
/home/rodrigo/Escritorio/BBDDAvanzadas/models/dag/dag_psql.py                                                                                                                       1           0  0.23s           2026-05-07T17:32:03                      10
/home/rodrigo/Escritorio/BBDDAvanzadas/.venv/lib/python3.12/site-packages/airflow/example_dags/example_nested_branch_dag.py                                                         1           0  0.22s           2026-05-07T17:32:47                      45
/home/rodrigo/Escritorio/BBDDAvanzadas/.venv/lib/python3.12/site-packages/airflow/example_dags/tutorial_objectstorage.py                                                            1           0  0.22s           2026-05-07T17:32:13                      10
/home/rodrigo/Escritorio/BBDDAvanzadas/.venv/lib/python3.12/site-packages/airflow/example_dags/tutorial_taskflow_templates.py                                                       1           0  0.21s           2026-05-07T17:32:10                      12
/home/rodrigo/Escritorio/BBDDAvanzadas/.venv/lib/python3.12/site-packages/airflow/example_dags/example_xcom.py                                                                      1           0  0.16s           2026-05-07T17:32:17                      12
/home/rodrigo/Escritorio/BBDDAvanzadas/.venv/lib/python3.12/site-packages/airflow/example_dags/tutorial_taskflow_api_virtualenv.py                                                  0           0  0.15s           2026-05-07T17:32:12                       3
/home/rodrigo/Escritorio/BBDDAvanzadas/.venv/lib/python3.12/site-packages/airflow/example_dags/plugins/event_listener.py                                                            0           0  0.14s           2026-05-07T17:32:08                       3
/home/rodrigo/Escritorio/BBDDAvanzadas/.venv/lib/python3.12/site-packages/airflow/example_dags/example_trigger_controller_dag.py                                                    1           0  0.14s           2026-05-07T17:32:21                      12
/home/rodrigo/Escritorio/BBDDAvanzadas/.venv/lib/python3.12/site-packages/airflow/example_dags/example_workday_timetable.py                                                         1           0  0.14s           2026-05-07T17:32:18                      12
/home/rodrigo/Escritorio/BBDDAvanzadas/.venv/lib/python3.12/site-packages/airflow/example_dags/tutorial.py                                                                          1           0  0.13s           2026-05-07T17:32:16                      12
/home/rodrigo/Escritorio/BBDDAvanzadas/.venv/lib/python3.12/site-packages/airflow/example_dags/example_trigger_target_dag.py                                                        1           0  0.13s           2026-05-07T17:32:19                      10
/home/rodrigo/Escritorio/BBDDAvanzadas/.venv/lib/python3.12/site-packages/airflow/example_dags/tutorial_taskflow_api.py                                                             1           0  0.12s           2026-05-07T17:32:12                      10
/home/rodrigo/Escritorio/BBDDAvanzadas/.venv/lib/python3.12/site-packages/airflow/example_dags/plugins/decreasing_priority_weight_strategy.py                                       0           0  0.12s           2026-05-07T17:32:09                       3
/home/rodrigo/Escritorio/BBDDAvanzadas/.venv/lib/python3.12/site-packages/airflow/example_dags/tutorial_dag.py                                                                      1           0  0.12s           2026-05-07T17:32:15                      10
/home/rodrigo/Escritorio/BBDDAvanzadas/.venv/lib/python3.12/site-packages/airflow/example_dags/example_local_kubernetes_executor.py                                                 0           0  0.12s           2026-05-07T17:32:48                       3
/home/rodrigo/Escritorio/BBDDAvanzadas/.venv/lib/python3.12/site-packages/airflow/example_dags/example_task_group_decorator.py                                                      1           0  0.12s           2026-05-07T17:32:22                      10
/home/rodrigo/Escritorio/BBDDAvanzadas/.venv/lib/python3.12/site-packages/airflow/example_dags/plugins/listener_plugin.py                                                           0           0  0.12s           2026-05-07T17:32:07                       3
/home/rodrigo/Escritorio/BBDDAvanzadas/models/dag/dag_sqlite.py                                                                                                                     1           0  0.11s           2026-05-07T17:32:02                      10
/home/rodrigo/Escritorio/BBDDAvanzadas/.venv/lib/python3.12/site-packages/airflow/example_dags/plugins/workday.py                                                                   0           0  0.11s           2026-05-07T17:32:05                       3
/home/rodrigo/Escritorio/BBDDAvanzadas/.venv/lib/python3.12/site-packages/airflow/example_dags/subdags/subdag.py                                                                    0           0  0.11s           2026-05-07T17:32:04                       3
/home/rodrigo/Escritorio/BBDDAvanzadas/.venv/lib/python3.12/site-packages/airflow/example_dags/example_xcomargs.py                                                                  2           0  0.11s           2026-05-07T17:32:17                      13
/home/rodrigo/Escritorio/BBDDAvanzadas/.venv/lib/python3.12/site-packages/airflow/example_dags/example_kubernetes_executor.py                                                       0           0  0.11s           2026-05-07T17:32:51                       3
/home/rodrigo/Escritorio/BBDDAvanzadas/.venv/lib/python3.12/site-packages/airflow/example_dags/example_time_delta_sensor_async.py                                                   1           0  0.11s           2026-05-07T17:32:22                      10
/home/rodrigo/Escritorio/BBDDAvanzadas/.venv/lib/python3.12/site-packages/airflow/example_dags/example_task_group.py                                                                1           0  0.11s           2026-05-07T17:32:23                      10
/home/rodrigo/Escritorio/BBDDAvanzadas/.venv/lib/python3.12/site-packages/airflow/example_dags/example_branch_labels.py                                                             0           0                                                            0
/home/rodrigo/Escritorio/BBDDAvanzadas/.venv/lib/python3.12/site-packages/airflow/example_dags/example_bash_decorator.py                                                            0           0                                                            0
/home/rodrigo/Escritorio/BBDDAvanzadas/.venv/lib/python3.12/site-packages/airflow/example_dags/example_branch_python_dop_operator_3.py                                              0           0                                                            0
/home/rodrigo/Escritorio/BBDDAvanzadas/.venv/lib/python3.12/site-packages/airflow/example_dags/example_branch_day_of_week_operator.py                                               0           0                                                            0
/home/rodrigo/Escritorio/BBDDAvanzadas/.venv/lib/python3.12/site-packages/airflow/example_dags/example_branch_operator.py                                                           0           0                                                            0
/home/rodrigo/Escritorio/BBDDAvanzadas/.venv/lib/python3.12/site-packages/airflow/example_dags/example_bash_operator.py                                                             0           0                                                            0
/home/rodrigo/Escritorio/BBDDAvanzadas/.venv/lib/python3.12/site-packages/airflow/example_dags/example_complex.py                                                                   0           0                                                            0
/home/rodrigo/Escritorio/BBDDAvanzadas/.venv/lib/python3.12/site-packages/airflow/example_dags/example_branch_datetime_operator.py                                                  0           0                                                            0
/home/rodrigo/Escritorio/BBDDAvanzadas/.venv/lib/python3.12/site-packages/airflow/example_dags/example_dag_decorator.py                                                             0           0                                                            0
/home/rodrigo/Escritorio/BBDDAvanzadas/.venv/lib/python3.12/site-packages/airflow/example_dags/example_branch_operator_decorator.py                                                 0           0                                                            0
================================================================================
[2026-05-07T19:33:33.707+0200] {manager.py:465} INFO - Exiting gracefully upon receiving signal 15
[2026-05-07T19:35:04.303+0200] {manager.py:483} INFO - Processing files using up to 1 processes at a time 
[2026-05-07T19:35:04.306+0200] {manager.py:484} INFO - Process each file at most once every 30 seconds
[2026-05-07T19:35:04.306+0200] {manager.py:485} INFO - Checking for new files in /home/rodrigo/Escritorio/BBDDAvanzadas/models/dag every 300 seconds
[2026-05-07T19:35:04.306+0200] {manager.py:821} INFO - Searching for files in /home/rodrigo/Escritorio/BBDDAvanzadas/models/dag
[2026-05-07T19:35:04.323+0200] {manager.py:824} INFO - There are 59 files in /home/rodrigo/Escritorio/BBDDAvanzadas/models/dag
[2026-05-07T19:35:04.494+0200] {manager.py:997} INFO - 
================================================================================
DAG File Processing Stats

File Path                                                                                                                                                  PID    Runtime      # DAGs    # Errors  Last Runtime    Last Run               Last # of DB Queries
---------------------------------------------------------------------------------------------------------------------------------------------------------  -----  ---------  --------  ----------  --------------  -------------------  ----------------------
/home/rodrigo/Escritorio/BBDDAvanzadas/models/dag/dag_sqlite.py                                                                                                                     1           0  0.11s           2026-05-07T17:35:04                      10
/home/rodrigo/Escritorio/BBDDAvanzadas/models/dag/dag_psql.py                                                                                                                       0           0                                                            0
/home/rodrigo/Escritorio/BBDDAvanzadas/.venv/lib/python3.12/site-packages/airflow/example_dags/example_time_delta_sensor_async.py                                                   0           0                                                            0
/home/rodrigo/Escritorio/BBDDAvanzadas/.venv/lib/python3.12/site-packages/airflow/example_dags/example_dynamic_task_mapping_with_no_taskflow_operators.py                           0           0                                                            0
/home/rodrigo/Escritorio/BBDDAvanzadas/.venv/lib/python3.12/site-packages/airflow/example_dags/tutorial_objectstorage.py                                                            0           0                                                            0
/home/rodrigo/Escritorio/BBDDAvanzadas/.venv/lib/python3.12/site-packages/airflow/example_dags/example_kubernetes_executor.py                                                       0           0                                                            0
/home/rodrigo/Escritorio/BBDDAvanzadas/.venv/lib/python3.12/site-packages/airflow/example_dags/example_task_group_decorator.py                                                      0           0                                                            0
/home/rodrigo/Escritorio/BBDDAvanzadas/.venv/lib/python3.12/site-packages/airflow/example_dags/example_task_group.py                                                                0           0                                                            0
/home/rodrigo/Escritorio/BBDDAvanzadas/.venv/lib/python3.12/site-packages/airflow/example_dags/example_display_name.py                                                              0           0                                                            0
/home/rodrigo/Escritorio/BBDDAvanzadas/.venv/lib/python3.12/site-packages/airflow/example_dags/example_skip_dag.py                                                                  0           0                                                            0
/home/rodrigo/Escritorio/BBDDAvanzadas/.venv/lib/python3.12/site-packages/airflow/example_dags/example_branch_labels.py                                                             0           0                                                            0
/home/rodrigo/Escritorio/BBDDAvanzadas/.venv/lib/python3.12/site-packages/airflow/example_dags/tutorial_taskflow_templates.py                                                       0           0                                                            0
/home/rodrigo/Escritorio/BBDDAvanzadas/.venv/lib/python3.12/site-packages/airflow/example_dags/example_local_kubernetes_executor.py                                                 0           0                                                            0
/home/rodrigo/Escritorio/BBDDAvanzadas/.venv/lib/python3.12/site-packages/airflow/example_dags/example_latest_only.py                                                               0           0                                                            0
/home/rodrigo/Escritorio/BBDDAvanzadas/.venv/lib/python3.12/site-packages/airflow/example_dags/example_workday_timetable.py                                                         0           0                                                            0
/home/rodrigo/Escritorio/BBDDAvanzadas/.venv/lib/python3.12/site-packages/airflow/example_dags/example_sla_dag.py                                                                   0           0                                                            0
/home/rodrigo/Escritorio/BBDDAvanzadas/.venv/lib/python3.12/site-packages/airflow/example_dags/example_xcomargs.py                                                                  0           0                                                            0
/home/rodrigo/Escritorio/BBDDAvanzadas/.venv/lib/python3.12/site-packages/airflow/example_dags/example_params_ui_tutorial.py                                                        0           0                                                            0
/home/rodrigo/Escritorio/BBDDAvanzadas/.venv/lib/python3.12/site-packages/airflow/example_dags/example_inlet_event_extra.py                                                         0           0                                                            0
/home/rodrigo/Escritorio/BBDDAvanzadas/.venv/lib/python3.12/site-packages/airflow/example_dags/example_bash_decorator.py                                                            0           0                                                            0
/home/rodrigo/Escritorio/BBDDAvanzadas/.venv/lib/python3.12/site-packages/airflow/example_dags/example_subdag_operator.py                                                           0           0                                                            0
/home/rodrigo/Escritorio/BBDDAvanzadas/.venv/lib/python3.12/site-packages/airflow/example_dags/example_branch_python_dop_operator_3.py                                              0           0                                                            0
/home/rodrigo/Escritorio/BBDDAvanzadas/.venv/lib/python3.12/site-packages/airflow/example_dags/example_dynamic_task_mapping.py                                                      0           0                                                            0
/home/rodrigo/Escritorio/BBDDAvanzadas/.venv/lib/python3.12/site-packages/airflow/example_dags/example_branch_day_of_week_operator.py                                               0           0                                                            0
/home/rodrigo/Escritorio/BBDDAvanzadas/.venv/lib/python3.12/site-packages/airflow/example_dags/example_outlet_event_extra.py                                                        0           0                                                            0
/home/rodrigo/Escritorio/BBDDAvanzadas/.venv/lib/python3.12/site-packages/airflow/example_dags/example_dataset_alias_with_no_taskflow.py                                            0           0                                                            0
/home/rodrigo/Escritorio/BBDDAvanzadas/.venv/lib/python3.12/site-packages/airflow/example_dags/example_nested_branch_dag.py                                                         0           0                                                            0
/home/rodrigo/Escritorio/BBDDAvanzadas/.venv/lib/python3.12/site-packages/airflow/example_dags/tutorial_dag.py                                                                      0           0                                                            0
/home/rodrigo/Escritorio/BBDDAvanzadas/.venv/lib/python3.12/site-packages/airflow/example_dags/example_python_operator.py                                                           0           0                                                            0
/home/rodrigo/Escritorio/BBDDAvanzadas/.venv/lib/python3.12/site-packages/airflow/example_dags/example_setup_teardown.py                                                            0           0                                                            0
/home/rodrigo/Escritorio/BBDDAvanzadas/.venv/lib/python3.12/site-packages/airflow/example_dags/example_python_decorator.py                                                          0           0                                                            0
/home/rodrigo/Escritorio/BBDDAvanzadas/.venv/lib/python3.12/site-packages/airflow/example_dags/example_params_trigger_ui.py                                                         0           0                                                            0
/home/rodrigo/Escritorio/BBDDAvanzadas/.venv/lib/python3.12/site-packages/airflow/example_dags/tutorial_taskflow_api.py                                                             0           0                                                            0
/home/rodrigo/Escritorio/BBDDAvanzadas/.venv/lib/python3.12/site-packages/airflow/example_dags/example_dataset_alias.py                                                             0           0                                                            0
/home/rodrigo/Escritorio/BBDDAvanzadas/.venv/lib/python3.12/site-packages/airflow/example_dags/example_trigger_target_dag.py                                                        0           0                                                            0
/home/rodrigo/Escritorio/BBDDAvanzadas/.venv/lib/python3.12/site-packages/airflow/example_dags/example_branch_operator.py                                                           0           0                                                            0
/home/rodrigo/Escritorio/BBDDAvanzadas/.venv/lib/python3.12/site-packages/airflow/example_dags/example_latest_only_with_trigger.py                                                  0           0                                                            0
/home/rodrigo/Escritorio/BBDDAvanzadas/.venv/lib/python3.12/site-packages/airflow/example_dags/example_trigger_controller_dag.py                                                    0           0                                                            0
/home/rodrigo/Escritorio/BBDDAvanzadas/.venv/lib/python3.12/site-packages/airflow/example_dags/example_sensors.py                                                                   0           0                                                            0
/home/rodrigo/Escritorio/BBDDAvanzadas/.venv/lib/python3.12/site-packages/airflow/example_dags/example_external_task_marker_dag.py                                                  0           0                                                            0
/home/rodrigo/Escritorio/BBDDAvanzadas/.venv/lib/python3.12/site-packages/airflow/example_dags/example_datasets.py                                                                  0           0                                                            0
/home/rodrigo/Escritorio/BBDDAvanzadas/.venv/lib/python3.12/site-packages/airflow/example_dags/example_xcom.py                                                                      0           0                                                            0
/home/rodrigo/Escritorio/BBDDAvanzadas/.venv/lib/python3.12/site-packages/airflow/example_dags/tutorial_taskflow_api_virtualenv.py                                                  0           0                                                            0
/home/rodrigo/Escritorio/BBDDAvanzadas/.venv/lib/python3.12/site-packages/airflow/example_dags/example_bash_operator.py                                                             0           0                                                            0
/home/rodrigo/Escritorio/BBDDAvanzadas/.venv/lib/python3.12/site-packages/airflow/example_dags/example_sensor_decorator.py                                                          0           0                                                            0
/home/rodrigo/Escritorio/BBDDAvanzadas/.venv/lib/python3.12/site-packages/airflow/example_dags/example_complex.py                                                                   0           0                                                            0
/home/rodrigo/Escritorio/BBDDAvanzadas/.venv/lib/python3.12/site-packages/airflow/example_dags/example_branch_datetime_operator.py                                                  0           0                                                            0
/home/rodrigo/Escritorio/BBDDAvanzadas/.venv/lib/python3.12/site-packages/airflow/example_dags/example_passing_params_via_test_command.py                                           0           0                                                            0
/home/rodrigo/Escritorio/BBDDAvanzadas/.venv/lib/python3.12/site-packages/airflow/example_dags/example_dag_decorator.py                                                             0           0                                                            0
/home/rodrigo/Escritorio/BBDDAvanzadas/.venv/lib/python3.12/site-packages/airflow/example_dags/example_short_circuit_decorator.py                                                   0           0                                                            0
/home/rodrigo/Escritorio/BBDDAvanzadas/.venv/lib/python3.12/site-packages/airflow/example_dags/example_setup_teardown_taskflow.py                                                   0           0                                                            0
/home/rodrigo/Escritorio/BBDDAvanzadas/.venv/lib/python3.12/site-packages/airflow/example_dags/tutorial.py                                                                          0           0                                                            0
/home/rodrigo/Escritorio/BBDDAvanzadas/.venv/lib/python3.12/site-packages/airflow/example_dags/example_branch_operator_decorator.py                                                 0           0                                                            0
/home/rodrigo/Escritorio/BBDDAvanzadas/.venv/lib/python3.12/site-packages/airflow/example_dags/example_short_circuit_operator.py                                                    0           0                                                            0
/home/rodrigo/Escritorio/BBDDAvanzadas/.venv/lib/python3.12/site-packages/airflow/example_dags/plugins/listener_plugin.py                                                           0           0                                                            0
/home/rodrigo/Escritorio/BBDDAvanzadas/.venv/lib/python3.12/site-packages/airflow/example_dags/plugins/decreasing_priority_weight_strategy.py                                       0           0                                                            0
/home/rodrigo/Escritorio/BBDDAvanzadas/.venv/lib/python3.12/site-packages/airflow/example_dags/plugins/workday.py                                                                   0           0                                                            0
/home/rodrigo/Escritorio/BBDDAvanzadas/.venv/lib/python3.12/site-packages/airflow/example_dags/plugins/event_listener.py                                                            0           0                                                            0
/home/rodrigo/Escritorio/BBDDAvanzadas/.venv/lib/python3.12/site-packages/airflow/example_dags/subdags/subdag.py                                                                    0           0                                                            0
================================================================================
[2026-05-07T19:35:23.972+0200] {manager.py:465} INFO - Exiting gracefully upon receiving signal 15
[2026-05-07T19:35:24.473+0200] {manager.py:465} INFO - Exiting gracefully upon receiving signal 15
[2026-05-07T19:35:27.628+0200] {manager.py:483} INFO - Processing files using up to 1 processes at a time 
[2026-05-07T19:35:27.628+0200] {manager.py:484} INFO - Process each file at most once every 30 seconds
[2026-05-07T19:35:27.628+0200] {manager.py:485} INFO - Checking for new files in /home/rodrigo/Escritorio/BBDDAvanzadas/models/dag every 300 seconds
[2026-05-07T19:35:27.628+0200] {manager.py:821} INFO - Searching for files in /home/rodrigo/Escritorio/BBDDAvanzadas/models/dag
[2026-05-07T19:35:27.645+0200] {manager.py:824} INFO - There are 59 files in /home/rodrigo/Escritorio/BBDDAvanzadas/models/dag
[2026-05-07T19:35:27.836+0200] {manager.py:997} INFO - 
================================================================================
DAG File Processing Stats

File Path                                                                                                                                                  PID    Runtime      # DAGs    # Errors  Last Runtime    Last Run               Last # of DB Queries
---------------------------------------------------------------------------------------------------------------------------------------------------------  -----  ---------  --------  ----------  --------------  -------------------  ----------------------
/home/rodrigo/Escritorio/BBDDAvanzadas/models/dag/dag_sqlite.py                                                                                                                     1           0  0.16s           2026-05-07T17:35:27                      10
/home/rodrigo/Escritorio/BBDDAvanzadas/models/dag/dag_psql.py                                                                                                                       0           0                                                            0
/home/rodrigo/Escritorio/BBDDAvanzadas/.venv/lib/python3.12/site-packages/airflow/example_dags/example_time_delta_sensor_async.py                                                   0           0                                                            0
/home/rodrigo/Escritorio/BBDDAvanzadas/.venv/lib/python3.12/site-packages/airflow/example_dags/example_dynamic_task_mapping_with_no_taskflow_operators.py                           0           0                                                            0
/home/rodrigo/Escritorio/BBDDAvanzadas/.venv/lib/python3.12/site-packages/airflow/example_dags/tutorial_objectstorage.py                                                            0           0                                                            0
/home/rodrigo/Escritorio/BBDDAvanzadas/.venv/lib/python3.12/site-packages/airflow/example_dags/example_kubernetes_executor.py                                                       0           0                                                            0
/home/rodrigo/Escritorio/BBDDAvanzadas/.venv/lib/python3.12/site-packages/airflow/example_dags/example_task_group_decorator.py                                                      0           0                                                            0
/home/rodrigo/Escritorio/BBDDAvanzadas/.venv/lib/python3.12/site-packages/airflow/example_dags/example_task_group.py                                                                0           0                                                            0
/home/rodrigo/Escritorio/BBDDAvanzadas/.venv/lib/python3.12/site-packages/airflow/example_dags/example_display_name.py                                                              0           0                                                            0
/home/rodrigo/Escritorio/BBDDAvanzadas/.venv/lib/python3.12/site-packages/airflow/example_dags/example_skip_dag.py                                                                  0           0                                                            0
/home/rodrigo/Escritorio/BBDDAvanzadas/.venv/lib/python3.12/site-packages/airflow/example_dags/example_branch_labels.py                                                             0           0                                                            0
/home/rodrigo/Escritorio/BBDDAvanzadas/.venv/lib/python3.12/site-packages/airflow/example_dags/tutorial_taskflow_templates.py                                                       0           0                                                            0
/home/rodrigo/Escritorio/BBDDAvanzadas/.venv/lib/python3.12/site-packages/airflow/example_dags/example_local_kubernetes_executor.py                                                 0           0                                                            0
/home/rodrigo/Escritorio/BBDDAvanzadas/.venv/lib/python3.12/site-packages/airflow/example_dags/example_latest_only.py                                                               0           0                                                            0
/home/rodrigo/Escritorio/BBDDAvanzadas/.venv/lib/python3.12/site-packages/airflow/example_dags/example_workday_timetable.py                                                         0           0                                                            0
/home/rodrigo/Escritorio/BBDDAvanzadas/.venv/lib/python3.12/site-packages/airflow/example_dags/example_sla_dag.py                                                                   0           0                                                            0
/home/rodrigo/Escritorio/BBDDAvanzadas/.venv/lib/python3.12/site-packages/airflow/example_dags/example_xcomargs.py                                                                  0           0                                                            0
/home/rodrigo/Escritorio/BBDDAvanzadas/.venv/lib/python3.12/site-packages/airflow/example_dags/example_params_ui_tutorial.py                                                        0           0                                                            0
/home/rodrigo/Escritorio/BBDDAvanzadas/.venv/lib/python3.12/site-packages/airflow/example_dags/example_inlet_event_extra.py                                                         0           0                                                            0
/home/rodrigo/Escritorio/BBDDAvanzadas/.venv/lib/python3.12/site-packages/airflow/example_dags/example_bash_decorator.py                                                            0           0                                                            0
/home/rodrigo/Escritorio/BBDDAvanzadas/.venv/lib/python3.12/site-packages/airflow/example_dags/example_subdag_operator.py                                                           0           0                                                            0
/home/rodrigo/Escritorio/BBDDAvanzadas/.venv/lib/python3.12/site-packages/airflow/example_dags/example_branch_python_dop_operator_3.py                                              0           0                                                            0
/home/rodrigo/Escritorio/BBDDAvanzadas/.venv/lib/python3.12/site-packages/airflow/example_dags/example_dynamic_task_mapping.py                                                      0           0                                                            0
/home/rodrigo/Escritorio/BBDDAvanzadas/.venv/lib/python3.12/site-packages/airflow/example_dags/example_branch_day_of_week_operator.py                                               0           0                                                            0
/home/rodrigo/Escritorio/BBDDAvanzadas/.venv/lib/python3.12/site-packages/airflow/example_dags/example_outlet_event_extra.py                                                        0           0                                                            0
/home/rodrigo/Escritorio/BBDDAvanzadas/.venv/lib/python3.12/site-packages/airflow/example_dags/example_dataset_alias_with_no_taskflow.py                                            0           0                                                            0
/home/rodrigo/Escritorio/BBDDAvanzadas/.venv/lib/python3.12/site-packages/airflow/example_dags/example_nested_branch_dag.py                                                         0           0                                                            0
/home/rodrigo/Escritorio/BBDDAvanzadas/.venv/lib/python3.12/site-packages/airflow/example_dags/tutorial_dag.py                                                                      0           0                                                            0
/home/rodrigo/Escritorio/BBDDAvanzadas/.venv/lib/python3.12/site-packages/airflow/example_dags/example_python_operator.py                                                           0           0                                                            0
/home/rodrigo/Escritorio/BBDDAvanzadas/.venv/lib/python3.12/site-packages/airflow/example_dags/example_setup_teardown.py                                                            0           0                                                            0
/home/rodrigo/Escritorio/BBDDAvanzadas/.venv/lib/python3.12/site-packages/airflow/example_dags/example_python_decorator.py                                                          0           0                                                            0
/home/rodrigo/Escritorio/BBDDAvanzadas/.venv/lib/python3.12/site-packages/airflow/example_dags/example_params_trigger_ui.py                                                         0           0                                                            0
/home/rodrigo/Escritorio/BBDDAvanzadas/.venv/lib/python3.12/site-packages/airflow/example_dags/tutorial_taskflow_api.py                                                             0           0                                                            0
/home/rodrigo/Escritorio/BBDDAvanzadas/.venv/lib/python3.12/site-packages/airflow/example_dags/example_dataset_alias.py                                                             0           0                                                            0
/home/rodrigo/Escritorio/BBDDAvanzadas/.venv/lib/python3.12/site-packages/airflow/example_dags/example_trigger_target_dag.py                                                        0           0                                                            0
/home/rodrigo/Escritorio/BBDDAvanzadas/.venv/lib/python3.12/site-packages/airflow/example_dags/example_branch_operator.py                                                           0           0                                                            0
/home/rodrigo/Escritorio/BBDDAvanzadas/.venv/lib/python3.12/site-packages/airflow/example_dags/example_latest_only_with_trigger.py                                                  0           0                                                            0
/home/rodrigo/Escritorio/BBDDAvanzadas/.venv/lib/python3.12/site-packages/airflow/example_dags/example_trigger_controller_dag.py                                                    0           0                                                            0
/home/rodrigo/Escritorio/BBDDAvanzadas/.venv/lib/python3.12/site-packages/airflow/example_dags/example_sensors.py                                                                   0           0                                                            0
/home/rodrigo/Escritorio/BBDDAvanzadas/.venv/lib/python3.12/site-packages/airflow/example_dags/example_external_task_marker_dag.py                                                  0           0                                                            0
/home/rodrigo/Escritorio/BBDDAvanzadas/.venv/lib/python3.12/site-packages/airflow/example_dags/example_datasets.py                                                                  0           0                                                            0
/home/rodrigo/Escritorio/BBDDAvanzadas/.venv/lib/python3.12/site-packages/airflow/example_dags/example_xcom.py                                                                      0           0                                                            0
/home/rodrigo/Escritorio/BBDDAvanzadas/.venv/lib/python3.12/site-packages/airflow/example_dags/tutorial_taskflow_api_virtualenv.py                                                  0           0                                                            0
/home/rodrigo/Escritorio/BBDDAvanzadas/.venv/lib/python3.12/site-packages/airflow/example_dags/example_bash_operator.py                                                             0           0                                                            0
/home/rodrigo/Escritorio/BBDDAvanzadas/.venv/lib/python3.12/site-packages/airflow/example_dags/example_sensor_decorator.py                                                          0           0                                                            0
/home/rodrigo/Escritorio/BBDDAvanzadas/.venv/lib/python3.12/site-packages/airflow/example_dags/example_complex.py                                                                   0           0                                                            0
/home/rodrigo/Escritorio/BBDDAvanzadas/.venv/lib/python3.12/site-packages/airflow/example_dags/example_branch_datetime_operator.py                                                  0           0                                                            0
/home/rodrigo/Escritorio/BBDDAvanzadas/.venv/lib/python3.12/site-packages/airflow/example_dags/example_passing_params_via_test_command.py                                           0           0                                                            0
/home/rodrigo/Escritorio/BBDDAvanzadas/.venv/lib/python3.12/site-packages/airflow/example_dags/example_dag_decorator.py                                                             0           0                                                            0
/home/rodrigo/Escritorio/BBDDAvanzadas/.venv/lib/python3.12/site-packages/airflow/example_dags/example_short_circuit_decorator.py                                                   0           0                                                            0
/home/rodrigo/Escritorio/BBDDAvanzadas/.venv/lib/python3.12/site-packages/airflow/example_dags/example_setup_teardown_taskflow.py                                                   0           0                                                            0
/home/rodrigo/Escritorio/BBDDAvanzadas/.venv/lib/python3.12/site-packages/airflow/example_dags/tutorial.py                                                                          0           0                                                            0
/home/rodrigo/Escritorio/BBDDAvanzadas/.venv/lib/python3.12/site-packages/airflow/example_dags/example_branch_operator_decorator.py                                                 0           0                                                            0
/home/rodrigo/Escritorio/BBDDAvanzadas/.venv/lib/python3.12/site-packages/airflow/example_dags/example_short_circuit_operator.py                                                    0           0                                                            0
/home/rodrigo/Escritorio/BBDDAvanzadas/.venv/lib/python3.12/site-packages/airflow/example_dags/plugins/listener_plugin.py                                                           0           0                                                            0
/home/rodrigo/Escritorio/BBDDAvanzadas/.venv/lib/python3.12/site-packages/airflow/example_dags/plugins/decreasing_priority_weight_strategy.py                                       0           0                                                            0
/home/rodrigo/Escritorio/BBDDAvanzadas/.venv/lib/python3.12/site-packages/airflow/example_dags/plugins/workday.py                                                                   0           0                                                            0
/home/rodrigo/Escritorio/BBDDAvanzadas/.venv/lib/python3.12/site-packages/airflow/example_dags/plugins/event_listener.py                                                            0           0                                                            0
/home/rodrigo/Escritorio/BBDDAvanzadas/.venv/lib/python3.12/site-packages/airflow/example_dags/subdags/subdag.py                                                                    0           0                                                            0
================================================================================
[2026-05-07T19:35:33.523+0200] {manager.py:465} INFO - Exiting gracefully upon receiving signal 15
[2026-05-07T19:36:57.453+0200] {manager.py:483} INFO - Processing files using up to 1 processes at a time 
[2026-05-07T19:36:57.453+0200] {manager.py:484} INFO - Process each file at most once every 30 seconds
[2026-05-07T19:36:57.454+0200] {manager.py:485} INFO - Checking for new files in /home/rodrigo/Escritorio/BBDDAvanzadas/models/dag every 300 seconds
[2026-05-07T19:36:57.454+0200] {manager.py:821} INFO - Searching for files in /home/rodrigo/Escritorio/BBDDAvanzadas/models/dag
[2026-05-07T19:36:57.467+0200] {manager.py:824} INFO - There are 59 files in /home/rodrigo/Escritorio/BBDDAvanzadas/models/dag
[2026-05-07T19:36:57.640+0200] {manager.py:997} INFO - 
================================================================================
DAG File Processing Stats

File Path                                                                                                                                                  PID    Runtime      # DAGs    # Errors  Last Runtime    Last Run               Last # of DB Queries
---------------------------------------------------------------------------------------------------------------------------------------------------------  -----  ---------  --------  ----------  --------------  -------------------  ----------------------
/home/rodrigo/Escritorio/BBDDAvanzadas/models/dag/dag_sqlite.py                                                                                                                     1           0  0.12s           2026-05-07T17:36:57                      10
/home/rodrigo/Escritorio/BBDDAvanzadas/models/dag/dag_psql.py                                                                                                                       0           0                                                            0
/home/rodrigo/Escritorio/BBDDAvanzadas/.venv/lib/python3.12/site-packages/airflow/example_dags/example_time_delta_sensor_async.py                                                   0           0                                                            0
/home/rodrigo/Escritorio/BBDDAvanzadas/.venv/lib/python3.12/site-packages/airflow/example_dags/example_dynamic_task_mapping_with_no_taskflow_operators.py                           0           0                                                            0
/home/rodrigo/Escritorio/BBDDAvanzadas/.venv/lib/python3.12/site-packages/airflow/example_dags/tutorial_objectstorage.py                                                            0           0                                                            0
/home/rodrigo/Escritorio/BBDDAvanzadas/.venv/lib/python3.12/site-packages/airflow/example_dags/example_kubernetes_executor.py                                                       0           0                                                            0
/home/rodrigo/Escritorio/BBDDAvanzadas/.venv/lib/python3.12/site-packages/airflow/example_dags/example_task_group_decorator.py                                                      0           0                                                            0
/home/rodrigo/Escritorio/BBDDAvanzadas/.venv/lib/python3.12/site-packages/airflow/example_dags/example_task_group.py                                                                0           0                                                            0
/home/rodrigo/Escritorio/BBDDAvanzadas/.venv/lib/python3.12/site-packages/airflow/example_dags/example_display_name.py                                                              0           0                                                            0
/home/rodrigo/Escritorio/BBDDAvanzadas/.venv/lib/python3.12/site-packages/airflow/example_dags/example_skip_dag.py                                                                  0           0                                                            0
/home/rodrigo/Escritorio/BBDDAvanzadas/.venv/lib/python3.12/site-packages/airflow/example_dags/example_branch_labels.py                                                             0           0                                                            0
/home/rodrigo/Escritorio/BBDDAvanzadas/.venv/lib/python3.12/site-packages/airflow/example_dags/tutorial_taskflow_templates.py                                                       0           0                                                            0
/home/rodrigo/Escritorio/BBDDAvanzadas/.venv/lib/python3.12/site-packages/airflow/example_dags/example_local_kubernetes_executor.py                                                 0           0                                                            0
/home/rodrigo/Escritorio/BBDDAvanzadas/.venv/lib/python3.12/site-packages/airflow/example_dags/example_latest_only.py                                                               0           0                                                            0
/home/rodrigo/Escritorio/BBDDAvanzadas/.venv/lib/python3.12/site-packages/airflow/example_dags/example_workday_timetable.py                                                         0           0                                                            0
/home/rodrigo/Escritorio/BBDDAvanzadas/.venv/lib/python3.12/site-packages/airflow/example_dags/example_sla_dag.py                                                                   0           0                                                            0
/home/rodrigo/Escritorio/BBDDAvanzadas/.venv/lib/python3.12/site-packages/airflow/example_dags/example_xcomargs.py                                                                  0           0                                                            0
/home/rodrigo/Escritorio/BBDDAvanzadas/.venv/lib/python3.12/site-packages/airflow/example_dags/example_params_ui_tutorial.py                                                        0           0                                                            0
/home/rodrigo/Escritorio/BBDDAvanzadas/.venv/lib/python3.12/site-packages/airflow/example_dags/example_inlet_event_extra.py                                                         0           0                                                            0
/home/rodrigo/Escritorio/BBDDAvanzadas/.venv/lib/python3.12/site-packages/airflow/example_dags/example_bash_decorator.py                                                            0           0                                                            0
/home/rodrigo/Escritorio/BBDDAvanzadas/.venv/lib/python3.12/site-packages/airflow/example_dags/example_subdag_operator.py                                                           0           0                                                            0
/home/rodrigo/Escritorio/BBDDAvanzadas/.venv/lib/python3.12/site-packages/airflow/example_dags/example_branch_python_dop_operator_3.py                                              0           0                                                            0
/home/rodrigo/Escritorio/BBDDAvanzadas/.venv/lib/python3.12/site-packages/airflow/example_dags/example_dynamic_task_mapping.py                                                      0           0                                                            0
/home/rodrigo/Escritorio/BBDDAvanzadas/.venv/lib/python3.12/site-packages/airflow/example_dags/example_branch_day_of_week_operator.py                                               0           0                                                            0
/home/rodrigo/Escritorio/BBDDAvanzadas/.venv/lib/python3.12/site-packages/airflow/example_dags/example_outlet_event_extra.py                                                        0           0                                                            0
/home/rodrigo/Escritorio/BBDDAvanzadas/.venv/lib/python3.12/site-packages/airflow/example_dags/example_dataset_alias_with_no_taskflow.py                                            0           0                                                            0
/home/rodrigo/Escritorio/BBDDAvanzadas/.venv/lib/python3.12/site-packages/airflow/example_dags/example_nested_branch_dag.py                                                         0           0                                                            0
/home/rodrigo/Escritorio/BBDDAvanzadas/.venv/lib/python3.12/site-packages/airflow/example_dags/tutorial_dag.py                                                                      0           0                                                            0
/home/rodrigo/Escritorio/BBDDAvanzadas/.venv/lib/python3.12/site-packages/airflow/example_dags/example_python_operator.py                                                           0           0                                                            0
/home/rodrigo/Escritorio/BBDDAvanzadas/.venv/lib/python3.12/site-packages/airflow/example_dags/example_setup_teardown.py                                                            0           0                                                            0
/home/rodrigo/Escritorio/BBDDAvanzadas/.venv/lib/python3.12/site-packages/airflow/example_dags/example_python_decorator.py                                                          0           0                                                            0
/home/rodrigo/Escritorio/BBDDAvanzadas/.venv/lib/python3.12/site-packages/airflow/example_dags/example_params_trigger_ui.py                                                         0           0                                                            0
/home/rodrigo/Escritorio/BBDDAvanzadas/.venv/lib/python3.12/site-packages/airflow/example_dags/tutorial_taskflow_api.py                                                             0           0                                                            0
/home/rodrigo/Escritorio/BBDDAvanzadas/.venv/lib/python3.12/site-packages/airflow/example_dags/example_dataset_alias.py                                                             0           0                                                            0
/home/rodrigo/Escritorio/BBDDAvanzadas/.venv/lib/python3.12/site-packages/airflow/example_dags/example_trigger_target_dag.py                                                        0           0                                                            0
/home/rodrigo/Escritorio/BBDDAvanzadas/.venv/lib/python3.12/site-packages/airflow/example_dags/example_branch_operator.py                                                           0           0                                                            0
/home/rodrigo/Escritorio/BBDDAvanzadas/.venv/lib/python3.12/site-packages/airflow/example_dags/example_latest_only_with_trigger.py                                                  0           0                                                            0
/home/rodrigo/Escritorio/BBDDAvanzadas/.venv/lib/python3.12/site-packages/airflow/example_dags/example_trigger_controller_dag.py                                                    0           0                                                            0
/home/rodrigo/Escritorio/BBDDAvanzadas/.venv/lib/python3.12/site-packages/airflow/example_dags/example_sensors.py                                                                   0           0                                                            0
/home/rodrigo/Escritorio/BBDDAvanzadas/.venv/lib/python3.12/site-packages/airflow/example_dags/example_external_task_marker_dag.py                                                  0           0                                                            0
/home/rodrigo/Escritorio/BBDDAvanzadas/.venv/lib/python3.12/site-packages/airflow/example_dags/example_datasets.py                                                                  0           0                                                            0
/home/rodrigo/Escritorio/BBDDAvanzadas/.venv/lib/python3.12/site-packages/airflow/example_dags/example_xcom.py                                                                      0           0                                                            0
/home/rodrigo/Escritorio/BBDDAvanzadas/.venv/lib/python3.12/site-packages/airflow/example_dags/tutorial_taskflow_api_virtualenv.py                                                  0           0                                                            0
/home/rodrigo/Escritorio/BBDDAvanzadas/.venv/lib/python3.12/site-packages/airflow/example_dags/example_bash_operator.py                                                             0           0                                                            0
/home/rodrigo/Escritorio/BBDDAvanzadas/.venv/lib/python3.12/site-packages/airflow/example_dags/example_sensor_decorator.py                                                          0           0                                                            0
/home/rodrigo/Escritorio/BBDDAvanzadas/.venv/lib/python3.12/site-packages/airflow/example_dags/example_complex.py                                                                   0           0                                                            0
/home/rodrigo/Escritorio/BBDDAvanzadas/.venv/lib/python3.12/site-packages/airflow/example_dags/example_branch_datetime_operator.py                                                  0           0                                                            0
/home/rodrigo/Escritorio/BBDDAvanzadas/.venv/lib/python3.12/site-packages/airflow/example_dags/example_passing_params_via_test_command.py                                           0           0                                                            0
/home/rodrigo/Escritorio/BBDDAvanzadas/.venv/lib/python3.12/site-packages/airflow/example_dags/example_dag_decorator.py                                                             0           0                                                            0
/home/rodrigo/Escritorio/BBDDAvanzadas/.venv/lib/python3.12/site-packages/airflow/example_dags/example_short_circuit_decorator.py                                                   0           0                                                            0
/home/rodrigo/Escritorio/BBDDAvanzadas/.venv/lib/python3.12/site-packages/airflow/example_dags/example_setup_teardown_taskflow.py                                                   0           0                                                            0
/home/rodrigo/Escritorio/BBDDAvanzadas/.venv/lib/python3.12/site-packages/airflow/example_dags/tutorial.py                                                                          0           0                                                            0
/home/rodrigo/Escritorio/BBDDAvanzadas/.venv/lib/python3.12/site-packages/airflow/example_dags/example_branch_operator_decorator.py                                                 0           0                                                            0
/home/rodrigo/Escritorio/BBDDAvanzadas/.venv/lib/python3.12/site-packages/airflow/example_dags/example_short_circuit_operator.py                                                    0           0                                                            0
/home/rodrigo/Escritorio/BBDDAvanzadas/.venv/lib/python3.12/site-packages/airflow/example_dags/plugins/listener_plugin.py                                                           0           0                                                            0
/home/rodrigo/Escritorio/BBDDAvanzadas/.venv/lib/python3.12/site-packages/airflow/example_dags/plugins/decreasing_priority_weight_strategy.py                                       0           0                                                            0
/home/rodrigo/Escritorio/BBDDAvanzadas/.venv/lib/python3.12/site-packages/airflow/example_dags/plugins/workday.py                                                                   0           0                                                            0
/home/rodrigo/Escritorio/BBDDAvanzadas/.venv/lib/python3.12/site-packages/airflow/example_dags/plugins/event_listener.py                                                            0           0                                                            0
/home/rodrigo/Escritorio/BBDDAvanzadas/.venv/lib/python3.12/site-packages/airflow/example_dags/subdags/subdag.py                                                                    0           0                                                            0
================================================================================
[2026-05-07T19:37:27.842+0200] {manager.py:997} INFO - 
================================================================================
DAG File Processing Stats

File Path                                                                                                                                                  PID    Runtime      # DAGs    # Errors  Last Runtime    Last Run               Last # of DB Queries
---------------------------------------------------------------------------------------------------------------------------------------------------------  -----  ---------  --------  ----------  --------------  -------------------  ----------------------
/home/rodrigo/Escritorio/BBDDAvanzadas/models/dag/dag_psql.py                                                                                                                       1           0  0.33s           2026-05-07T17:36:59                      10
/home/rodrigo/Escritorio/BBDDAvanzadas/.venv/lib/python3.12/site-packages/airflow/example_dags/tutorial.py                                                                          1           0  0.32s           2026-05-07T17:37:10                      12
/home/rodrigo/Escritorio/BBDDAvanzadas/.venv/lib/python3.12/site-packages/airflow/example_dags/example_short_circuit_decorator.py                                                   1           0  0.24s           2026-05-07T17:37:23                      10
/home/rodrigo/Escritorio/BBDDAvanzadas/.venv/lib/python3.12/site-packages/airflow/example_dags/example_xcom.py                                                                      1           0  0.23s           2026-05-07T17:37:12                      12
/home/rodrigo/Escritorio/BBDDAvanzadas/.venv/lib/python3.12/site-packages/airflow/example_dags/subdags/subdag.py                                                                    0           0  0.23s           2026-05-07T17:37:00                       3
/home/rodrigo/Escritorio/BBDDAvanzadas/.venv/lib/python3.12/site-packages/airflow/example_dags/example_subdag_operator.py                                                           3           0  0.22s           2026-05-07T17:37:19                      20
/home/rodrigo/Escritorio/BBDDAvanzadas/.venv/lib/python3.12/site-packages/airflow/example_dags/tutorial_dag.py                                                                      1           0  0.21s           2026-05-07T17:37:09                      10
/home/rodrigo/Escritorio/BBDDAvanzadas/.venv/lib/python3.12/site-packages/airflow/example_dags/example_task_group_decorator.py                                                      1           0  0.21s           2026-05-07T17:37:17                      10
/home/rodrigo/Escritorio/BBDDAvanzadas/.venv/lib/python3.12/site-packages/airflow/example_dags/example_trigger_controller_dag.py                                                    1           0  0.19s           2026-05-07T17:37:15                      12
/home/rodrigo/Escritorio/BBDDAvanzadas/.venv/lib/python3.12/site-packages/airflow/example_dags/example_setup_teardown_taskflow.py                                                   1           0  0.16s           2026-05-07T17:37:24                      10
/home/rodrigo/Escritorio/BBDDAvanzadas/.venv/lib/python3.12/site-packages/airflow/example_dags/example_setup_teardown.py                                                            1           0  0.15s           2026-05-07T17:37:25                      10
/home/rodrigo/Escritorio/BBDDAvanzadas/.venv/lib/python3.12/site-packages/airflow/example_dags/tutorial_taskflow_templates.py                                                       1           0  0.12s           2026-05-07T17:37:06                      12
/home/rodrigo/Escritorio/BBDDAvanzadas/.venv/lib/python3.12/site-packages/airflow/example_dags/plugins/listener_plugin.py                                                           0           0  0.12s           2026-05-07T17:37:02                       3
/home/rodrigo/Escritorio/BBDDAvanzadas/.venv/lib/python3.12/site-packages/airflow/example_dags/example_trigger_target_dag.py                                                        1           0  0.12s           2026-05-07T17:37:14                      10
/home/rodrigo/Escritorio/BBDDAvanzadas/models/dag/dag_sqlite.py                                                                                                                     1           0  0.12s           2026-05-07T17:36:57                      10
/home/rodrigo/Escritorio/BBDDAvanzadas/.venv/lib/python3.12/site-packages/airflow/example_dags/example_skip_dag.py                                                                  1           0  0.11s           2026-05-07T17:37:21                      12
/home/rodrigo/Escritorio/BBDDAvanzadas/.venv/lib/python3.12/site-packages/airflow/example_dags/example_short_circuit_operator.py                                                    1           0  0.11s           2026-05-07T17:37:22                      10
/home/rodrigo/Escritorio/BBDDAvanzadas/.venv/lib/python3.12/site-packages/airflow/example_dags/example_sensor_decorator.py                                                          1           0  0.11s           2026-05-07T17:37:27                      10
/home/rodrigo/Escritorio/BBDDAvanzadas/.venv/lib/python3.12/site-packages/airflow/example_dags/plugins/workday.py                                                                   0           0  0.11s           2026-05-07T17:37:01                       3
/home/rodrigo/Escritorio/BBDDAvanzadas/.venv/lib/python3.12/site-packages/airflow/example_dags/example_workday_timetable.py                                                         1           0  0.11s           2026-05-07T17:37:12                      12
/home/rodrigo/Escritorio/BBDDAvanzadas/.venv/lib/python3.12/site-packages/airflow/example_dags/tutorial_objectstorage.py                                                            1           0  0.11s           2026-05-07T17:37:07                      10
/home/rodrigo/Escritorio/BBDDAvanzadas/.venv/lib/python3.12/site-packages/airflow/example_dags/plugins/event_listener.py                                                            0           0  0.11s           2026-05-07T17:37:03                       3
/home/rodrigo/Escritorio/BBDDAvanzadas/.venv/lib/python3.12/site-packages/airflow/example_dags/tutorial_taskflow_api_virtualenv.py                                                  0           0  0.11s           2026-05-07T17:37:07                       3
/home/rodrigo/Escritorio/BBDDAvanzadas/.venv/lib/python3.12/site-packages/airflow/example_dags/example_time_delta_sensor_async.py                                                   1           0  0.11s           2026-05-07T17:37:16                      10
/home/rodrigo/Escritorio/BBDDAvanzadas/.venv/lib/python3.12/site-packages/airflow/example_dags/example_xcomargs.py                                                                  2           0  0.11s           2026-05-07T17:37:11                      13
/home/rodrigo/Escritorio/BBDDAvanzadas/.venv/lib/python3.12/site-packages/airflow/example_dags/example_task_group.py                                                                1           0  0.11s           2026-05-07T17:37:18                      10
/home/rodrigo/Escritorio/BBDDAvanzadas/.venv/lib/python3.12/site-packages/airflow/example_dags/example_sla_dag.py                                                                   1           0  0.11s           2026-05-07T17:37:20                      12
/home/rodrigo/Escritorio/BBDDAvanzadas/.venv/lib/python3.12/site-packages/airflow/example_dags/tutorial_taskflow_api.py                                                             1           0  0.11s           2026-05-07T17:37:07                      10
/home/rodrigo/Escritorio/BBDDAvanzadas/.venv/lib/python3.12/site-packages/airflow/example_dags/example_sensors.py                                                                   1           0  0.11s           2026-05-07T17:37:27                      10
/home/rodrigo/Escritorio/BBDDAvanzadas/.venv/lib/python3.12/site-packages/airflow/example_dags/plugins/decreasing_priority_weight_strategy.py                                       0           0  0.11s           2026-05-07T17:37:05                       3
/home/rodrigo/Escritorio/BBDDAvanzadas/.venv/lib/python3.12/site-packages/airflow/example_dags/example_dynamic_task_mapping_with_no_taskflow_operators.py                           0           0                                                            0
/home/rodrigo/Escritorio/BBDDAvanzadas/.venv/lib/python3.12/site-packages/airflow/example_dags/example_kubernetes_executor.py                                                       0           0                                                            0
/home/rodrigo/Escritorio/BBDDAvanzadas/.venv/lib/python3.12/site-packages/airflow/example_dags/example_display_name.py                                                              0           0                                                            0
/home/rodrigo/Escritorio/BBDDAvanzadas/.venv/lib/python3.12/site-packages/airflow/example_dags/example_branch_labels.py                                                             0           0                                                            0
/home/rodrigo/Escritorio/BBDDAvanzadas/.venv/lib/python3.12/site-packages/airflow/example_dags/example_local_kubernetes_executor.py                                                 0           0                                                            0
/home/rodrigo/Escritorio/BBDDAvanzadas/.venv/lib/python3.12/site-packages/airflow/example_dags/example_latest_only.py                                                               0           0                                                            0
/home/rodrigo/Escritorio/BBDDAvanzadas/.venv/lib/python3.12/site-packages/airflow/example_dags/example_params_ui_tutorial.py                                                        0           0                                                            0
/home/rodrigo/Escritorio/BBDDAvanzadas/.venv/lib/python3.12/site-packages/airflow/example_dags/example_inlet_event_extra.py                                                         0           0                                                            0
/home/rodrigo/Escritorio/BBDDAvanzadas/.venv/lib/python3.12/site-packages/airflow/example_dags/example_bash_decorator.py                                                            0           0                                                            0
/home/rodrigo/Escritorio/BBDDAvanzadas/.venv/lib/python3.12/site-packages/airflow/example_dags/example_branch_python_dop_operator_3.py                                              0           0                                                            0
/home/rodrigo/Escritorio/BBDDAvanzadas/.venv/lib/python3.12/site-packages/airflow/example_dags/example_dynamic_task_mapping.py                                                      0           0                                                            0
/home/rodrigo/Escritorio/BBDDAvanzadas/.venv/lib/python3.12/site-packages/airflow/example_dags/example_branch_day_of_week_operator.py                                               0           0                                                            0
/home/rodrigo/Escritorio/BBDDAvanzadas/.venv/lib/python3.12/site-packages/airflow/example_dags/example_outlet_event_extra.py                                                        0           0                                                            0
/home/rodrigo/Escritorio/BBDDAvanzadas/.venv/lib/python3.12/site-packages/airflow/example_dags/example_dataset_alias_with_no_taskflow.py                                            0           0                                                            0
/home/rodrigo/Escritorio/BBDDAvanzadas/.venv/lib/python3.12/site-packages/airflow/example_dags/example_nested_branch_dag.py                                                         0           0                                                            0
/home/rodrigo/Escritorio/BBDDAvanzadas/.venv/lib/python3.12/site-packages/airflow/example_dags/example_python_operator.py                                                           0           0                                                            0
/home/rodrigo/Escritorio/BBDDAvanzadas/.venv/lib/python3.12/site-packages/airflow/example_dags/example_python_decorator.py                                                          0           0                                                            0
/home/rodrigo/Escritorio/BBDDAvanzadas/.venv/lib/python3.12/site-packages/airflow/example_dags/example_params_trigger_ui.py                                                         0           0                                                            0
/home/rodrigo/Escritorio/BBDDAvanzadas/.venv/lib/python3.12/site-packages/airflow/example_dags/example_dataset_alias.py                                                             0           0                                                            0
/home/rodrigo/Escritorio/BBDDAvanzadas/.venv/lib/python3.12/site-packages/airflow/example_dags/example_branch_operator.py                                                           0           0                                                            0
/home/rodrigo/Escritorio/BBDDAvanzadas/.venv/lib/python3.12/site-packages/airflow/example_dags/example_latest_only_with_trigger.py                                                  0           0                                                            0
/home/rodrigo/Escritorio/BBDDAvanzadas/.venv/lib/python3.12/site-packages/airflow/example_dags/example_external_task_marker_dag.py                                                  0           0                                                            0
/home/rodrigo/Escritorio/BBDDAvanzadas/.venv/lib/python3.12/site-packages/airflow/example_dags/example_datasets.py                                                                  0           0                                                            0
/home/rodrigo/Escritorio/BBDDAvanzadas/.venv/lib/python3.12/site-packages/airflow/example_dags/example_bash_operator.py                                                             0           0                                                            0
/home/rodrigo/Escritorio/BBDDAvanzadas/.venv/lib/python3.12/site-packages/airflow/example_dags/example_complex.py                                                                   0           0                                                            0
/home/rodrigo/Escritorio/BBDDAvanzadas/.venv/lib/python3.12/site-packages/airflow/example_dags/example_branch_datetime_operator.py                                                  0           0                                                            0
/home/rodrigo/Escritorio/BBDDAvanzadas/.venv/lib/python3.12/site-packages/airflow/example_dags/example_passing_params_via_test_command.py                                           0           0                                                            0
/home/rodrigo/Escritorio/BBDDAvanzadas/.venv/lib/python3.12/site-packages/airflow/example_dags/example_dag_decorator.py                                                             0           0                                                            0
/home/rodrigo/Escritorio/BBDDAvanzadas/.venv/lib/python3.12/site-packages/airflow/example_dags/example_branch_operator_decorator.py                                                 0           0                                                            0
================================================================================
[2026-05-07T19:37:58.499+0200] {manager.py:997} INFO - 
================================================================================
DAG File Processing Stats

File Path                                                                                                                                                  PID    Runtime      # DAGs    # Errors  Last Runtime    Last Run               Last # of DB Queries
---------------------------------------------------------------------------------------------------------------------------------------------------------  -----  ---------  --------  ----------  --------------  -------------------  ----------------------
/home/rodrigo/Escritorio/BBDDAvanzadas/.venv/lib/python3.12/site-packages/airflow/example_dags/example_bash_decorator.py                                                            1           0  0.45s           2026-05-07T17:37:58                      32
/home/rodrigo/Escritorio/BBDDAvanzadas/.venv/lib/python3.12/site-packages/airflow/example_dags/example_outlet_event_extra.py                                                        3           0  0.34s           2026-05-07T17:37:34                      19
/home/rodrigo/Escritorio/BBDDAvanzadas/.venv/lib/python3.12/site-packages/airflow/example_dags/example_params_trigger_ui.py                                                         1           0  0.33s           2026-05-07T17:37:33                      10
/home/rodrigo/Escritorio/BBDDAvanzadas/models/dag/dag_psql.py                                                                                                                       1           0  0.33s           2026-05-07T17:36:59                      10
/home/rodrigo/Escritorio/BBDDAvanzadas/.venv/lib/python3.12/site-packages/airflow/example_dags/tutorial.py                                                                          1           0  0.32s           2026-05-07T17:37:10                      12
/home/rodrigo/Escritorio/BBDDAvanzadas/.venv/lib/python3.12/site-packages/airflow/example_dags/example_dag_decorator.py                                                             1           0  0.29s           2026-05-07T17:37:49                      32
/home/rodrigo/Escritorio/BBDDAvanzadas/.venv/lib/python3.12/site-packages/airflow/example_dags/example_short_circuit_decorator.py                                                   1           0  0.24s           2026-05-07T17:37:23                      10
/home/rodrigo/Escritorio/BBDDAvanzadas/.venv/lib/python3.12/site-packages/airflow/example_dags/example_display_name.py                                                              1           0  0.24s           2026-05-07T17:37:45                      10
/home/rodrigo/Escritorio/BBDDAvanzadas/.venv/lib/python3.12/site-packages/airflow/example_dags/example_xcom.py                                                                      1           0  0.23s           2026-05-07T17:37:12                      12
/home/rodrigo/Escritorio/BBDDAvanzadas/.venv/lib/python3.12/site-packages/airflow/example_dags/subdags/subdag.py                                                                    0           0  0.23s           2026-05-07T17:37:00                       3
/home/rodrigo/Escritorio/BBDDAvanzadas/.venv/lib/python3.12/site-packages/airflow/example_dags/example_dynamic_task_mapping.py                                                      1           0  0.22s           2026-05-07T17:37:44                      10
/home/rodrigo/Escritorio/BBDDAvanzadas/.venv/lib/python3.12/site-packages/airflow/example_dags/example_subdag_operator.py                                                           3           0  0.22s           2026-05-07T17:37:19                      20
/home/rodrigo/Escritorio/BBDDAvanzadas/.venv/lib/python3.12/site-packages/airflow/example_dags/example_latest_only.py                                                               1           0  0.22s           2026-05-07T17:37:39                      12
/home/rodrigo/Escritorio/BBDDAvanzadas/.venv/lib/python3.12/site-packages/airflow/example_dags/example_inlet_event_extra.py                                                         2           0  0.22s           2026-05-07T17:37:41                      15
/home/rodrigo/Escritorio/BBDDAvanzadas/.venv/lib/python3.12/site-packages/airflow/example_dags/example_nested_branch_dag.py                                                         1           0  0.22s           2026-05-07T17:37:35                      12
/home/rodrigo/Escritorio/BBDDAvanzadas/.venv/lib/python3.12/site-packages/airflow/example_dags/example_latest_only_with_trigger.py                                                  1           0  0.22s           2026-05-07T17:37:37                      12
/home/rodrigo/Escritorio/BBDDAvanzadas/.venv/lib/python3.12/site-packages/airflow/example_dags/example_python_operator.py                                                           1           0  0.22s           2026-05-07T17:37:28                      10
/home/rodrigo/Escritorio/BBDDAvanzadas/.venv/lib/python3.12/site-packages/airflow/example_dags/example_python_decorator.py                                                          1           0  0.22s           2026-05-07T17:37:29                      10
/home/rodrigo/Escritorio/BBDDAvanzadas/.venv/lib/python3.12/site-packages/airflow/example_dags/example_datasets.py                                                                 10           0  0.21s           2026-05-07T17:37:46                      49
/home/rodrigo/Escritorio/BBDDAvanzadas/.venv/lib/python3.12/site-packages/airflow/example_dags/tutorial_dag.py                                                                      1           0  0.21s           2026-05-07T17:37:09                      10
/home/rodrigo/Escritorio/BBDDAvanzadas/.venv/lib/python3.12/site-packages/airflow/example_dags/example_branch_day_of_week_operator.py                                               1           0  0.21s           2026-05-07T17:37:56                      12
/home/rodrigo/Escritorio/BBDDAvanzadas/.venv/lib/python3.12/site-packages/airflow/example_dags/example_task_group_decorator.py                                                      1           0  0.21s           2026-05-07T17:37:17                      10
/home/rodrigo/Escritorio/BBDDAvanzadas/.venv/lib/python3.12/site-packages/airflow/example_dags/example_trigger_controller_dag.py                                                    1           0  0.19s           2026-05-07T17:37:15                      12
/home/rodrigo/Escritorio/BBDDAvanzadas/.venv/lib/python3.12/site-packages/airflow/example_dags/example_setup_teardown_taskflow.py                                                   1           0  0.16s           2026-05-07T17:37:24                      10
/home/rodrigo/Escritorio/BBDDAvanzadas/.venv/lib/python3.12/site-packages/airflow/example_dags/example_setup_teardown.py                                                            1           0  0.15s           2026-05-07T17:37:25                      10
/home/rodrigo/Escritorio/BBDDAvanzadas/.venv/lib/python3.12/site-packages/airflow/example_dags/example_complex.py                                                                   1           0  0.13s           2026-05-07T17:37:50                      10
/home/rodrigo/Escritorio/BBDDAvanzadas/.venv/lib/python3.12/site-packages/airflow/example_dags/example_bash_operator.py                                                             1           0  0.13s           2026-05-07T17:37:57                      12
/home/rodrigo/Escritorio/BBDDAvanzadas/.venv/lib/python3.12/site-packages/airflow/example_dags/example_params_ui_tutorial.py                                                        1           0  0.12s           2026-05-07T17:37:32                      10
/home/rodrigo/Escritorio/BBDDAvanzadas/.venv/lib/python3.12/site-packages/airflow/example_dags/tutorial_taskflow_templates.py                                                       1           0  0.12s           2026-05-07T17:37:06                      12
/home/rodrigo/Escritorio/BBDDAvanzadas/.venv/lib/python3.12/site-packages/airflow/example_dags/plugins/listener_plugin.py                                                           0           0  0.12s           2026-05-07T17:37:02                       3
/home/rodrigo/Escritorio/BBDDAvanzadas/.venv/lib/python3.12/site-packages/airflow/example_dags/example_dynamic_task_mapping_with_no_taskflow_operators.py                           1           0  0.12s           2026-05-07T17:37:42                      10
/home/rodrigo/Escritorio/BBDDAvanzadas/.venv/lib/python3.12/site-packages/airflow/example_dags/example_trigger_target_dag.py                                                        1           0  0.12s           2026-05-07T17:37:14                      10
/home/rodrigo/Escritorio/BBDDAvanzadas/models/dag/dag_sqlite.py                                                                                                                     1           0  0.12s           2026-05-07T17:36:57                      10
/home/rodrigo/Escritorio/BBDDAvanzadas/.venv/lib/python3.12/site-packages/airflow/example_dags/example_kubernetes_executor.py                                                       0           0  0.12s           2026-05-07T17:37:40                       3
/home/rodrigo/Escritorio/BBDDAvanzadas/.venv/lib/python3.12/site-packages/airflow/example_dags/example_skip_dag.py                                                                  1           0  0.11s           2026-05-07T17:37:21                      12
/home/rodrigo/Escritorio/BBDDAvanzadas/.venv/lib/python3.12/site-packages/airflow/example_dags/example_dataset_alias.py                                                             4           0  0.11s           2026-05-07T17:37:49                      27
/home/rodrigo/Escritorio/BBDDAvanzadas/.venv/lib/python3.12/site-packages/airflow/example_dags/example_branch_labels.py                                                             1           0  0.11s           2026-05-07T17:37:54                      12
/home/rodrigo/Escritorio/BBDDAvanzadas/.venv/lib/python3.12/site-packages/airflow/example_dags/example_dataset_alias_with_no_taskflow.py                                            4           0  0.11s           2026-05-07T17:37:48                      27
/home/rodrigo/Escritorio/BBDDAvanzadas/.venv/lib/python3.12/site-packages/airflow/example_dags/example_passing_params_via_test_command.py                                           1           0  0.11s           2026-05-07T17:37:31                      12
/home/rodrigo/Escritorio/BBDDAvanzadas/.venv/lib/python3.12/site-packages/airflow/example_dags/example_short_circuit_operator.py                                                    1           0  0.11s           2026-05-07T17:37:22                      10
/home/rodrigo/Escritorio/BBDDAvanzadas/.venv/lib/python3.12/site-packages/airflow/example_dags/example_local_kubernetes_executor.py                                                 0           0  0.11s           2026-05-07T17:37:36                       3
/home/rodrigo/Escritorio/BBDDAvanzadas/.venv/lib/python3.12/site-packages/airflow/example_dags/example_sensor_decorator.py                                                          1           0  0.11s           2026-05-07T17:37:27                      10
/home/rodrigo/Escritorio/BBDDAvanzadas/.venv/lib/python3.12/site-packages/airflow/example_dags/plugins/workday.py                                                                   0           0  0.11s           2026-05-07T17:37:01                       3
/home/rodrigo/Escritorio/BBDDAvanzadas/.venv/lib/python3.12/site-packages/airflow/example_dags/example_branch_operator_decorator.py                                                 0           0  0.11s           2026-05-07T17:37:53                       3
/home/rodrigo/Escritorio/BBDDAvanzadas/.venv/lib/python3.12/site-packages/airflow/example_dags/example_workday_timetable.py                                                         1           0  0.11s           2026-05-07T17:37:12                      12
/home/rodrigo/Escritorio/BBDDAvanzadas/.venv/lib/python3.12/site-packages/airflow/example_dags/tutorial_objectstorage.py                                                            1           0  0.11s           2026-05-07T17:37:07                      10
/home/rodrigo/Escritorio/BBDDAvanzadas/.venv/lib/python3.12/site-packages/airflow/example_dags/example_branch_datetime_operator.py                                                  3           0  0.11s           2026-05-07T17:37:57                      18
/home/rodrigo/Escritorio/BBDDAvanzadas/.venv/lib/python3.12/site-packages/airflow/example_dags/example_branch_python_dop_operator_3.py                                              1           0  0.11s           2026-05-07T17:37:52                      12
/home/rodrigo/Escritorio/BBDDAvanzadas/.venv/lib/python3.12/site-packages/airflow/example_dags/example_branch_operator.py                                                           0           0  0.11s           2026-05-07T17:37:54                       3
/home/rodrigo/Escritorio/BBDDAvanzadas/.venv/lib/python3.12/site-packages/airflow/example_dags/plugins/event_listener.py                                                            0           0  0.11s           2026-05-07T17:37:03                       3
/home/rodrigo/Escritorio/BBDDAvanzadas/.venv/lib/python3.12/site-packages/airflow/example_dags/tutorial_taskflow_api_virtualenv.py                                                  0           0  0.11s           2026-05-07T17:37:07                       3
/home/rodrigo/Escritorio/BBDDAvanzadas/.venv/lib/python3.12/site-packages/airflow/example_dags/example_time_delta_sensor_async.py                                                   1           0  0.11s           2026-05-07T17:37:16                      10
/home/rodrigo/Escritorio/BBDDAvanzadas/.venv/lib/python3.12/site-packages/airflow/example_dags/example_xcomargs.py                                                                  2           0  0.11s           2026-05-07T17:37:11                      13
/home/rodrigo/Escritorio/BBDDAvanzadas/.venv/lib/python3.12/site-packages/airflow/example_dags/example_task_group.py                                                                1           0  0.11s           2026-05-07T17:37:18                      10
/home/rodrigo/Escritorio/BBDDAvanzadas/.venv/lib/python3.12/site-packages/airflow/example_dags/example_sla_dag.py                                                                   1           0  0.11s           2026-05-07T17:37:20                      12
/home/rodrigo/Escritorio/BBDDAvanzadas/.venv/lib/python3.12/site-packages/airflow/example_dags/example_external_task_marker_dag.py                                                  2           0  0.11s           2026-05-07T17:37:42                      13
/home/rodrigo/Escritorio/BBDDAvanzadas/.venv/lib/python3.12/site-packages/airflow/example_dags/tutorial_taskflow_api.py                                                             1           0  0.11s           2026-05-07T17:37:07                      10
/home/rodrigo/Escritorio/BBDDAvanzadas/.venv/lib/python3.12/site-packages/airflow/example_dags/example_sensors.py                                                                   1           0  0.11s           2026-05-07T17:37:27                      10
/home/rodrigo/Escritorio/BBDDAvanzadas/.venv/lib/python3.12/site-packages/airflow/example_dags/plugins/decreasing_priority_weight_strategy.py                                       0           0  0.11s           2026-05-07T17:37:05                       3
================================================================================
[2026-05-07T19:38:28.852+0200] {manager.py:997} INFO - 
================================================================================
DAG File Processing Stats

File Path                                                                                                                                                  PID    Runtime      # DAGs    # Errors  Last Runtime    Last Run               Last # of DB Queries
---------------------------------------------------------------------------------------------------------------------------------------------------------  -----  ---------  --------  ----------  --------------  -------------------  ----------------------
/home/rodrigo/Escritorio/BBDDAvanzadas/.venv/lib/python3.12/site-packages/airflow/example_dags/tutorial_objectstorage.py                                                            1           0  0.46s           2026-05-07T17:38:10                      10
/home/rodrigo/Escritorio/BBDDAvanzadas/.venv/lib/python3.12/site-packages/airflow/example_dags/example_bash_decorator.py                                                            1           0  0.45s           2026-05-07T17:37:58                      32
/home/rodrigo/Escritorio/BBDDAvanzadas/.venv/lib/python3.12/site-packages/airflow/example_dags/example_outlet_event_extra.py                                                        3           0  0.34s           2026-05-07T17:37:34                      19
/home/rodrigo/Escritorio/BBDDAvanzadas/.venv/lib/python3.12/site-packages/airflow/example_dags/example_params_trigger_ui.py                                                         1           0  0.33s           2026-05-07T17:37:33                      10
/home/rodrigo/Escritorio/BBDDAvanzadas/models/dag/dag_sqlite.py                                                                                                                     1           0  0.32s           2026-05-07T17:37:59                      10
/home/rodrigo/Escritorio/BBDDAvanzadas/.venv/lib/python3.12/site-packages/airflow/example_dags/example_dag_decorator.py                                                             1           0  0.29s           2026-05-07T17:37:49                      32
/home/rodrigo/Escritorio/BBDDAvanzadas/.venv/lib/python3.12/site-packages/airflow/example_dags/example_display_name.py                                                              1           0  0.24s           2026-05-07T17:37:45                      10
/home/rodrigo/Escritorio/BBDDAvanzadas/.venv/lib/python3.12/site-packages/airflow/example_dags/example_trigger_target_dag.py                                                        1           0  0.23s           2026-05-07T17:38:17                      10
/home/rodrigo/Escritorio/BBDDAvanzadas/.venv/lib/python3.12/site-packages/airflow/example_dags/example_task_group.py                                                                1           0  0.23s           2026-05-07T17:38:21                      10
/home/rodrigo/Escritorio/BBDDAvanzadas/.venv/lib/python3.12/site-packages/airflow/example_dags/example_short_circuit_operator.py                                                    1           0  0.22s           2026-05-07T17:38:26                      10
/home/rodrigo/Escritorio/BBDDAvanzadas/.venv/lib/python3.12/site-packages/airflow/example_dags/example_sla_dag.py                                                                   1           0  0.22s           2026-05-07T17:38:24                      12
/home/rodrigo/Escritorio/BBDDAvanzadas/.venv/lib/python3.12/site-packages/airflow/example_dags/example_dynamic_task_mapping.py                                                      1           0  0.22s           2026-05-07T17:37:44                      10
/home/rodrigo/Escritorio/BBDDAvanzadas/.venv/lib/python3.12/site-packages/airflow/example_dags/example_task_group_decorator.py                                                      1           0  0.22s           2026-05-07T17:38:20                      10
/home/rodrigo/Escritorio/BBDDAvanzadas/.venv/lib/python3.12/site-packages/airflow/example_dags/example_xcom.py                                                                      1           0  0.22s           2026-05-07T17:38:16                      12
/home/rodrigo/Escritorio/BBDDAvanzadas/.venv/lib/python3.12/site-packages/airflow/example_dags/example_latest_only.py                                                               1           0  0.22s           2026-05-07T17:37:39                      12
/home/rodrigo/Escritorio/BBDDAvanzadas/.venv/lib/python3.12/site-packages/airflow/example_dags/example_trigger_controller_dag.py                                                    1           0  0.22s           2026-05-07T17:38:19                      12
/home/rodrigo/Escritorio/BBDDAvanzadas/.venv/lib/python3.12/site-packages/airflow/example_dags/example_inlet_event_extra.py                                                         2           0  0.22s           2026-05-07T17:37:41                      15
/home/rodrigo/Escritorio/BBDDAvanzadas/.venv/lib/python3.12/site-packages/airflow/example_dags/example_xcomargs.py                                                                  2           0  0.22s           2026-05-07T17:38:14                      13
/home/rodrigo/Escritorio/BBDDAvanzadas/.venv/lib/python3.12/site-packages/airflow/example_dags/tutorial_dag.py                                                                      1           0  0.22s           2026-05-07T17:38:12                      10
/home/rodrigo/Escritorio/BBDDAvanzadas/.venv/lib/python3.12/site-packages/airflow/example_dags/example_nested_branch_dag.py                                                         1           0  0.22s           2026-05-07T17:37:35                      12
/home/rodrigo/Escritorio/BBDDAvanzadas/.venv/lib/python3.12/site-packages/airflow/example_dags/example_latest_only_with_trigger.py                                                  1           0  0.22s           2026-05-07T17:37:37                      12
/home/rodrigo/Escritorio/BBDDAvanzadas/.venv/lib/python3.12/site-packages/airflow/example_dags/example_python_operator.py                                                           1           0  0.22s           2026-05-07T17:37:28                      10
/home/rodrigo/Escritorio/BBDDAvanzadas/.venv/lib/python3.12/site-packages/airflow/example_dags/example_setup_teardown_taskflow.py                                                   1           0  0.22s           2026-05-07T17:38:28                      10
/home/rodrigo/Escritorio/BBDDAvanzadas/.venv/lib/python3.12/site-packages/airflow/example_dags/example_subdag_operator.py                                                           3           0  0.22s           2026-05-07T17:38:23                      20
/home/rodrigo/Escritorio/BBDDAvanzadas/.venv/lib/python3.12/site-packages/airflow/example_dags/example_time_delta_sensor_async.py                                                   1           0  0.22s           2026-05-07T17:38:19                      10
/home/rodrigo/Escritorio/BBDDAvanzadas/.venv/lib/python3.12/site-packages/airflow/example_dags/example_python_decorator.py                                                          1           0  0.22s           2026-05-07T17:37:29                      10
/home/rodrigo/Escritorio/BBDDAvanzadas/.venv/lib/python3.12/site-packages/airflow/example_dags/example_datasets.py                                                                 10           0  0.21s           2026-05-07T17:37:46                      49
/home/rodrigo/Escritorio/BBDDAvanzadas/.venv/lib/python3.12/site-packages/airflow/example_dags/example_short_circuit_decorator.py                                                   1           0  0.21s           2026-05-07T17:38:28                      10
/home/rodrigo/Escritorio/BBDDAvanzadas/.venv/lib/python3.12/site-packages/airflow/example_dags/example_workday_timetable.py                                                         1           0  0.21s           2026-05-07T17:38:16                      12
/home/rodrigo/Escritorio/BBDDAvanzadas/.venv/lib/python3.12/site-packages/airflow/example_dags/example_branch_day_of_week_operator.py                                               1           0  0.21s           2026-05-07T17:37:56                      12
/home/rodrigo/Escritorio/BBDDAvanzadas/.venv/lib/python3.12/site-packages/airflow/example_dags/example_setup_teardown.py                                                            1           0  0.15s           2026-05-07T17:37:25                      10
/home/rodrigo/Escritorio/BBDDAvanzadas/.venv/lib/python3.12/site-packages/airflow/example_dags/plugins/decreasing_priority_weight_strategy.py                                       0           0  0.13s           2026-05-07T17:38:05                       3
/home/rodrigo/Escritorio/BBDDAvanzadas/.venv/lib/python3.12/site-packages/airflow/example_dags/example_complex.py                                                                   1           0  0.13s           2026-05-07T17:37:50                      10
/home/rodrigo/Escritorio/BBDDAvanzadas/.venv/lib/python3.12/site-packages/airflow/example_dags/example_bash_operator.py                                                             1           0  0.13s           2026-05-07T17:37:57                      12
/home/rodrigo/Escritorio/BBDDAvanzadas/.venv/lib/python3.12/site-packages/airflow/example_dags/tutorial.py                                                                          1           0  0.12s           2026-05-07T17:38:13                      12
/home/rodrigo/Escritorio/BBDDAvanzadas/.venv/lib/python3.12/site-packages/airflow/example_dags/example_params_ui_tutorial.py                                                        1           0  0.12s           2026-05-07T17:37:32                      10
/home/rodrigo/Escritorio/BBDDAvanzadas/.venv/lib/python3.12/site-packages/airflow/example_dags/subdags/subdag.py                                                                    0           0  0.12s           2026-05-07T17:38:01                       3
/home/rodrigo/Escritorio/BBDDAvanzadas/.venv/lib/python3.12/site-packages/airflow/example_dags/example_dynamic_task_mapping_with_no_taskflow_operators.py                           1           0  0.12s           2026-05-07T17:37:42                      10
/home/rodrigo/Escritorio/BBDDAvanzadas/models/dag/dag_psql.py                                                                                                                       1           0  0.12s           2026-05-07T17:38:00                      10
/home/rodrigo/Escritorio/BBDDAvanzadas/.venv/lib/python3.12/site-packages/airflow/example_dags/example_kubernetes_executor.py                                                       0           0  0.12s           2026-05-07T17:37:40                       3
/home/rodrigo/Escritorio/BBDDAvanzadas/.venv/lib/python3.12/site-packages/airflow/example_dags/plugins/workday.py                                                                   0           0  0.12s           2026-05-07T17:38:02                       3
/home/rodrigo/Escritorio/BBDDAvanzadas/.venv/lib/python3.12/site-packages/airflow/example_dags/example_skip_dag.py                                                                  1           0  0.11s           2026-05-07T17:38:25                      12
/home/rodrigo/Escritorio/BBDDAvanzadas/.venv/lib/python3.12/site-packages/airflow/example_dags/plugins/listener_plugin.py                                                           0           0  0.11s           2026-05-07T17:38:03                       3
/home/rodrigo/Escritorio/BBDDAvanzadas/.venv/lib/python3.12/site-packages/airflow/example_dags/example_dataset_alias.py                                                             4           0  0.11s           2026-05-07T17:37:49                      27
/home/rodrigo/Escritorio/BBDDAvanzadas/.venv/lib/python3.12/site-packages/airflow/example_dags/example_branch_labels.py                                                             1           0  0.11s           2026-05-07T17:37:54                      12
/home/rodrigo/Escritorio/BBDDAvanzadas/.venv/lib/python3.12/site-packages/airflow/example_dags/example_dataset_alias_with_no_taskflow.py                                            4           0  0.11s           2026-05-07T17:37:48                      27
/home/rodrigo/Escritorio/BBDDAvanzadas/.venv/lib/python3.12/site-packages/airflow/example_dags/example_passing_params_via_test_command.py                                           1           0  0.11s           2026-05-07T17:37:31                      12
/home/rodrigo/Escritorio/BBDDAvanzadas/.venv/lib/python3.12/site-packages/airflow/example_dags/tutorial_taskflow_api_virtualenv.py                                                  0           0  0.11s           2026-05-07T17:38:07                       3
/home/rodrigo/Escritorio/BBDDAvanzadas/.venv/lib/python3.12/site-packages/airflow/example_dags/plugins/event_listener.py                                                            0           0  0.11s           2026-05-07T17:38:04                       3
/home/rodrigo/Escritorio/BBDDAvanzadas/.venv/lib/python3.12/site-packages/airflow/example_dags/example_local_kubernetes_executor.py                                                 0           0  0.11s           2026-05-07T17:37:36                       3
/home/rodrigo/Escritorio/BBDDAvanzadas/.venv/lib/python3.12/site-packages/airflow/example_dags/example_sensor_decorator.py                                                          1           0  0.11s           2026-05-07T17:37:27                      10
/home/rodrigo/Escritorio/BBDDAvanzadas/.venv/lib/python3.12/site-packages/airflow/example_dags/tutorial_taskflow_api.py                                                             1           0  0.11s           2026-05-07T17:38:09                      10
/home/rodrigo/Escritorio/BBDDAvanzadas/.venv/lib/python3.12/site-packages/airflow/example_dags/example_branch_operator_decorator.py                                                 0           0  0.11s           2026-05-07T17:37:53                       3
/home/rodrigo/Escritorio/BBDDAvanzadas/.venv/lib/python3.12/site-packages/airflow/example_dags/example_branch_datetime_operator.py                                                  3           0  0.11s           2026-05-07T17:37:57                      18
/home/rodrigo/Escritorio/BBDDAvanzadas/.venv/lib/python3.12/site-packages/airflow/example_dags/example_branch_python_dop_operator_3.py                                              1           0  0.11s           2026-05-07T17:37:52                      12
/home/rodrigo/Escritorio/BBDDAvanzadas/.venv/lib/python3.12/site-packages/airflow/example_dags/example_branch_operator.py                                                           0           0  0.11s           2026-05-07T17:37:54                       3
/home/rodrigo/Escritorio/BBDDAvanzadas/.venv/lib/python3.12/site-packages/airflow/example_dags/tutorial_taskflow_templates.py                                                       1           0  0.11s           2026-05-07T17:38:06                      12
/home/rodrigo/Escritorio/BBDDAvanzadas/.venv/lib/python3.12/site-packages/airflow/example_dags/example_external_task_marker_dag.py                                                  2           0  0.11s           2026-05-07T17:37:42                      13
/home/rodrigo/Escritorio/BBDDAvanzadas/.venv/lib/python3.12/site-packages/airflow/example_dags/example_sensors.py                                                                   1           0  0.11s           2026-05-07T17:37:27                      10
================================================================================
[2026-05-07T19:38:59.321+0200] {manager.py:997} INFO - 
================================================================================
DAG File Processing Stats

File Path                                                                                                                                                  PID    Runtime      # DAGs    # Errors  Last Runtime    Last Run               Last # of DB Queries
---------------------------------------------------------------------------------------------------------------------------------------------------------  -----  ---------  --------  ----------  --------------  -------------------  ----------------------
/home/rodrigo/Escritorio/BBDDAvanzadas/.venv/lib/python3.12/site-packages/airflow/example_dags/tutorial_objectstorage.py                                                            1           0  0.46s           2026-05-07T17:38:10                      10
/home/rodrigo/Escritorio/BBDDAvanzadas/.venv/lib/python3.12/site-packages/airflow/example_dags/example_bash_decorator.py                                                            1           0  0.45s           2026-05-07T17:37:58                      32
/home/rodrigo/Escritorio/BBDDAvanzadas/.venv/lib/python3.12/site-packages/airflow/example_dags/example_dag_decorator.py                                                             1           0  0.29s           2026-05-07T17:37:49                      32
/home/rodrigo/Escritorio/BBDDAvanzadas/.venv/lib/python3.12/site-packages/airflow/example_dags/example_sensor_decorator.py                                                          1           0  0.26s           2026-05-07T17:38:32                      10
/home/rodrigo/Escritorio/BBDDAvanzadas/.venv/lib/python3.12/site-packages/airflow/example_dags/example_dataset_alias.py                                                             4           0  0.25s           2026-05-07T17:38:59                      27
/home/rodrigo/Escritorio/BBDDAvanzadas/.venv/lib/python3.12/site-packages/airflow/example_dags/example_inlet_event_extra.py                                                         2           0  0.24s           2026-05-07T17:38:52                      15
/home/rodrigo/Escritorio/BBDDAvanzadas/.venv/lib/python3.12/site-packages/airflow/example_dags/example_passing_params_via_test_command.py                                           1           0  0.23s           2026-05-07T17:38:42                      12
/home/rodrigo/Escritorio/BBDDAvanzadas/.venv/lib/python3.12/site-packages/airflow/example_dags/example_trigger_target_dag.py                                                        1           0  0.23s           2026-05-07T17:38:17                      10
/home/rodrigo/Escritorio/BBDDAvanzadas/.venv/lib/python3.12/site-packages/airflow/example_dags/example_display_name.py                                                              1           0  0.23s           2026-05-07T17:38:56                      10
/home/rodrigo/Escritorio/BBDDAvanzadas/.venv/lib/python3.12/site-packages/airflow/example_dags/example_python_decorator.py                                                          1           0  0.23s           2026-05-07T17:38:41                      10
/home/rodrigo/Escritorio/BBDDAvanzadas/.venv/lib/python3.12/site-packages/airflow/example_dags/example_task_group.py                                                                1           0  0.23s           2026-05-07T17:38:21                      10
/home/rodrigo/Escritorio/BBDDAvanzadas/.venv/lib/python3.12/site-packages/airflow/example_dags/example_short_circuit_operator.py                                                    1           0  0.22s           2026-05-07T17:38:26                      10
/home/rodrigo/Escritorio/BBDDAvanzadas/models/dag/dag_sqlite.py                                                                                                                     1           0  0.22s           2026-05-07T17:38:34                      10
/home/rodrigo/Escritorio/BBDDAvanzadas/.venv/lib/python3.12/site-packages/airflow/example_dags/example_sla_dag.py                                                                   1           0  0.22s           2026-05-07T17:38:24                      12
/home/rodrigo/Escritorio/BBDDAvanzadas/.venv/lib/python3.12/site-packages/airflow/example_dags/example_external_task_marker_dag.py                                                  2           0  0.22s           2026-05-07T17:38:53                      13
/home/rodrigo/Escritorio/BBDDAvanzadas/.venv/lib/python3.12/site-packages/airflow/example_dags/example_python_operator.py                                                           1           0  0.22s           2026-05-07T17:38:33                      10
/home/rodrigo/Escritorio/BBDDAvanzadas/.venv/lib/python3.12/site-packages/airflow/example_dags/example_task_group_decorator.py                                                      1           0  0.22s           2026-05-07T17:38:20                      10
/home/rodrigo/Escritorio/BBDDAvanzadas/.venv/lib/python3.12/site-packages/airflow/example_dags/example_xcom.py                                                                      1           0  0.22s           2026-05-07T17:38:16                      12
/home/rodrigo/Escritorio/BBDDAvanzadas/.venv/lib/python3.12/site-packages/airflow/example_dags/example_latest_only_with_trigger.py                                                  1           0  0.22s           2026-05-07T17:38:49                      12
/home/rodrigo/Escritorio/BBDDAvanzadas/.venv/lib/python3.12/site-packages/airflow/example_dags/example_trigger_controller_dag.py                                                    1           0  0.22s           2026-05-07T17:38:19                      12
/home/rodrigo/Escritorio/BBDDAvanzadas/.venv/lib/python3.12/site-packages/airflow/example_dags/example_latest_only.py                                                               1           0  0.22s           2026-05-07T17:38:50                      12
/home/rodrigo/Escritorio/BBDDAvanzadas/.venv/lib/python3.12/site-packages/airflow/example_dags/example_xcomargs.py                                                                  2           0  0.22s           2026-05-07T17:38:14                      13
/home/rodrigo/Escritorio/BBDDAvanzadas/.venv/lib/python3.12/site-packages/airflow/example_dags/example_dataset_alias_with_no_taskflow.py                                            4           0  0.22s           2026-05-07T17:38:58                      27
/home/rodrigo/Escritorio/BBDDAvanzadas/.venv/lib/python3.12/site-packages/airflow/example_dags/tutorial_dag.py                                                                      1           0  0.22s           2026-05-07T17:38:12                      10
/home/rodrigo/Escritorio/BBDDAvanzadas/.venv/lib/python3.12/site-packages/airflow/example_dags/example_outlet_event_extra.py                                                        3           0  0.22s           2026-05-07T17:38:45                      19
/home/rodrigo/Escritorio/BBDDAvanzadas/.venv/lib/python3.12/site-packages/airflow/example_dags/example_params_ui_tutorial.py                                                        1           0  0.22s           2026-05-07T17:38:42                      10
/home/rodrigo/Escritorio/BBDDAvanzadas/.venv/lib/python3.12/site-packages/airflow/example_dags/example_setup_teardown_taskflow.py                                                   1           0  0.22s           2026-05-07T17:38:28                      10
/home/rodrigo/Escritorio/BBDDAvanzadas/.venv/lib/python3.12/site-packages/airflow/example_dags/example_subdag_operator.py                                                           3           0  0.22s           2026-05-07T17:38:23                      20
/home/rodrigo/Escritorio/BBDDAvanzadas/.venv/lib/python3.12/site-packages/airflow/example_dags/example_time_delta_sensor_async.py                                                   1           0  0.22s           2026-05-07T17:38:19                      10
/home/rodrigo/Escritorio/BBDDAvanzadas/.venv/lib/python3.12/site-packages/airflow/example_dags/example_nested_branch_dag.py                                                         1           0  0.21s           2026-05-07T17:38:46                      12
/home/rodrigo/Escritorio/BBDDAvanzadas/.venv/lib/python3.12/site-packages/airflow/example_dags/example_datasets.py                                                                 10           0  0.21s           2026-05-07T17:38:57                      49
/home/rodrigo/Escritorio/BBDDAvanzadas/.venv/lib/python3.12/site-packages/airflow/example_dags/example_params_trigger_ui.py                                                         1           0  0.21s           2026-05-07T17:38:43                      10
/home/rodrigo/Escritorio/BBDDAvanzadas/.venv/lib/python3.12/site-packages/airflow/example_dags/example_setup_teardown.py                                                            1           0  0.21s           2026-05-07T17:38:29                      10
/home/rodrigo/Escritorio/BBDDAvanzadas/models/dag/dag_psql.py                                                                                                                       1           0  0.21s           2026-05-07T17:38:36                      10
/home/rodrigo/Escritorio/BBDDAvanzadas/.venv/lib/python3.12/site-packages/airflow/example_dags/example_short_circuit_decorator.py                                                   1           0  0.21s           2026-05-07T17:38:28                      10
/home/rodrigo/Escritorio/BBDDAvanzadas/.venv/lib/python3.12/site-packages/airflow/example_dags/example_workday_timetable.py                                                         1           0  0.21s           2026-05-07T17:38:16                      12
/home/rodrigo/Escritorio/BBDDAvanzadas/.venv/lib/python3.12/site-packages/airflow/example_dags/example_branch_day_of_week_operator.py                                               1           0  0.21s           2026-05-07T17:37:56                      12
/home/rodrigo/Escritorio/BBDDAvanzadas/.venv/lib/python3.12/site-packages/airflow/example_dags/example_sensors.py                                                                   1           0  0.21s           2026-05-07T17:38:30                      10
/home/rodrigo/Escritorio/BBDDAvanzadas/.venv/lib/python3.12/site-packages/airflow/example_dags/plugins/decreasing_priority_weight_strategy.py                                       0           0  0.13s           2026-05-07T17:38:05                       3
/home/rodrigo/Escritorio/BBDDAvanzadas/.venv/lib/python3.12/site-packages/airflow/example_dags/plugins/workday.py                                                                   0           0  0.13s           2026-05-07T17:38:38                       3
/home/rodrigo/Escritorio/BBDDAvanzadas/.venv/lib/python3.12/site-packages/airflow/example_dags/example_complex.py                                                                   1           0  0.13s           2026-05-07T17:37:50                      10
/home/rodrigo/Escritorio/BBDDAvanzadas/.venv/lib/python3.12/site-packages/airflow/example_dags/example_dynamic_task_mapping_with_no_taskflow_operators.py                           1           0  0.13s           2026-05-07T17:38:54                      10
/home/rodrigo/Escritorio/BBDDAvanzadas/.venv/lib/python3.12/site-packages/airflow/example_dags/example_bash_operator.py                                                             1           0  0.13s           2026-05-07T17:37:57                      12
/home/rodrigo/Escritorio/BBDDAvanzadas/.venv/lib/python3.12/site-packages/airflow/example_dags/example_dynamic_task_mapping.py                                                      1           0  0.13s           2026-05-07T17:38:55                      10
/home/rodrigo/Escritorio/BBDDAvanzadas/.venv/lib/python3.12/site-packages/airflow/example_dags/tutorial.py                                                                          1           0  0.12s           2026-05-07T17:38:13                      12
/home/rodrigo/Escritorio/BBDDAvanzadas/.venv/lib/python3.12/site-packages/airflow/example_dags/example_kubernetes_executor.py                                                       0           0  0.12s           2026-05-07T17:38:51                       3
/home/rodrigo/Escritorio/BBDDAvanzadas/.venv/lib/python3.12/site-packages/airflow/example_dags/plugins/listener_plugin.py                                                           0           0  0.12s           2026-05-07T17:38:39                       3
/home/rodrigo/Escritorio/BBDDAvanzadas/.venv/lib/python3.12/site-packages/airflow/example_dags/example_skip_dag.py                                                                  1           0  0.11s           2026-05-07T17:38:25                      12
/home/rodrigo/Escritorio/BBDDAvanzadas/.venv/lib/python3.12/site-packages/airflow/example_dags/example_branch_labels.py                                                             1           0  0.11s           2026-05-07T17:37:54                      12
/home/rodrigo/Escritorio/BBDDAvanzadas/.venv/lib/python3.12/site-packages/airflow/example_dags/tutorial_taskflow_api_virtualenv.py                                                  0           0  0.11s           2026-05-07T17:38:07                       3
/home/rodrigo/Escritorio/BBDDAvanzadas/.venv/lib/python3.12/site-packages/airflow/example_dags/example_local_kubernetes_executor.py                                                 0           0  0.11s           2026-05-07T17:38:47                       3
/home/rodrigo/Escritorio/BBDDAvanzadas/.venv/lib/python3.12/site-packages/airflow/example_dags/plugins/event_listener.py                                                            0           0  0.11s           2026-05-07T17:38:04                       3
/home/rodrigo/Escritorio/BBDDAvanzadas/.venv/lib/python3.12/site-packages/airflow/example_dags/subdags/subdag.py                                                                    0           0  0.11s           2026-05-07T17:38:37                       3
/home/rodrigo/Escritorio/BBDDAvanzadas/.venv/lib/python3.12/site-packages/airflow/example_dags/tutorial_taskflow_api.py                                                             1           0  0.11s           2026-05-07T17:38:09                      10
/home/rodrigo/Escritorio/BBDDAvanzadas/.venv/lib/python3.12/site-packages/airflow/example_dags/example_branch_operator_decorator.py                                                 0           0  0.11s           2026-05-07T17:37:53                       3
/home/rodrigo/Escritorio/BBDDAvanzadas/.venv/lib/python3.12/site-packages/airflow/example_dags/example_branch_datetime_operator.py                                                  3           0  0.11s           2026-05-07T17:37:57                      18
/home/rodrigo/Escritorio/BBDDAvanzadas/.venv/lib/python3.12/site-packages/airflow/example_dags/example_branch_python_dop_operator_3.py                                              1           0  0.11s           2026-05-07T17:37:52                      12
/home/rodrigo/Escritorio/BBDDAvanzadas/.venv/lib/python3.12/site-packages/airflow/example_dags/example_branch_operator.py                                                           0           0  0.11s           2026-05-07T17:37:54                       3
/home/rodrigo/Escritorio/BBDDAvanzadas/.venv/lib/python3.12/site-packages/airflow/example_dags/tutorial_taskflow_templates.py                                                       1           0  0.11s           2026-05-07T17:38:06                      12
================================================================================
[2026-05-07T19:39:30.481+0200] {manager.py:997} INFO - 
================================================================================
DAG File Processing Stats

File Path                                                                                                                                                  PID    Runtime      # DAGs    # Errors  Last Runtime    Last Run               Last # of DB Queries
---------------------------------------------------------------------------------------------------------------------------------------------------------  -----  ---------  --------  ----------  --------------  -------------------  ----------------------
/home/rodrigo/Escritorio/BBDDAvanzadas/.venv/lib/python3.12/site-packages/airflow/example_dags/tutorial_objectstorage.py                                                            1           0  0.46s           2026-05-07T17:38:10                      10
/home/rodrigo/Escritorio/BBDDAvanzadas/.venv/lib/python3.12/site-packages/airflow/example_dags/example_dag_decorator.py                                                             1           0  0.46s           2026-05-07T17:39:00                      32
/home/rodrigo/Escritorio/BBDDAvanzadas/.venv/lib/python3.12/site-packages/airflow/example_dags/example_bash_operator.py                                                             1           0  0.32s           2026-05-07T17:39:10                      12
/home/rodrigo/Escritorio/BBDDAvanzadas/.venv/lib/python3.12/site-packages/airflow/example_dags/example_branch_datetime_operator.py                                                  3           0  0.31s           2026-05-07T17:39:08                      18
/home/rodrigo/Escritorio/BBDDAvanzadas/models/dag/dag_sqlite.py                                                                                                                     1           0  0.31s           2026-05-07T17:39:18                      10
/home/rodrigo/Escritorio/BBDDAvanzadas/.venv/lib/python3.12/site-packages/airflow/example_dags/example_sensor_decorator.py                                                          1           0  0.26s           2026-05-07T17:38:32                      10
/home/rodrigo/Escritorio/BBDDAvanzadas/.venv/lib/python3.12/site-packages/airflow/example_dags/example_dataset_alias.py                                                             4           0  0.25s           2026-05-07T17:38:59                      27
/home/rodrigo/Escritorio/BBDDAvanzadas/.venv/lib/python3.12/site-packages/airflow/example_dags/example_inlet_event_extra.py                                                         2           0  0.24s           2026-05-07T17:38:52                      15
/home/rodrigo/Escritorio/BBDDAvanzadas/.venv/lib/python3.12/site-packages/airflow/example_dags/example_passing_params_via_test_command.py                                           1           0  0.23s           2026-05-07T17:38:42                      12
/home/rodrigo/Escritorio/BBDDAvanzadas/.venv/lib/python3.12/site-packages/airflow/example_dags/example_trigger_target_dag.py                                                        1           0  0.23s           2026-05-07T17:38:17                      10
/home/rodrigo/Escritorio/BBDDAvanzadas/.venv/lib/python3.12/site-packages/airflow/example_dags/example_display_name.py                                                              1           0  0.23s           2026-05-07T17:38:56                      10
/home/rodrigo/Escritorio/BBDDAvanzadas/.venv/lib/python3.12/site-packages/airflow/example_dags/example_python_decorator.py                                                          1           0  0.23s           2026-05-07T17:38:41                      10
/home/rodrigo/Escritorio/BBDDAvanzadas/.venv/lib/python3.12/site-packages/airflow/example_dags/example_task_group.py                                                                1           0  0.23s           2026-05-07T17:38:21                      10
/home/rodrigo/Escritorio/BBDDAvanzadas/.venv/lib/python3.12/site-packages/airflow/example_dags/example_short_circuit_operator.py                                                    1           0  0.22s           2026-05-07T17:38:26                      10
/home/rodrigo/Escritorio/BBDDAvanzadas/.venv/lib/python3.12/site-packages/airflow/example_dags/example_branch_labels.py                                                             1           0  0.22s           2026-05-07T17:39:06                      12
/home/rodrigo/Escritorio/BBDDAvanzadas/.venv/lib/python3.12/site-packages/airflow/example_dags/example_sla_dag.py                                                                   1           0  0.22s           2026-05-07T17:38:24                      12
/home/rodrigo/Escritorio/BBDDAvanzadas/.venv/lib/python3.12/site-packages/airflow/example_dags/example_external_task_marker_dag.py                                                  2           0  0.22s           2026-05-07T17:38:53                      13
/home/rodrigo/Escritorio/BBDDAvanzadas/.venv/lib/python3.12/site-packages/airflow/example_dags/example_python_operator.py                                                           1           0  0.22s           2026-05-07T17:38:33                      10
/home/rodrigo/Escritorio/BBDDAvanzadas/.venv/lib/python3.12/site-packages/airflow/example_dags/example_task_group_decorator.py                                                      1           0  0.22s           2026-05-07T17:38:20                      10
/home/rodrigo/Escritorio/BBDDAvanzadas/.venv/lib/python3.12/site-packages/airflow/example_dags/example_xcom.py                                                                      1           0  0.22s           2026-05-07T17:38:16                      12
/home/rodrigo/Escritorio/BBDDAvanzadas/.venv/lib/python3.12/site-packages/airflow/example_dags/example_latest_only_with_trigger.py                                                  1           0  0.22s           2026-05-07T17:38:49                      12
/home/rodrigo/Escritorio/BBDDAvanzadas/.venv/lib/python3.12/site-packages/airflow/example_dags/example_trigger_controller_dag.py                                                    1           0  0.22s           2026-05-07T17:38:19                      12
/home/rodrigo/Escritorio/BBDDAvanzadas/.venv/lib/python3.12/site-packages/airflow/example_dags/example_latest_only.py                                                               1           0  0.22s           2026-05-07T17:38:50                      12
/home/rodrigo/Escritorio/BBDDAvanzadas/.venv/lib/python3.12/site-packages/airflow/example_dags/example_xcomargs.py                                                                  2           0  0.22s           2026-05-07T17:38:14                      13
/home/rodrigo/Escritorio/BBDDAvanzadas/.venv/lib/python3.12/site-packages/airflow/example_dags/example_dataset_alias_with_no_taskflow.py                                            4           0  0.22s           2026-05-07T17:38:58                      27
/home/rodrigo/Escritorio/BBDDAvanzadas/.venv/lib/python3.12/site-packages/airflow/example_dags/example_branch_day_of_week_operator.py                                               1           0  0.22s           2026-05-07T17:39:07                      12
/home/rodrigo/Escritorio/BBDDAvanzadas/.venv/lib/python3.12/site-packages/airflow/example_dags/tutorial_dag.py                                                                      1           0  0.22s           2026-05-07T17:38:12                      10
/home/rodrigo/Escritorio/BBDDAvanzadas/.venv/lib/python3.12/site-packages/airflow/example_dags/example_outlet_event_extra.py                                                        3           0  0.22s           2026-05-07T17:38:45                      19
/home/rodrigo/Escritorio/BBDDAvanzadas/.venv/lib/python3.12/site-packages/airflow/example_dags/example_params_ui_tutorial.py                                                        1           0  0.22s           2026-05-07T17:38:42                      10
/home/rodrigo/Escritorio/BBDDAvanzadas/.venv/lib/python3.12/site-packages/airflow/example_dags/example_setup_teardown_taskflow.py                                                   1           0  0.22s           2026-05-07T17:38:28                      10
/home/rodrigo/Escritorio/BBDDAvanzadas/.venv/lib/python3.12/site-packages/airflow/example_dags/example_subdag_operator.py                                                           3           0  0.22s           2026-05-07T17:38:23                      20
/home/rodrigo/Escritorio/BBDDAvanzadas/.venv/lib/python3.12/site-packages/airflow/example_dags/example_time_delta_sensor_async.py                                                   1           0  0.22s           2026-05-07T17:38:19                      10
/home/rodrigo/Escritorio/BBDDAvanzadas/.venv/lib/python3.12/site-packages/airflow/example_dags/example_complex.py                                                                   1           0  0.21s           2026-05-07T17:39:01                      10
/home/rodrigo/Escritorio/BBDDAvanzadas/.venv/lib/python3.12/site-packages/airflow/example_dags/example_nested_branch_dag.py                                                         1           0  0.21s           2026-05-07T17:38:46                      12
/home/rodrigo/Escritorio/BBDDAvanzadas/models/dag/dag_psql.py                                                                                                                       1           0  0.21s           2026-05-07T17:39:24                      10
/home/rodrigo/Escritorio/BBDDAvanzadas/.venv/lib/python3.12/site-packages/airflow/example_dags/example_datasets.py                                                                 10           0  0.21s           2026-05-07T17:38:57                      49
/home/rodrigo/Escritorio/BBDDAvanzadas/.venv/lib/python3.12/site-packages/airflow/example_dags/example_params_trigger_ui.py                                                         1           0  0.21s           2026-05-07T17:38:43                      10
/home/rodrigo/Escritorio/BBDDAvanzadas/.venv/lib/python3.12/site-packages/airflow/example_dags/example_setup_teardown.py                                                            1           0  0.21s           2026-05-07T17:38:29                      10
/home/rodrigo/Escritorio/BBDDAvanzadas/.venv/lib/python3.12/site-packages/airflow/example_dags/example_short_circuit_decorator.py                                                   1           0  0.21s           2026-05-07T17:38:28                      10
/home/rodrigo/Escritorio/BBDDAvanzadas/.venv/lib/python3.12/site-packages/airflow/example_dags/example_workday_timetable.py                                                         1           0  0.21s           2026-05-07T17:38:16                      12
/home/rodrigo/Escritorio/BBDDAvanzadas/.venv/lib/python3.12/site-packages/airflow/example_dags/example_branch_python_dop_operator_3.py                                              1           0  0.21s           2026-05-07T17:39:03                      12
/home/rodrigo/Escritorio/BBDDAvanzadas/.venv/lib/python3.12/site-packages/airflow/example_dags/example_sensors.py                                                                   1           0  0.21s           2026-05-07T17:38:30                      10
/home/rodrigo/Escritorio/BBDDAvanzadas/.venv/lib/python3.12/site-packages/airflow/example_dags/example_dynamic_task_mapping_with_no_taskflow_operators.py                           1           0  0.13s           2026-05-07T17:38:54                      10
/home/rodrigo/Escritorio/BBDDAvanzadas/.venv/lib/python3.12/site-packages/airflow/example_dags/example_dynamic_task_mapping.py                                                      1           0  0.13s           2026-05-07T17:38:55                      10
/home/rodrigo/Escritorio/BBDDAvanzadas/.venv/lib/python3.12/site-packages/airflow/example_dags/tutorial.py                                                                          1           0  0.12s           2026-05-07T17:38:13                      12
/home/rodrigo/Escritorio/BBDDAvanzadas/.venv/lib/python3.12/site-packages/airflow/example_dags/example_kubernetes_executor.py                                                       0           0  0.12s           2026-05-07T17:38:51                       3
/home/rodrigo/Escritorio/BBDDAvanzadas/.venv/lib/python3.12/site-packages/airflow/example_dags/example_branch_operator_decorator.py                                                 0           0  0.12s           2026-05-07T17:39:03                       3
/home/rodrigo/Escritorio/BBDDAvanzadas/.venv/lib/python3.12/site-packages/airflow/example_dags/plugins/decreasing_priority_weight_strategy.py                                       0           0  0.12s           2026-05-07T17:39:30                       3
/home/rodrigo/Escritorio/BBDDAvanzadas/.venv/lib/python3.12/site-packages/airflow/example_dags/example_skip_dag.py                                                                  1           0  0.11s           2026-05-07T17:38:25                      12
/home/rodrigo/Escritorio/BBDDAvanzadas/.venv/lib/python3.12/site-packages/airflow/example_dags/plugins/event_listener.py                                                            0           0  0.11s           2026-05-07T17:39:29                       3
/home/rodrigo/Escritorio/BBDDAvanzadas/.venv/lib/python3.12/site-packages/airflow/example_dags/subdags/subdag.py                                                                    0           0  0.11s           2026-05-07T17:39:25                       3
/home/rodrigo/Escritorio/BBDDAvanzadas/.venv/lib/python3.12/site-packages/airflow/example_dags/plugins/listener_plugin.py                                                           0           0  0.11s           2026-05-07T17:39:28                       3
/home/rodrigo/Escritorio/BBDDAvanzadas/.venv/lib/python3.12/site-packages/airflow/example_dags/tutorial_taskflow_api_virtualenv.py                                                  0           0  0.11s           2026-05-07T17:38:07                       3
/home/rodrigo/Escritorio/BBDDAvanzadas/.venv/lib/python3.12/site-packages/airflow/example_dags/plugins/workday.py                                                                   0           0  0.11s           2026-05-07T17:39:26                       3
/home/rodrigo/Escritorio/BBDDAvanzadas/.venv/lib/python3.12/site-packages/airflow/example_dags/example_branch_operator.py                                                           0           0  0.11s           2026-05-07T17:39:04                       3
/home/rodrigo/Escritorio/BBDDAvanzadas/.venv/lib/python3.12/site-packages/airflow/example_dags/example_local_kubernetes_executor.py                                                 0           0  0.11s           2026-05-07T17:38:47                       3
/home/rodrigo/Escritorio/BBDDAvanzadas/.venv/lib/python3.12/site-packages/airflow/example_dags/tutorial_taskflow_api.py                                                             1           0  0.11s           2026-05-07T17:38:09                      10
/home/rodrigo/Escritorio/BBDDAvanzadas/.venv/lib/python3.12/site-packages/airflow/example_dags/tutorial_taskflow_templates.py                                                       1           0  0.11s           2026-05-07T17:38:06                      12
/home/rodrigo/Escritorio/BBDDAvanzadas/.venv/lib/python3.12/site-packages/airflow/example_dags/example_bash_decorator.py                                                            1           0  0.11s           2026-05-07T17:39:14                      10
================================================================================
[2026-05-07T19:40:01.803+0200] {manager.py:997} INFO - 
================================================================================
DAG File Processing Stats

File Path                                                                                                                                                  PID    Runtime      # DAGs    # Errors  Last Runtime    Last Run               Last # of DB Queries
---------------------------------------------------------------------------------------------------------------------------------------------------------  -----  ---------  --------  ----------  --------------  -------------------  ----------------------
/home/rodrigo/Escritorio/BBDDAvanzadas/.venv/lib/python3.12/site-packages/airflow/example_dags/example_dag_decorator.py                                                             1           0  0.46s           2026-05-07T17:39:00                      32
/home/rodrigo/Escritorio/BBDDAvanzadas/.venv/lib/python3.12/site-packages/airflow/example_dags/example_bash_operator.py                                                             1           0  0.32s           2026-05-07T17:39:10                      12
/home/rodrigo/Escritorio/BBDDAvanzadas/.venv/lib/python3.12/site-packages/airflow/example_dags/example_branch_datetime_operator.py                                                  3           0  0.31s           2026-05-07T17:39:08                      18
/home/rodrigo/Escritorio/BBDDAvanzadas/models/dag/dag_sqlite.py                                                                                                                     1           0  0.31s           2026-05-07T17:39:18                      10
/home/rodrigo/Escritorio/BBDDAvanzadas/.venv/lib/python3.12/site-packages/airflow/example_dags/example_dataset_alias.py                                                             4           0  0.25s           2026-05-07T17:38:59                      27
/home/rodrigo/Escritorio/BBDDAvanzadas/.venv/lib/python3.12/site-packages/airflow/example_dags/example_trigger_target_dag.py                                                        1           0  0.24s           2026-05-07T17:39:42                      10
/home/rodrigo/Escritorio/BBDDAvanzadas/.venv/lib/python3.12/site-packages/airflow/example_dags/example_xcomargs.py                                                                  2           0  0.24s           2026-05-07T17:39:38                      13
/home/rodrigo/Escritorio/BBDDAvanzadas/.venv/lib/python3.12/site-packages/airflow/example_dags/example_inlet_event_extra.py                                                         2           0  0.24s           2026-05-07T17:38:52                      15
/home/rodrigo/Escritorio/BBDDAvanzadas/.venv/lib/python3.12/site-packages/airflow/example_dags/example_workday_timetable.py                                                         1           0  0.23s           2026-05-07T17:39:40                      12
/home/rodrigo/Escritorio/BBDDAvanzadas/.venv/lib/python3.12/site-packages/airflow/example_dags/example_trigger_controller_dag.py                                                    1           0  0.23s           2026-05-07T17:39:43                      12
/home/rodrigo/Escritorio/BBDDAvanzadas/.venv/lib/python3.12/site-packages/airflow/example_dags/example_display_name.py                                                              1           0  0.23s           2026-05-07T17:38:56                      10
/home/rodrigo/Escritorio/BBDDAvanzadas/.venv/lib/python3.12/site-packages/airflow/example_dags/tutorial_dag.py                                                                      1           0  0.23s           2026-05-07T17:39:35                      10
/home/rodrigo/Escritorio/BBDDAvanzadas/.venv/lib/python3.12/site-packages/airflow/example_dags/tutorial_taskflow_templates.py                                                       1           0  0.23s           2026-05-07T17:39:31                      12
/home/rodrigo/Escritorio/BBDDAvanzadas/.venv/lib/python3.12/site-packages/airflow/example_dags/tutorial_objectstorage.py                                                            1           0  0.23s           2026-05-07T17:39:34                      10
/home/rodrigo/Escritorio/BBDDAvanzadas/.venv/lib/python3.12/site-packages/airflow/example_dags/example_params_trigger_ui.py                                                         1           0  0.22s           2026-05-07T17:40:01                      10
/home/rodrigo/Escritorio/BBDDAvanzadas/.venv/lib/python3.12/site-packages/airflow/example_dags/example_branch_labels.py                                                             1           0  0.22s           2026-05-07T17:39:06                      12
/home/rodrigo/Escritorio/BBDDAvanzadas/.venv/lib/python3.12/site-packages/airflow/example_dags/example_setup_teardown.py                                                            1           0  0.22s           2026-05-07T17:39:54                      10
/home/rodrigo/Escritorio/BBDDAvanzadas/.venv/lib/python3.12/site-packages/airflow/example_dags/example_passing_params_via_test_command.py                                           1           0  0.22s           2026-05-07T17:39:59                      12
/home/rodrigo/Escritorio/BBDDAvanzadas/.venv/lib/python3.12/site-packages/airflow/example_dags/example_external_task_marker_dag.py                                                  2           0  0.22s           2026-05-07T17:38:53                      13
/home/rodrigo/Escritorio/BBDDAvanzadas/.venv/lib/python3.12/site-packages/airflow/example_dags/example_params_ui_tutorial.py                                                        1           0  0.22s           2026-05-07T17:40:00                      10
/home/rodrigo/Escritorio/BBDDAvanzadas/.venv/lib/python3.12/site-packages/airflow/example_dags/example_sla_dag.py                                                                   1           0  0.22s           2026-05-07T17:39:48                      12
/home/rodrigo/Escritorio/BBDDAvanzadas/.venv/lib/python3.12/site-packages/airflow/example_dags/example_latest_only_with_trigger.py                                                  1           0  0.22s           2026-05-07T17:38:49                      12
/home/rodrigo/Escritorio/BBDDAvanzadas/.venv/lib/python3.12/site-packages/airflow/example_dags/example_skip_dag.py                                                                  1           0  0.22s           2026-05-07T17:39:49                      12
/home/rodrigo/Escritorio/BBDDAvanzadas/.venv/lib/python3.12/site-packages/airflow/example_dags/example_latest_only.py                                                               1           0  0.22s           2026-05-07T17:38:50                      12
/home/rodrigo/Escritorio/BBDDAvanzadas/.venv/lib/python3.12/site-packages/airflow/example_dags/example_dataset_alias_with_no_taskflow.py                                            4           0  0.22s           2026-05-07T17:38:58                      27
/home/rodrigo/Escritorio/BBDDAvanzadas/.venv/lib/python3.12/site-packages/airflow/example_dags/example_branch_day_of_week_operator.py                                               1           0  0.22s           2026-05-07T17:39:07                      12
/home/rodrigo/Escritorio/BBDDAvanzadas/.venv/lib/python3.12/site-packages/airflow/example_dags/tutorial.py                                                                          1           0  0.22s           2026-05-07T17:39:36                      12
/home/rodrigo/Escritorio/BBDDAvanzadas/.venv/lib/python3.12/site-packages/airflow/example_dags/example_outlet_event_extra.py                                                        3           0  0.22s           2026-05-07T17:38:45                      19
/home/rodrigo/Escritorio/BBDDAvanzadas/.venv/lib/python3.12/site-packages/airflow/example_dags/example_subdag_operator.py                                                           3           0  0.22s           2026-05-07T17:39:48                      20
/home/rodrigo/Escritorio/BBDDAvanzadas/.venv/lib/python3.12/site-packages/airflow/example_dags/example_python_operator.py                                                           1           0  0.21s           2026-05-07T17:39:57                      10
/home/rodrigo/Escritorio/BBDDAvanzadas/.venv/lib/python3.12/site-packages/airflow/example_dags/example_complex.py                                                                   1           0  0.21s           2026-05-07T17:39:01                      10
/home/rodrigo/Escritorio/BBDDAvanzadas/.venv/lib/python3.12/site-packages/airflow/example_dags/example_nested_branch_dag.py                                                         1           0  0.21s           2026-05-07T17:38:46                      12
/home/rodrigo/Escritorio/BBDDAvanzadas/models/dag/dag_psql.py                                                                                                                       1           0  0.21s           2026-05-07T17:39:24                      10
/home/rodrigo/Escritorio/BBDDAvanzadas/.venv/lib/python3.12/site-packages/airflow/example_dags/example_datasets.py                                                                 10           0  0.21s           2026-05-07T17:38:57                      49
/home/rodrigo/Escritorio/BBDDAvanzadas/.venv/lib/python3.12/site-packages/airflow/example_dags/example_short_circuit_decorator.py                                                   1           0  0.21s           2026-05-07T17:39:52                      10
/home/rodrigo/Escritorio/BBDDAvanzadas/.venv/lib/python3.12/site-packages/airflow/example_dags/example_python_decorator.py                                                          1           0  0.21s           2026-05-07T17:39:57                      10
/home/rodrigo/Escritorio/BBDDAvanzadas/.venv/lib/python3.12/site-packages/airflow/example_dags/example_branch_python_dop_operator_3.py                                              1           0  0.21s           2026-05-07T17:39:03                      12
/home/rodrigo/Escritorio/BBDDAvanzadas/.venv/lib/python3.12/site-packages/airflow/example_dags/example_task_group_decorator.py                                                      1           0  0.14s           2026-05-07T17:39:45                      10
/home/rodrigo/Escritorio/BBDDAvanzadas/.venv/lib/python3.12/site-packages/airflow/example_dags/example_short_circuit_operator.py                                                    1           0  0.13s           2026-05-07T17:39:51                      10
/home/rodrigo/Escritorio/BBDDAvanzadas/.venv/lib/python3.12/site-packages/airflow/example_dags/example_dynamic_task_mapping_with_no_taskflow_operators.py                           1           0  0.13s           2026-05-07T17:38:54                      10
/home/rodrigo/Escritorio/BBDDAvanzadas/.venv/lib/python3.12/site-packages/airflow/example_dags/example_task_group.py                                                                1           0  0.13s           2026-05-07T17:39:47                      10
/home/rodrigo/Escritorio/BBDDAvanzadas/.venv/lib/python3.12/site-packages/airflow/example_dags/example_dynamic_task_mapping.py                                                      1           0  0.13s           2026-05-07T17:38:55                      10
/home/rodrigo/Escritorio/BBDDAvanzadas/.venv/lib/python3.12/site-packages/airflow/example_dags/example_kubernetes_executor.py                                                       0           0  0.12s           2026-05-07T17:38:51                       3
/home/rodrigo/Escritorio/BBDDAvanzadas/.venv/lib/python3.12/site-packages/airflow/example_dags/example_branch_operator_decorator.py                                                 0           0  0.12s           2026-05-07T17:39:03                       3
/home/rodrigo/Escritorio/BBDDAvanzadas/.venv/lib/python3.12/site-packages/airflow/example_dags/tutorial_taskflow_api.py                                                             1           0  0.12s           2026-05-07T17:39:33                      10
/home/rodrigo/Escritorio/BBDDAvanzadas/.venv/lib/python3.12/site-packages/airflow/example_dags/example_xcom.py                                                                      1           0  0.12s           2026-05-07T17:39:39                      12
/home/rodrigo/Escritorio/BBDDAvanzadas/.venv/lib/python3.12/site-packages/airflow/example_dags/example_setup_teardown_taskflow.py                                                   1           0  0.12s           2026-05-07T17:39:53                      10
/home/rodrigo/Escritorio/BBDDAvanzadas/.venv/lib/python3.12/site-packages/airflow/example_dags/tutorial_taskflow_api_virtualenv.py                                                  0           0  0.12s           2026-05-07T17:39:32                       3
/home/rodrigo/Escritorio/BBDDAvanzadas/.venv/lib/python3.12/site-packages/airflow/example_dags/plugins/decreasing_priority_weight_strategy.py                                       0           0  0.12s           2026-05-07T17:39:30                       3
/home/rodrigo/Escritorio/BBDDAvanzadas/.venv/lib/python3.12/site-packages/airflow/example_dags/example_sensors.py                                                                   1           0  0.12s           2026-05-07T17:39:55                      10
/home/rodrigo/Escritorio/BBDDAvanzadas/.venv/lib/python3.12/site-packages/airflow/example_dags/example_time_delta_sensor_async.py                                                   1           0  0.12s           2026-05-07T17:39:44                      10
/home/rodrigo/Escritorio/BBDDAvanzadas/.venv/lib/python3.12/site-packages/airflow/example_dags/plugins/event_listener.py                                                            0           0  0.11s           2026-05-07T17:39:29                       3
/home/rodrigo/Escritorio/BBDDAvanzadas/.venv/lib/python3.12/site-packages/airflow/example_dags/subdags/subdag.py                                                                    0           0  0.11s           2026-05-07T17:39:25                       3
/home/rodrigo/Escritorio/BBDDAvanzadas/.venv/lib/python3.12/site-packages/airflow/example_dags/plugins/listener_plugin.py                                                           0           0  0.11s           2026-05-07T17:39:28                       3
/home/rodrigo/Escritorio/BBDDAvanzadas/.venv/lib/python3.12/site-packages/airflow/example_dags/plugins/workday.py                                                                   0           0  0.11s           2026-05-07T17:39:26                       3
/home/rodrigo/Escritorio/BBDDAvanzadas/.venv/lib/python3.12/site-packages/airflow/example_dags/example_branch_operator.py                                                           0           0  0.11s           2026-05-07T17:39:04                       3
/home/rodrigo/Escritorio/BBDDAvanzadas/.venv/lib/python3.12/site-packages/airflow/example_dags/example_local_kubernetes_executor.py                                                 0           0  0.11s           2026-05-07T17:38:47                       3
/home/rodrigo/Escritorio/BBDDAvanzadas/.venv/lib/python3.12/site-packages/airflow/example_dags/example_sensor_decorator.py                                                          1           0  0.11s           2026-05-07T17:39:56                      10
/home/rodrigo/Escritorio/BBDDAvanzadas/.venv/lib/python3.12/site-packages/airflow/example_dags/example_bash_decorator.py                                                            1           0  0.11s           2026-05-07T17:39:14                      10
================================================================================
[2026-05-07T19:40:35.258+0200] {manager.py:997} INFO - 
================================================================================
DAG File Processing Stats

File Path                                                                                                                                                  PID    Runtime      # DAGs    # Errors  Last Runtime    Last Run               Last # of DB Queries
---------------------------------------------------------------------------------------------------------------------------------------------------------  -----  ---------  --------  ----------  --------------  -------------------  ----------------------
/home/rodrigo/Escritorio/BBDDAvanzadas/.venv/lib/python3.12/site-packages/airflow/example_dags/example_dag_decorator.py                                                             1           0  0.73s           2026-05-07T17:40:35                      32
/home/rodrigo/Escritorio/BBDDAvanzadas/.venv/lib/python3.12/site-packages/airflow/example_dags/example_latest_only.py                                                               1           0  0.72s           2026-05-07T17:40:20                      12
/home/rodrigo/Escritorio/BBDDAvanzadas/.venv/lib/python3.12/site-packages/airflow/example_dags/example_latest_only_with_trigger.py                                                  1           0  0.66s           2026-05-07T17:40:18                      12
/home/rodrigo/Escritorio/BBDDAvanzadas/.venv/lib/python3.12/site-packages/airflow/example_dags/example_dataset_alias_with_no_taskflow.py                                            4           0  0.44s           2026-05-07T17:40:28                      27
/home/rodrigo/Escritorio/BBDDAvanzadas/.venv/lib/python3.12/site-packages/airflow/example_dags/example_datasets.py                                                                 10           0  0.43s           2026-05-07T17:40:26                      49
/home/rodrigo/Escritorio/BBDDAvanzadas/.venv/lib/python3.12/site-packages/airflow/example_dags/example_bash_operator.py                                                             1           0  0.32s           2026-05-07T17:39:10                      12
/home/rodrigo/Escritorio/BBDDAvanzadas/.venv/lib/python3.12/site-packages/airflow/example_dags/example_branch_datetime_operator.py                                                  3           0  0.31s           2026-05-07T17:39:08                      18
/home/rodrigo/Escritorio/BBDDAvanzadas/.venv/lib/python3.12/site-packages/airflow/example_dags/example_trigger_target_dag.py                                                        1           0  0.24s           2026-05-07T17:39:42                      10
/home/rodrigo/Escritorio/BBDDAvanzadas/.venv/lib/python3.12/site-packages/airflow/example_dags/example_xcomargs.py                                                                  2           0  0.24s           2026-05-07T17:39:38                      13
/home/rodrigo/Escritorio/BBDDAvanzadas/.venv/lib/python3.12/site-packages/airflow/example_dags/example_workday_timetable.py                                                         1           0  0.23s           2026-05-07T17:39:40                      12
/home/rodrigo/Escritorio/BBDDAvanzadas/.venv/lib/python3.12/site-packages/airflow/example_dags/example_trigger_controller_dag.py                                                    1           0  0.23s           2026-05-07T17:39:43                      12
/home/rodrigo/Escritorio/BBDDAvanzadas/.venv/lib/python3.12/site-packages/airflow/example_dags/tutorial_dag.py                                                                      1           0  0.23s           2026-05-07T17:39:35                      10
/home/rodrigo/Escritorio/BBDDAvanzadas/.venv/lib/python3.12/site-packages/airflow/example_dags/example_display_name.py                                                              1           0  0.23s           2026-05-07T17:40:25                      10
/home/rodrigo/Escritorio/BBDDAvanzadas/.venv/lib/python3.12/site-packages/airflow/example_dags/example_params_trigger_ui.py                                                         1           0  0.22s           2026-05-07T17:40:01                      10
/home/rodrigo/Escritorio/BBDDAvanzadas/.venv/lib/python3.12/site-packages/airflow/example_dags/example_dynamic_task_mapping.py                                                      1           0  0.22s           2026-05-07T17:40:25                      10
/home/rodrigo/Escritorio/BBDDAvanzadas/.venv/lib/python3.12/site-packages/airflow/example_dags/example_nested_branch_dag.py                                                         1           0  0.22s           2026-05-07T17:40:04                      12
/home/rodrigo/Escritorio/BBDDAvanzadas/.venv/lib/python3.12/site-packages/airflow/example_dags/example_branch_labels.py                                                             1           0  0.22s           2026-05-07T17:39:06                      12
/home/rodrigo/Escritorio/BBDDAvanzadas/.venv/lib/python3.12/site-packages/airflow/example_dags/example_setup_teardown.py                                                            1           0  0.22s           2026-05-07T17:39:54                      10
/home/rodrigo/Escritorio/BBDDAvanzadas/models/dag/dag_sqlite.py                                                                                                                     1           0  0.22s           2026-05-07T17:40:05                      10
/home/rodrigo/Escritorio/BBDDAvanzadas/.venv/lib/python3.12/site-packages/airflow/example_dags/example_passing_params_via_test_command.py                                           1           0  0.22s           2026-05-07T17:39:59                      12
/home/rodrigo/Escritorio/BBDDAvanzadas/.venv/lib/python3.12/site-packages/airflow/example_dags/example_params_ui_tutorial.py                                                        1           0  0.22s           2026-05-07T17:40:00                      10
/home/rodrigo/Escritorio/BBDDAvanzadas/.venv/lib/python3.12/site-packages/airflow/example_dags/example_sla_dag.py                                                                   1           0  0.22s           2026-05-07T17:39:48                      12
/home/rodrigo/Escritorio/BBDDAvanzadas/.venv/lib/python3.12/site-packages/airflow/example_dags/example_skip_dag.py                                                                  1           0  0.22s           2026-05-07T17:39:49                      12
/home/rodrigo/Escritorio/BBDDAvanzadas/models/dag/dag_psql.py                                                                                                                       1           0  0.22s           2026-05-07T17:40:07                      10
/home/rodrigo/Escritorio/BBDDAvanzadas/.venv/lib/python3.12/site-packages/airflow/example_dags/example_dynamic_task_mapping_with_no_taskflow_operators.py                           1           0  0.22s           2026-05-07T17:40:24                      10
/home/rodrigo/Escritorio/BBDDAvanzadas/.venv/lib/python3.12/site-packages/airflow/example_dags/example_branch_day_of_week_operator.py                                               1           0  0.22s           2026-05-07T17:39:07                      12
/home/rodrigo/Escritorio/BBDDAvanzadas/.venv/lib/python3.12/site-packages/airflow/example_dags/tutorial.py                                                                          1           0  0.22s           2026-05-07T17:39:36                      12
/home/rodrigo/Escritorio/BBDDAvanzadas/.venv/lib/python3.12/site-packages/airflow/example_dags/example_subdag_operator.py                                                           3           0  0.22s           2026-05-07T17:39:48                      20
/home/rodrigo/Escritorio/BBDDAvanzadas/.venv/lib/python3.12/site-packages/airflow/example_dags/example_dataset_alias.py                                                             4           0  0.21s           2026-05-07T17:40:29                      27
/home/rodrigo/Escritorio/BBDDAvanzadas/.venv/lib/python3.12/site-packages/airflow/example_dags/example_external_task_marker_dag.py                                                  2           0  0.21s           2026-05-07T17:40:22                      13
/home/rodrigo/Escritorio/BBDDAvanzadas/.venv/lib/python3.12/site-packages/airflow/example_dags/tutorial_taskflow_api.py                                                             1           0  0.21s           2026-05-07T17:40:15                      10
/home/rodrigo/Escritorio/BBDDAvanzadas/.venv/lib/python3.12/site-packages/airflow/example_dags/example_python_operator.py                                                           1           0  0.21s           2026-05-07T17:39:57                      10
/home/rodrigo/Escritorio/BBDDAvanzadas/.venv/lib/python3.12/site-packages/airflow/example_dags/example_complex.py                                                                   1           0  0.21s           2026-05-07T17:39:01                      10
/home/rodrigo/Escritorio/BBDDAvanzadas/.venv/lib/python3.12/site-packages/airflow/example_dags/example_short_circuit_decorator.py                                                   1           0  0.21s           2026-05-07T17:39:52                      10
/home/rodrigo/Escritorio/BBDDAvanzadas/.venv/lib/python3.12/site-packages/airflow/example_dags/example_python_decorator.py                                                          1           0  0.21s           2026-05-07T17:39:57                      10
/home/rodrigo/Escritorio/BBDDAvanzadas/.venv/lib/python3.12/site-packages/airflow/example_dags/example_outlet_event_extra.py                                                        3           0  0.21s           2026-05-07T17:40:03                      19
/home/rodrigo/Escritorio/BBDDAvanzadas/.venv/lib/python3.12/site-packages/airflow/example_dags/example_branch_python_dop_operator_3.py                                              1           0  0.21s           2026-05-07T17:39:03                      12
/home/rodrigo/Escritorio/BBDDAvanzadas/.venv/lib/python3.12/site-packages/airflow/example_dags/subdags/subdag.py                                                                    0           0  0.15s           2026-05-07T17:40:08                       3
/home/rodrigo/Escritorio/BBDDAvanzadas/.venv/lib/python3.12/site-packages/airflow/example_dags/tutorial_taskflow_templates.py                                                       1           0  0.15s           2026-05-07T17:40:13                      12
/home/rodrigo/Escritorio/BBDDAvanzadas/.venv/lib/python3.12/site-packages/airflow/example_dags/example_task_group_decorator.py                                                      1           0  0.14s           2026-05-07T17:39:45                      10
/home/rodrigo/Escritorio/BBDDAvanzadas/.venv/lib/python3.12/site-packages/airflow/example_dags/example_kubernetes_executor.py                                                       0           0  0.13s           2026-05-07T17:40:21                       3
/home/rodrigo/Escritorio/BBDDAvanzadas/.venv/lib/python3.12/site-packages/airflow/example_dags/example_short_circuit_operator.py                                                    1           0  0.13s           2026-05-07T17:39:51                      10
/home/rodrigo/Escritorio/BBDDAvanzadas/.venv/lib/python3.12/site-packages/airflow/example_dags/example_task_group.py                                                                1           0  0.13s           2026-05-07T17:39:47                      10
/home/rodrigo/Escritorio/BBDDAvanzadas/.venv/lib/python3.12/site-packages/airflow/example_dags/tutorial_taskflow_api_virtualenv.py                                                  0           0  0.13s           2026-05-07T17:40:14                       3
/home/rodrigo/Escritorio/BBDDAvanzadas/.venv/lib/python3.12/site-packages/airflow/example_dags/example_branch_operator_decorator.py                                                 0           0  0.12s           2026-05-07T17:39:03                       3
/home/rodrigo/Escritorio/BBDDAvanzadas/.venv/lib/python3.12/site-packages/airflow/example_dags/example_xcom.py                                                                      1           0  0.12s           2026-05-07T17:39:39                      12
/home/rodrigo/Escritorio/BBDDAvanzadas/.venv/lib/python3.12/site-packages/airflow/example_dags/example_local_kubernetes_executor.py                                                 0           0  0.12s           2026-05-07T17:40:05                       3
/home/rodrigo/Escritorio/BBDDAvanzadas/.venv/lib/python3.12/site-packages/airflow/example_dags/example_setup_teardown_taskflow.py                                                   1           0  0.12s           2026-05-07T17:39:53                      10
/home/rodrigo/Escritorio/BBDDAvanzadas/.venv/lib/python3.12/site-packages/airflow/example_dags/plugins/workday.py                                                                   0           0  0.12s           2026-05-07T17:40:09                       3
/home/rodrigo/Escritorio/BBDDAvanzadas/.venv/lib/python3.12/site-packages/airflow/example_dags/example_sensors.py                                                                   1           0  0.12s           2026-05-07T17:39:55                      10
/home/rodrigo/Escritorio/BBDDAvanzadas/.venv/lib/python3.12/site-packages/airflow/example_dags/example_time_delta_sensor_async.py                                                   1           0  0.12s           2026-05-07T17:39:44                      10
/home/rodrigo/Escritorio/BBDDAvanzadas/.venv/lib/python3.12/site-packages/airflow/example_dags/tutorial_objectstorage.py                                                            1           0  0.11s           2026-05-07T17:40:16                      10
/home/rodrigo/Escritorio/BBDDAvanzadas/.venv/lib/python3.12/site-packages/airflow/example_dags/plugins/event_listener.py                                                            0           0  0.11s           2026-05-07T17:40:11                       3
/home/rodrigo/Escritorio/BBDDAvanzadas/.venv/lib/python3.12/site-packages/airflow/example_dags/example_branch_operator.py                                                           0           0  0.11s           2026-05-07T17:39:04                       3
/home/rodrigo/Escritorio/BBDDAvanzadas/.venv/lib/python3.12/site-packages/airflow/example_dags/example_sensor_decorator.py                                                          1           0  0.11s           2026-05-07T17:39:56                      10
/home/rodrigo/Escritorio/BBDDAvanzadas/.venv/lib/python3.12/site-packages/airflow/example_dags/plugins/decreasing_priority_weight_strategy.py                                       0           0  0.11s           2026-05-07T17:40:12                       3
/home/rodrigo/Escritorio/BBDDAvanzadas/.venv/lib/python3.12/site-packages/airflow/example_dags/plugins/listener_plugin.py                                                           0           0  0.11s           2026-05-07T17:40:10                       3
/home/rodrigo/Escritorio/BBDDAvanzadas/.venv/lib/python3.12/site-packages/airflow/example_dags/example_inlet_event_extra.py                                                         2           0  0.11s           2026-05-07T17:40:21                      15
/home/rodrigo/Escritorio/BBDDAvanzadas/.venv/lib/python3.12/site-packages/airflow/example_dags/example_bash_decorator.py                                                            1           0  0.11s           2026-05-07T17:39:14                      10
================================================================================
[2026-05-07T19:41:06.070+0200] {manager.py:997} INFO - 
================================================================================
DAG File Processing Stats

File Path                                                                                                                                                  PID    Runtime      # DAGs    # Errors  Last Runtime    Last Run               Last # of DB Queries
---------------------------------------------------------------------------------------------------------------------------------------------------------  -----  ---------  --------  ----------  --------------  -------------------  ----------------------
/home/rodrigo/Escritorio/BBDDAvanzadas/.venv/lib/python3.12/site-packages/airflow/example_dags/example_dag_decorator.py                                                             1           0  0.73s           2026-05-07T17:40:35                      32
/home/rodrigo/Escritorio/BBDDAvanzadas/.venv/lib/python3.12/site-packages/airflow/example_dags/example_latest_only.py                                                               1           0  0.72s           2026-05-07T17:40:20                      12
/home/rodrigo/Escritorio/BBDDAvanzadas/.venv/lib/python3.12/site-packages/airflow/example_dags/example_latest_only_with_trigger.py                                                  1           0  0.66s           2026-05-07T17:40:18                      12
/home/rodrigo/Escritorio/BBDDAvanzadas/.venv/lib/python3.12/site-packages/airflow/example_dags/example_dataset_alias_with_no_taskflow.py                                            4           0  0.44s           2026-05-07T17:40:28                      27
/home/rodrigo/Escritorio/BBDDAvanzadas/.venv/lib/python3.12/site-packages/airflow/example_dags/example_datasets.py                                                                 10           0  0.43s           2026-05-07T17:40:26                      49
/home/rodrigo/Escritorio/BBDDAvanzadas/.venv/lib/python3.12/site-packages/airflow/example_dags/example_bash_operator.py                                                             1           0  0.25s           2026-05-07T17:40:51                      12
/home/rodrigo/Escritorio/BBDDAvanzadas/.venv/lib/python3.12/site-packages/airflow/example_dags/example_trigger_target_dag.py                                                        1           0  0.24s           2026-05-07T17:39:42                      10
/home/rodrigo/Escritorio/BBDDAvanzadas/.venv/lib/python3.12/site-packages/airflow/example_dags/example_complex.py                                                                   1           0  0.24s           2026-05-07T17:40:40                      10
/home/rodrigo/Escritorio/BBDDAvanzadas/.venv/lib/python3.12/site-packages/airflow/example_dags/example_xcomargs.py                                                                  2           0  0.24s           2026-05-07T17:39:38                      13
/home/rodrigo/Escritorio/BBDDAvanzadas/.venv/lib/python3.12/site-packages/airflow/example_dags/example_workday_timetable.py                                                         1           0  0.23s           2026-05-07T17:39:40                      12
/home/rodrigo/Escritorio/BBDDAvanzadas/.venv/lib/python3.12/site-packages/airflow/example_dags/example_trigger_controller_dag.py                                                    1           0  0.23s           2026-05-07T17:39:43                      12
/home/rodrigo/Escritorio/BBDDAvanzadas/.venv/lib/python3.12/site-packages/airflow/example_dags/tutorial_objectstorage.py                                                            1           0  0.23s           2026-05-07T17:41:03                      10
/home/rodrigo/Escritorio/BBDDAvanzadas/.venv/lib/python3.12/site-packages/airflow/example_dags/example_display_name.py                                                              1           0  0.23s           2026-05-07T17:40:25                      10
/home/rodrigo/Escritorio/BBDDAvanzadas/.venv/lib/python3.12/site-packages/airflow/example_dags/example_bash_decorator.py                                                            1           0  0.22s           2026-05-07T17:40:53                      10
/home/rodrigo/Escritorio/BBDDAvanzadas/.venv/lib/python3.12/site-packages/airflow/example_dags/example_params_trigger_ui.py                                                         1           0  0.22s           2026-05-07T17:40:01                      10
/home/rodrigo/Escritorio/BBDDAvanzadas/.venv/lib/python3.12/site-packages/airflow/example_dags/example_dynamic_task_mapping.py                                                      1           0  0.22s           2026-05-07T17:40:25                      10
/home/rodrigo/Escritorio/BBDDAvanzadas/.venv/lib/python3.12/site-packages/airflow/example_dags/example_nested_branch_dag.py                                                         1           0  0.22s           2026-05-07T17:40:04                      12
/home/rodrigo/Escritorio/BBDDAvanzadas/.venv/lib/python3.12/site-packages/airflow/example_dags/example_setup_teardown.py                                                            1           0  0.22s           2026-05-07T17:39:54                      10
/home/rodrigo/Escritorio/BBDDAvanzadas/.venv/lib/python3.12/site-packages/airflow/example_dags/example_branch_datetime_operator.py                                                  3           0  0.22s           2026-05-07T17:40:50                      18
/home/rodrigo/Escritorio/BBDDAvanzadas/.venv/lib/python3.12/site-packages/airflow/example_dags/example_passing_params_via_test_command.py                                           1           0  0.22s           2026-05-07T17:39:59                      12
/home/rodrigo/Escritorio/BBDDAvanzadas/.venv/lib/python3.12/site-packages/airflow/example_dags/example_params_ui_tutorial.py                                                        1           0  0.22s           2026-05-07T17:40:00                      10
/home/rodrigo/Escritorio/BBDDAvanzadas/.venv/lib/python3.12/site-packages/airflow/example_dags/example_sla_dag.py                                                                   1           0  0.22s           2026-05-07T17:39:48                      12
/home/rodrigo/Escritorio/BBDDAvanzadas/.venv/lib/python3.12/site-packages/airflow/example_dags/example_skip_dag.py                                                                  1           0  0.22s           2026-05-07T17:39:49                      12
/home/rodrigo/Escritorio/BBDDAvanzadas/.venv/lib/python3.12/site-packages/airflow/example_dags/tutorial_dag.py                                                                      1           0  0.22s           2026-05-07T17:41:04                      10
/home/rodrigo/Escritorio/BBDDAvanzadas/.venv/lib/python3.12/site-packages/airflow/example_dags/example_branch_day_of_week_operator.py                                               1           0  0.22s           2026-05-07T17:40:50                      12
/home/rodrigo/Escritorio/BBDDAvanzadas/.venv/lib/python3.12/site-packages/airflow/example_dags/example_dynamic_task_mapping_with_no_taskflow_operators.py                           1           0  0.22s           2026-05-07T17:40:24                      10
/home/rodrigo/Escritorio/BBDDAvanzadas/models/dag/dag_psql.py                                                                                                                       1           0  0.22s           2026-05-07T17:40:55                      10
/home/rodrigo/Escritorio/BBDDAvanzadas/.venv/lib/python3.12/site-packages/airflow/example_dags/example_subdag_operator.py                                                           3           0  0.22s           2026-05-07T17:39:48                      20
/home/rodrigo/Escritorio/BBDDAvanzadas/.venv/lib/python3.12/site-packages/airflow/example_dags/example_branch_python_dop_operator_3.py                                              1           0  0.22s           2026-05-07T17:40:45                      12
/home/rodrigo/Escritorio/BBDDAvanzadas/.venv/lib/python3.12/site-packages/airflow/example_dags/example_branch_labels.py                                                             1           0  0.21s           2026-05-07T17:40:48                      12
/home/rodrigo/Escritorio/BBDDAvanzadas/.venv/lib/python3.12/site-packages/airflow/example_dags/example_dataset_alias.py                                                             4           0  0.21s           2026-05-07T17:40:29                      27
/home/rodrigo/Escritorio/BBDDAvanzadas/.venv/lib/python3.12/site-packages/airflow/example_dags/example_external_task_marker_dag.py                                                  2           0  0.21s           2026-05-07T17:40:22                      13
/home/rodrigo/Escritorio/BBDDAvanzadas/.venv/lib/python3.12/site-packages/airflow/example_dags/example_python_operator.py                                                           1           0  0.21s           2026-05-07T17:39:57                      10
/home/rodrigo/Escritorio/BBDDAvanzadas/.venv/lib/python3.12/site-packages/airflow/example_dags/tutorial_taskflow_templates.py                                                       1           0  0.21s           2026-05-07T17:41:00                      12
/home/rodrigo/Escritorio/BBDDAvanzadas/.venv/lib/python3.12/site-packages/airflow/example_dags/example_short_circuit_decorator.py                                                   1           0  0.21s           2026-05-07T17:39:52                      10
/home/rodrigo/Escritorio/BBDDAvanzadas/models/dag/dag_sqlite.py                                                                                                                     1           0  0.21s           2026-05-07T17:40:54                      10
/home/rodrigo/Escritorio/BBDDAvanzadas/.venv/lib/python3.12/site-packages/airflow/example_dags/example_python_decorator.py                                                          1           0  0.21s           2026-05-07T17:39:57                      10
/home/rodrigo/Escritorio/BBDDAvanzadas/.venv/lib/python3.12/site-packages/airflow/example_dags/tutorial.py                                                                          1           0  0.21s           2026-05-07T17:41:06                      12
/home/rodrigo/Escritorio/BBDDAvanzadas/.venv/lib/python3.12/site-packages/airflow/example_dags/example_outlet_event_extra.py                                                        3           0  0.21s           2026-05-07T17:40:03                      19
/home/rodrigo/Escritorio/BBDDAvanzadas/.venv/lib/python3.12/site-packages/airflow/example_dags/example_task_group_decorator.py                                                      1           0  0.14s           2026-05-07T17:39:45                      10
/home/rodrigo/Escritorio/BBDDAvanzadas/.venv/lib/python3.12/site-packages/airflow/example_dags/example_kubernetes_executor.py                                                       0           0  0.13s           2026-05-07T17:40:21                       3
/home/rodrigo/Escritorio/BBDDAvanzadas/.venv/lib/python3.12/site-packages/airflow/example_dags/example_short_circuit_operator.py                                                    1           0  0.13s           2026-05-07T17:39:51                      10
/home/rodrigo/Escritorio/BBDDAvanzadas/.venv/lib/python3.12/site-packages/airflow/example_dags/example_branch_operator.py                                                           0           0  0.13s           2026-05-07T17:40:47                       3
/home/rodrigo/Escritorio/BBDDAvanzadas/.venv/lib/python3.12/site-packages/airflow/example_dags/example_task_group.py                                                                1           0  0.13s           2026-05-07T17:39:47                      10
/home/rodrigo/Escritorio/BBDDAvanzadas/.venv/lib/python3.12/site-packages/airflow/example_dags/plugins/event_listener.py                                                            0           0  0.12s           2026-05-07T17:40:58                       3
/home/rodrigo/Escritorio/BBDDAvanzadas/.venv/lib/python3.12/site-packages/airflow/example_dags/plugins/listener_plugin.py                                                           0           0  0.12s           2026-05-07T17:40:57                       3
/home/rodrigo/Escritorio/BBDDAvanzadas/.venv/lib/python3.12/site-packages/airflow/example_dags/subdags/subdag.py                                                                    0           0  0.12s           2026-05-07T17:40:55                       3
/home/rodrigo/Escritorio/BBDDAvanzadas/.venv/lib/python3.12/site-packages/airflow/example_dags/example_xcom.py                                                                      1           0  0.12s           2026-05-07T17:39:39                      12
/home/rodrigo/Escritorio/BBDDAvanzadas/.venv/lib/python3.12/site-packages/airflow/example_dags/example_local_kubernetes_executor.py                                                 0           0  0.12s           2026-05-07T17:40:05                       3
/home/rodrigo/Escritorio/BBDDAvanzadas/.venv/lib/python3.12/site-packages/airflow/example_dags/example_setup_teardown_taskflow.py                                                   1           0  0.12s           2026-05-07T17:39:53                      10
/home/rodrigo/Escritorio/BBDDAvanzadas/.venv/lib/python3.12/site-packages/airflow/example_dags/example_sensors.py                                                                   1           0  0.12s           2026-05-07T17:39:55                      10
/home/rodrigo/Escritorio/BBDDAvanzadas/.venv/lib/python3.12/site-packages/airflow/example_dags/plugins/workday.py                                                                   0           0  0.12s           2026-05-07T17:40:57                       3
/home/rodrigo/Escritorio/BBDDAvanzadas/.venv/lib/python3.12/site-packages/airflow/example_dags/example_time_delta_sensor_async.py                                                   1           0  0.12s           2026-05-07T17:39:44                      10
/home/rodrigo/Escritorio/BBDDAvanzadas/.venv/lib/python3.12/site-packages/airflow/example_dags/tutorial_taskflow_api.py                                                             1           0  0.11s           2026-05-07T17:41:02                      10
/home/rodrigo/Escritorio/BBDDAvanzadas/.venv/lib/python3.12/site-packages/airflow/example_dags/example_branch_operator_decorator.py                                                 0           0  0.11s           2026-05-07T17:40:46                       3
/home/rodrigo/Escritorio/BBDDAvanzadas/.venv/lib/python3.12/site-packages/airflow/example_dags/example_sensor_decorator.py                                                          1           0  0.11s           2026-05-07T17:39:56                      10
/home/rodrigo/Escritorio/BBDDAvanzadas/.venv/lib/python3.12/site-packages/airflow/example_dags/example_inlet_event_extra.py                                                         2           0  0.11s           2026-05-07T17:40:21                      15
/home/rodrigo/Escritorio/BBDDAvanzadas/.venv/lib/python3.12/site-packages/airflow/example_dags/plugins/decreasing_priority_weight_strategy.py                                       0           0  0.11s           2026-05-07T17:40:59                       3
/home/rodrigo/Escritorio/BBDDAvanzadas/.venv/lib/python3.12/site-packages/airflow/example_dags/tutorial_taskflow_api_virtualenv.py                                                  0           0  0.11s           2026-05-07T17:41:01                       3
================================================================================
[2026-05-07T19:41:37.113+0200] {manager.py:997} INFO - 
================================================================================
DAG File Processing Stats

File Path                                                                                                                                                  PID    Runtime      # DAGs    # Errors  Last Runtime    Last Run               Last # of DB Queries
---------------------------------------------------------------------------------------------------------------------------------------------------------  -----  ---------  --------  ----------  --------------  -------------------  ----------------------
/home/rodrigo/Escritorio/BBDDAvanzadas/.venv/lib/python3.12/site-packages/airflow/example_dags/example_dag_decorator.py                                                             1           0  0.73s           2026-05-07T17:40:35                      32
/home/rodrigo/Escritorio/BBDDAvanzadas/.venv/lib/python3.12/site-packages/airflow/example_dags/example_dataset_alias_with_no_taskflow.py                                            4           0  0.44s           2026-05-07T17:40:28                      27
/home/rodrigo/Escritorio/BBDDAvanzadas/.venv/lib/python3.12/site-packages/airflow/example_dags/example_datasets.py                                                                 10           0  0.43s           2026-05-07T17:40:26                      49
/home/rodrigo/Escritorio/BBDDAvanzadas/.venv/lib/python3.12/site-packages/airflow/example_dags/example_bash_operator.py                                                             1           0  0.25s           2026-05-07T17:40:51                      12
/home/rodrigo/Escritorio/BBDDAvanzadas/.venv/lib/python3.12/site-packages/airflow/example_dags/example_sensor_decorator.py                                                          1           0  0.24s           2026-05-07T17:41:24                      10
/home/rodrigo/Escritorio/BBDDAvanzadas/.venv/lib/python3.12/site-packages/airflow/example_dags/example_time_delta_sensor_async.py                                                   1           0  0.24s           2026-05-07T17:41:11                      10
/home/rodrigo/Escritorio/BBDDAvanzadas/.venv/lib/python3.12/site-packages/airflow/example_dags/example_complex.py                                                                   1           0  0.24s           2026-05-07T17:40:40                      10
/home/rodrigo/Escritorio/BBDDAvanzadas/.venv/lib/python3.12/site-packages/airflow/example_dags/example_subdag_operator.py                                                           3           0  0.24s           2026-05-07T17:41:15                      20
/home/rodrigo/Escritorio/BBDDAvanzadas/.venv/lib/python3.12/site-packages/airflow/example_dags/example_params_trigger_ui.py                                                         1           0  0.23s           2026-05-07T17:41:30                      10
/home/rodrigo/Escritorio/BBDDAvanzadas/.venv/lib/python3.12/site-packages/airflow/example_dags/example_params_ui_tutorial.py                                                        1           0  0.23s           2026-05-07T17:41:29                      10
/home/rodrigo/Escritorio/BBDDAvanzadas/.venv/lib/python3.12/site-packages/airflow/example_dags/example_xcomargs.py                                                                  2           0  0.23s           2026-05-07T17:41:07                      13
/home/rodrigo/Escritorio/BBDDAvanzadas/.venv/lib/python3.12/site-packages/airflow/example_dags/tutorial_objectstorage.py                                                            1           0  0.23s           2026-05-07T17:41:03                      10
/home/rodrigo/Escritorio/BBDDAvanzadas/.venv/lib/python3.12/site-packages/airflow/example_dags/example_setup_teardown_taskflow.py                                                   1           0  0.23s           2026-05-07T17:41:21                      10
/home/rodrigo/Escritorio/BBDDAvanzadas/.venv/lib/python3.12/site-packages/airflow/example_dags/example_display_name.py                                                              1           0  0.23s           2026-05-07T17:40:25                      10
/home/rodrigo/Escritorio/BBDDAvanzadas/.venv/lib/python3.12/site-packages/airflow/example_dags/example_bash_decorator.py                                                            1           0  0.22s           2026-05-07T17:40:53                      10
/home/rodrigo/Escritorio/BBDDAvanzadas/.venv/lib/python3.12/site-packages/airflow/example_dags/example_short_circuit_decorator.py                                                   1           0  0.22s           2026-05-07T17:41:20                      10
/home/rodrigo/Escritorio/BBDDAvanzadas/.venv/lib/python3.12/site-packages/airflow/example_dags/example_dynamic_task_mapping.py                                                      1           0  0.22s           2026-05-07T17:40:25                      10
/home/rodrigo/Escritorio/BBDDAvanzadas/.venv/lib/python3.12/site-packages/airflow/example_dags/example_python_operator.py                                                           1           0  0.22s           2026-05-07T17:41:25                      10
/home/rodrigo/Escritorio/BBDDAvanzadas/.venv/lib/python3.12/site-packages/airflow/example_dags/example_short_circuit_operator.py                                                    1           0  0.22s           2026-05-07T17:41:19                      10
/home/rodrigo/Escritorio/BBDDAvanzadas/.venv/lib/python3.12/site-packages/airflow/example_dags/example_branch_datetime_operator.py                                                  3           0  0.22s           2026-05-07T17:40:50                      18
/home/rodrigo/Escritorio/BBDDAvanzadas/.venv/lib/python3.12/site-packages/airflow/example_dags/example_outlet_event_extra.py                                                        3           0  0.22s           2026-05-07T17:41:31                      19
/home/rodrigo/Escritorio/BBDDAvanzadas/.venv/lib/python3.12/site-packages/airflow/example_dags/tutorial_dag.py                                                                      1           0  0.22s           2026-05-07T17:41:04                      10
/home/rodrigo/Escritorio/BBDDAvanzadas/.venv/lib/python3.12/site-packages/airflow/example_dags/example_branch_day_of_week_operator.py                                               1           0  0.22s           2026-05-07T17:40:50                      12
/home/rodrigo/Escritorio/BBDDAvanzadas/.venv/lib/python3.12/site-packages/airflow/example_dags/example_dynamic_task_mapping_with_no_taskflow_operators.py                           1           0  0.22s           2026-05-07T17:40:24                      10
/home/rodrigo/Escritorio/BBDDAvanzadas/.venv/lib/python3.12/site-packages/airflow/example_dags/example_latest_only_with_trigger.py                                                  1           0  0.22s           2026-05-07T17:41:34                      12
/home/rodrigo/Escritorio/BBDDAvanzadas/.venv/lib/python3.12/site-packages/airflow/example_dags/example_trigger_target_dag.py                                                        1           0  0.22s           2026-05-07T17:41:10                      10
/home/rodrigo/Escritorio/BBDDAvanzadas/models/dag/dag_psql.py                                                                                                                       1           0  0.22s           2026-05-07T17:40:55                      10
/home/rodrigo/Escritorio/BBDDAvanzadas/.venv/lib/python3.12/site-packages/airflow/example_dags/example_sla_dag.py                                                                   1           0  0.22s           2026-05-07T17:41:16                      12
/home/rodrigo/Escritorio/BBDDAvanzadas/.venv/lib/python3.12/site-packages/airflow/example_dags/example_branch_python_dop_operator_3.py                                              1           0  0.22s           2026-05-07T17:40:45                      12
/home/rodrigo/Escritorio/BBDDAvanzadas/.venv/lib/python3.12/site-packages/airflow/example_dags/example_workday_timetable.py                                                         1           0  0.22s           2026-05-07T17:41:09                      12
/home/rodrigo/Escritorio/BBDDAvanzadas/.venv/lib/python3.12/site-packages/airflow/example_dags/example_python_decorator.py                                                          1           0  0.22s           2026-05-07T17:41:26                      10
/home/rodrigo/Escritorio/BBDDAvanzadas/.venv/lib/python3.12/site-packages/airflow/example_dags/example_setup_teardown.py                                                            1           0  0.22s           2026-05-07T17:41:21                      10
/home/rodrigo/Escritorio/BBDDAvanzadas/.venv/lib/python3.12/site-packages/airflow/example_dags/example_task_group_decorator.py                                                      1           0  0.21s           2026-05-07T17:41:12                      10
/home/rodrigo/Escritorio/BBDDAvanzadas/.venv/lib/python3.12/site-packages/airflow/example_dags/example_branch_labels.py                                                             1           0  0.21s           2026-05-07T17:40:48                      12
/home/rodrigo/Escritorio/BBDDAvanzadas/.venv/lib/python3.12/site-packages/airflow/example_dags/example_dataset_alias.py                                                             4           0  0.21s           2026-05-07T17:40:29                      27
/home/rodrigo/Escritorio/BBDDAvanzadas/.venv/lib/python3.12/site-packages/airflow/example_dags/example_external_task_marker_dag.py                                                  2           0  0.21s           2026-05-07T17:40:22                      13
/home/rodrigo/Escritorio/BBDDAvanzadas/.venv/lib/python3.12/site-packages/airflow/example_dags/example_sensors.py                                                                   1           0  0.21s           2026-05-07T17:41:23                      10
/home/rodrigo/Escritorio/BBDDAvanzadas/.venv/lib/python3.12/site-packages/airflow/example_dags/tutorial_taskflow_templates.py                                                       1           0  0.21s           2026-05-07T17:41:00                      12
/home/rodrigo/Escritorio/BBDDAvanzadas/.venv/lib/python3.12/site-packages/airflow/example_dags/example_skip_dag.py                                                                  1           0  0.21s           2026-05-07T17:41:17                      12
/home/rodrigo/Escritorio/BBDDAvanzadas/.venv/lib/python3.12/site-packages/airflow/example_dags/example_trigger_controller_dag.py                                                    1           0  0.21s           2026-05-07T17:41:10                      12
/home/rodrigo/Escritorio/BBDDAvanzadas/models/dag/dag_sqlite.py                                                                                                                     1           0  0.21s           2026-05-07T17:40:54                      10
/home/rodrigo/Escritorio/BBDDAvanzadas/.venv/lib/python3.12/site-packages/airflow/example_dags/tutorial.py                                                                          1           0  0.21s           2026-05-07T17:41:06                      12
/home/rodrigo/Escritorio/BBDDAvanzadas/.venv/lib/python3.12/site-packages/airflow/example_dags/example_nested_branch_dag.py                                                         1           0  0.21s           2026-05-07T17:41:32                      12
/home/rodrigo/Escritorio/BBDDAvanzadas/.venv/lib/python3.12/site-packages/airflow/example_dags/example_xcom.py                                                                      1           0  0.21s           2026-05-07T17:41:08                      12
/home/rodrigo/Escritorio/BBDDAvanzadas/.venv/lib/python3.12/site-packages/airflow/example_dags/example_passing_params_via_test_command.py                                           1           0  0.21s           2026-05-07T17:41:28                      12
/home/rodrigo/Escritorio/BBDDAvanzadas/.venv/lib/python3.12/site-packages/airflow/example_dags/example_task_group.py                                                                1           0  0.14s           2026-05-07T17:41:13                      10
/home/rodrigo/Escritorio/BBDDAvanzadas/.venv/lib/python3.12/site-packages/airflow/example_dags/example_branch_operator.py                                                           0           0  0.13s           2026-05-07T17:40:47                       3
/home/rodrigo/Escritorio/BBDDAvanzadas/.venv/lib/python3.12/site-packages/airflow/example_dags/plugins/event_listener.py                                                            0           0  0.12s           2026-05-07T17:40:58                       3
/home/rodrigo/Escritorio/BBDDAvanzadas/.venv/lib/python3.12/site-packages/airflow/example_dags/example_latest_only.py                                                               1           0  0.12s           2026-05-07T17:41:35                      12
/home/rodrigo/Escritorio/BBDDAvanzadas/.venv/lib/python3.12/site-packages/airflow/example_dags/plugins/listener_plugin.py                                                           0           0  0.12s           2026-05-07T17:40:57                       3
/home/rodrigo/Escritorio/BBDDAvanzadas/.venv/lib/python3.12/site-packages/airflow/example_dags/subdags/subdag.py                                                                    0           0  0.12s           2026-05-07T17:40:55                       3
/home/rodrigo/Escritorio/BBDDAvanzadas/.venv/lib/python3.12/site-packages/airflow/example_dags/example_kubernetes_executor.py                                                       0           0  0.12s           2026-05-07T17:41:37                       3
/home/rodrigo/Escritorio/BBDDAvanzadas/.venv/lib/python3.12/site-packages/airflow/example_dags/plugins/workday.py                                                                   0           0  0.12s           2026-05-07T17:40:57                       3
/home/rodrigo/Escritorio/BBDDAvanzadas/.venv/lib/python3.12/site-packages/airflow/example_dags/tutorial_taskflow_api.py                                                             1           0  0.11s           2026-05-07T17:41:02                      10
/home/rodrigo/Escritorio/BBDDAvanzadas/.venv/lib/python3.12/site-packages/airflow/example_dags/example_branch_operator_decorator.py                                                 0           0  0.11s           2026-05-07T17:40:46                       3
/home/rodrigo/Escritorio/BBDDAvanzadas/.venv/lib/python3.12/site-packages/airflow/example_dags/example_inlet_event_extra.py                                                         2           0  0.11s           2026-05-07T17:40:21                      15
/home/rodrigo/Escritorio/BBDDAvanzadas/.venv/lib/python3.12/site-packages/airflow/example_dags/plugins/decreasing_priority_weight_strategy.py                                       0           0  0.11s           2026-05-07T17:40:59                       3
/home/rodrigo/Escritorio/BBDDAvanzadas/.venv/lib/python3.12/site-packages/airflow/example_dags/tutorial_taskflow_api_virtualenv.py                                                  0           0  0.11s           2026-05-07T17:41:01                       3
/home/rodrigo/Escritorio/BBDDAvanzadas/.venv/lib/python3.12/site-packages/airflow/example_dags/example_local_kubernetes_executor.py                                                 0           0  0.11s           2026-05-07T17:41:33                       3
================================================================================
[2026-05-07T19:41:58.201+0200] {manager.py:821} INFO - Searching for files in /home/rodrigo/Escritorio/BBDDAvanzadas/models/dag
[2026-05-07T19:41:58.214+0200] {manager.py:824} INFO - There are 59 files in /home/rodrigo/Escritorio/BBDDAvanzadas/models/dag
[2026-05-07T19:42:07.611+0200] {manager.py:997} INFO - 
================================================================================
DAG File Processing Stats

File Path                                                                                                                                                  PID    Runtime      # DAGs    # Errors  Last Runtime    Last Run               Last # of DB Queries
---------------------------------------------------------------------------------------------------------------------------------------------------------  -----  ---------  --------  ----------  --------------  -------------------  ----------------------
/home/rodrigo/Escritorio/BBDDAvanzadas/.venv/lib/python3.12/site-packages/airflow/example_dags/example_dag_decorator.py                                                             1           0  0.34s           2026-05-07T17:42:05                      32
/home/rodrigo/Escritorio/BBDDAvanzadas/.venv/lib/python3.12/site-packages/airflow/example_dags/example_trigger_controller_dag.py                                                    1           0  0.32s           2026-05-07T17:41:58                      12
/home/rodrigo/Escritorio/BBDDAvanzadas/.venv/lib/python3.12/site-packages/airflow/example_dags/example_dynamic_task_mapping.py                                                      1           0  0.32s           2026-05-07T17:41:59                      10
/home/rodrigo/Escritorio/BBDDAvanzadas/.venv/lib/python3.12/site-packages/airflow/example_dags/example_bash_operator.py                                                             1           0  0.25s           2026-05-07T17:40:51                      12
/home/rodrigo/Escritorio/BBDDAvanzadas/.venv/lib/python3.12/site-packages/airflow/example_dags/example_sensor_decorator.py                                                          1           0  0.24s           2026-05-07T17:41:24                      10
/home/rodrigo/Escritorio/BBDDAvanzadas/.venv/lib/python3.12/site-packages/airflow/example_dags/example_workday_timetable.py                                                         1           0  0.24s           2026-05-07T17:41:56                      12
/home/rodrigo/Escritorio/BBDDAvanzadas/.venv/lib/python3.12/site-packages/airflow/example_dags/example_time_delta_sensor_async.py                                                   1           0  0.24s           2026-05-07T17:41:11                      10
/home/rodrigo/Escritorio/BBDDAvanzadas/.venv/lib/python3.12/site-packages/airflow/example_dags/example_subdag_operator.py                                                           3           0  0.24s           2026-05-07T17:41:15                      20
/home/rodrigo/Escritorio/BBDDAvanzadas/.venv/lib/python3.12/site-packages/airflow/example_dags/example_params_trigger_ui.py                                                         1           0  0.23s           2026-05-07T17:41:30                      10
/home/rodrigo/Escritorio/BBDDAvanzadas/.venv/lib/python3.12/site-packages/airflow/example_dags/example_params_ui_tutorial.py                                                        1           0  0.23s           2026-05-07T17:41:29                      10
/home/rodrigo/Escritorio/BBDDAvanzadas/.venv/lib/python3.12/site-packages/airflow/example_dags/tutorial_objectstorage.py                                                            1           0  0.23s           2026-05-07T17:41:51                      10
/home/rodrigo/Escritorio/BBDDAvanzadas/.venv/lib/python3.12/site-packages/airflow/example_dags/example_setup_teardown_taskflow.py                                                   1           0  0.23s           2026-05-07T17:41:21                      10
/home/rodrigo/Escritorio/BBDDAvanzadas/.venv/lib/python3.12/site-packages/airflow/example_dags/example_bash_decorator.py                                                            1           0  0.22s           2026-05-07T17:40:53                      10
/home/rodrigo/Escritorio/BBDDAvanzadas/.venv/lib/python3.12/site-packages/airflow/example_dags/example_xcomargs.py                                                                  2           0  0.22s           2026-05-07T17:41:54                      13
/home/rodrigo/Escritorio/BBDDAvanzadas/.venv/lib/python3.12/site-packages/airflow/example_dags/example_short_circuit_decorator.py                                                   1           0  0.22s           2026-05-07T17:41:20                      10
/home/rodrigo/Escritorio/BBDDAvanzadas/.venv/lib/python3.12/site-packages/airflow/example_dags/example_python_operator.py                                                           1           0  0.22s           2026-05-07T17:41:25                      10
/home/rodrigo/Escritorio/BBDDAvanzadas/.venv/lib/python3.12/site-packages/airflow/example_dags/tutorial_dag.py                                                                      1           0  0.22s           2026-05-07T17:41:52                      10
/home/rodrigo/Escritorio/BBDDAvanzadas/.venv/lib/python3.12/site-packages/airflow/example_dags/example_short_circuit_operator.py                                                    1           0  0.22s           2026-05-07T17:41:19                      10
/home/rodrigo/Escritorio/BBDDAvanzadas/.venv/lib/python3.12/site-packages/airflow/example_dags/example_branch_datetime_operator.py                                                  3           0  0.22s           2026-05-07T17:40:50                      18
/home/rodrigo/Escritorio/BBDDAvanzadas/.venv/lib/python3.12/site-packages/airflow/example_dags/example_xcom.py                                                                      1           0  0.22s           2026-05-07T17:41:55                      12
/home/rodrigo/Escritorio/BBDDAvanzadas/.venv/lib/python3.12/site-packages/airflow/example_dags/example_outlet_event_extra.py                                                        3           0  0.22s           2026-05-07T17:41:31                      19
/home/rodrigo/Escritorio/BBDDAvanzadas/.venv/lib/python3.12/site-packages/airflow/example_dags/example_branch_day_of_week_operator.py                                               1           0  0.22s           2026-05-07T17:40:50                      12
/home/rodrigo/Escritorio/BBDDAvanzadas/.venv/lib/python3.12/site-packages/airflow/example_dags/example_latest_only_with_trigger.py                                                  1           0  0.22s           2026-05-07T17:41:34                      12
/home/rodrigo/Escritorio/BBDDAvanzadas/.venv/lib/python3.12/site-packages/airflow/example_dags/example_display_name.py                                                              1           0  0.22s           2026-05-07T17:42:01                      10
/home/rodrigo/Escritorio/BBDDAvanzadas/models/dag/dag_sqlite.py                                                                                                                     1           0  0.22s           2026-05-07T17:41:40                      10
/home/rodrigo/Escritorio/BBDDAvanzadas/.venv/lib/python3.12/site-packages/airflow/example_dags/example_sla_dag.py                                                                   1           0  0.22s           2026-05-07T17:41:16                      12
/home/rodrigo/Escritorio/BBDDAvanzadas/.venv/lib/python3.12/site-packages/airflow/example_dags/example_python_decorator.py                                                          1           0  0.22s           2026-05-07T17:41:26                      10
/home/rodrigo/Escritorio/BBDDAvanzadas/.venv/lib/python3.12/site-packages/airflow/example_dags/example_setup_teardown.py                                                            1           0  0.22s           2026-05-07T17:41:21                      10
/home/rodrigo/Escritorio/BBDDAvanzadas/.venv/lib/python3.12/site-packages/airflow/example_dags/example_task_group_decorator.py                                                      1           0  0.21s           2026-05-07T17:41:12                      10
/home/rodrigo/Escritorio/BBDDAvanzadas/.venv/lib/python3.12/site-packages/airflow/example_dags/example_branch_labels.py                                                             1           0  0.21s           2026-05-07T17:40:48                      12
/home/rodrigo/Escritorio/BBDDAvanzadas/.venv/lib/python3.12/site-packages/airflow/example_dags/example_sensors.py                                                                   1           0  0.21s           2026-05-07T17:41:23                      10
/home/rodrigo/Escritorio/BBDDAvanzadas/.venv/lib/python3.12/site-packages/airflow/example_dags/example_dynamic_task_mapping_with_no_taskflow_operators.py                           1           0  0.21s           2026-05-07T17:41:40                      10
/home/rodrigo/Escritorio/BBDDAvanzadas/.venv/lib/python3.12/site-packages/airflow/example_dags/example_skip_dag.py                                                                  1           0  0.21s           2026-05-07T17:41:17                      12
/home/rodrigo/Escritorio/BBDDAvanzadas/.venv/lib/python3.12/site-packages/airflow/example_dags/example_nested_branch_dag.py                                                         1           0  0.21s           2026-05-07T17:41:32                      12
/home/rodrigo/Escritorio/BBDDAvanzadas/models/dag/dag_psql.py                                                                                                                       1           0  0.21s           2026-05-07T17:41:41                      10
/home/rodrigo/Escritorio/BBDDAvanzadas/.venv/lib/python3.12/site-packages/airflow/example_dags/example_passing_params_via_test_command.py                                           1           0  0.21s           2026-05-07T17:41:28                      12
/home/rodrigo/Escritorio/BBDDAvanzadas/.venv/lib/python3.12/site-packages/airflow/example_dags/example_dataset_alias.py                                                             4           0  0.21s           2026-05-07T17:42:03                      27
/home/rodrigo/Escritorio/BBDDAvanzadas/.venv/lib/python3.12/site-packages/airflow/example_dags/example_trigger_target_dag.py                                                        1           0  0.21s           2026-05-07T17:41:57                      10
/home/rodrigo/Escritorio/BBDDAvanzadas/.venv/lib/python3.12/site-packages/airflow/example_dags/example_branch_python_dop_operator_3.py                                              1           0  0.17s           2026-05-07T17:42:07                      12
/home/rodrigo/Escritorio/BBDDAvanzadas/.venv/lib/python3.12/site-packages/airflow/example_dags/example_dataset_alias_with_no_taskflow.py                                            4           0  0.17s           2026-05-07T17:42:03                      27
/home/rodrigo/Escritorio/BBDDAvanzadas/.venv/lib/python3.12/site-packages/airflow/example_dags/example_inlet_event_extra.py                                                         2           0  0.16s           2026-05-07T17:41:37                      15
/home/rodrigo/Escritorio/BBDDAvanzadas/.venv/lib/python3.12/site-packages/airflow/example_dags/example_task_group.py                                                                1           0  0.14s           2026-05-07T17:41:13                      10
/home/rodrigo/Escritorio/BBDDAvanzadas/.venv/lib/python3.12/site-packages/airflow/example_dags/tutorial_taskflow_api.py                                                             1           0  0.14s           2026-05-07T17:41:50                      10
/home/rodrigo/Escritorio/BBDDAvanzadas/.venv/lib/python3.12/site-packages/airflow/example_dags/example_branch_operator.py                                                           0           0  0.13s           2026-05-07T17:40:47                       3
/home/rodrigo/Escritorio/BBDDAvanzadas/.venv/lib/python3.12/site-packages/airflow/example_dags/example_external_task_marker_dag.py                                                  2           0  0.13s           2026-05-07T17:41:38                      13
/home/rodrigo/Escritorio/BBDDAvanzadas/.venv/lib/python3.12/site-packages/airflow/example_dags/example_complex.py                                                                   1           0  0.13s           2026-05-07T17:42:06                      10
/home/rodrigo/Escritorio/BBDDAvanzadas/.venv/lib/python3.12/site-packages/airflow/example_dags/tutorial_taskflow_api_virtualenv.py                                                  0           0  0.12s           2026-05-07T17:41:49                       3
/home/rodrigo/Escritorio/BBDDAvanzadas/.venv/lib/python3.12/site-packages/airflow/example_dags/example_latest_only.py                                                               1           0  0.12s           2026-05-07T17:41:35                      12
/home/rodrigo/Escritorio/BBDDAvanzadas/.venv/lib/python3.12/site-packages/airflow/example_dags/example_kubernetes_executor.py                                                       0           0  0.12s           2026-05-07T17:41:37                       3
/home/rodrigo/Escritorio/BBDDAvanzadas/.venv/lib/python3.12/site-packages/airflow/example_dags/plugins/decreasing_priority_weight_strategy.py                                       0           0  0.12s           2026-05-07T17:41:47                       3
/home/rodrigo/Escritorio/BBDDAvanzadas/.venv/lib/python3.12/site-packages/airflow/example_dags/plugins/listener_plugin.py                                                           0           0  0.12s           2026-05-07T17:41:45                       3
/home/rodrigo/Escritorio/BBDDAvanzadas/.venv/lib/python3.12/site-packages/airflow/example_dags/example_datasets.py                                                                 10           0  0.12s           2026-05-07T17:42:01                      49
/home/rodrigo/Escritorio/BBDDAvanzadas/.venv/lib/python3.12/site-packages/airflow/example_dags/tutorial.py                                                                          1           0  0.12s           2026-05-07T17:41:53                      12
/home/rodrigo/Escritorio/BBDDAvanzadas/.venv/lib/python3.12/site-packages/airflow/example_dags/tutorial_taskflow_templates.py                                                       1           0  0.11s           2026-05-07T17:41:47                      12
/home/rodrigo/Escritorio/BBDDAvanzadas/.venv/lib/python3.12/site-packages/airflow/example_dags/example_branch_operator_decorator.py                                                 0           0  0.11s           2026-05-07T17:40:46                       3
/home/rodrigo/Escritorio/BBDDAvanzadas/.venv/lib/python3.12/site-packages/airflow/example_dags/plugins/event_listener.py                                                            0           0  0.11s           2026-05-07T17:41:46                       3
/home/rodrigo/Escritorio/BBDDAvanzadas/.venv/lib/python3.12/site-packages/airflow/example_dags/plugins/workday.py                                                                   0           0  0.11s           2026-05-07T17:41:43                       3
/home/rodrigo/Escritorio/BBDDAvanzadas/.venv/lib/python3.12/site-packages/airflow/example_dags/example_local_kubernetes_executor.py                                                 0           0  0.11s           2026-05-07T17:41:33                       3
/home/rodrigo/Escritorio/BBDDAvanzadas/.venv/lib/python3.12/site-packages/airflow/example_dags/subdags/subdag.py                                                                    0           0  0.11s           2026-05-07T17:41:42                       3
================================================================================
[2026-05-07T19:42:37.751+0200] {manager.py:997} INFO - 
================================================================================
DAG File Processing Stats

File Path                                                                                                                                                  PID    Runtime      # DAGs    # Errors  Last Runtime    Last Run               Last # of DB Queries
---------------------------------------------------------------------------------------------------------------------------------------------------------  -----  ---------  --------  ----------  --------------  -------------------  ----------------------
/home/rodrigo/Escritorio/BBDDAvanzadas/.venv/lib/python3.12/site-packages/airflow/example_dags/subdags/subdag.py                                                                    0           0  0.89s           2026-05-07T17:42:20                       3
/home/rodrigo/Escritorio/BBDDAvanzadas/.venv/lib/python3.12/site-packages/airflow/example_dags/plugins/event_listener.py                                                            0           0  0.61s           2026-05-07T17:42:27                       3
/home/rodrigo/Escritorio/BBDDAvanzadas/.venv/lib/python3.12/site-packages/airflow/example_dags/plugins/decreasing_priority_weight_strategy.py                                       0           0  0.57s           2026-05-07T17:42:28                       3
/home/rodrigo/Escritorio/BBDDAvanzadas/.venv/lib/python3.12/site-packages/airflow/example_dags/example_bash_operator.py                                                             1           0  0.55s           2026-05-07T17:42:13                      12
/home/rodrigo/Escritorio/BBDDAvanzadas/.venv/lib/python3.12/site-packages/airflow/example_dags/plugins/workday.py                                                                   0           0  0.35s           2026-05-07T17:42:22                       3
/home/rodrigo/Escritorio/BBDDAvanzadas/.venv/lib/python3.12/site-packages/airflow/example_dags/example_dag_decorator.py                                                             1           0  0.34s           2026-05-07T17:42:05                      32
/home/rodrigo/Escritorio/BBDDAvanzadas/.venv/lib/python3.12/site-packages/airflow/example_dags/example_trigger_controller_dag.py                                                    1           0  0.32s           2026-05-07T17:41:58                      12
/home/rodrigo/Escritorio/BBDDAvanzadas/.venv/lib/python3.12/site-packages/airflow/example_dags/example_dynamic_task_mapping.py                                                      1           0  0.32s           2026-05-07T17:41:59                      10
/home/rodrigo/Escritorio/BBDDAvanzadas/.venv/lib/python3.12/site-packages/airflow/example_dags/example_branch_datetime_operator.py                                                  3           0  0.29s           2026-05-07T17:42:12                      18
/home/rodrigo/Escritorio/BBDDAvanzadas/.venv/lib/python3.12/site-packages/airflow/example_dags/example_sensor_decorator.py                                                          1           0  0.24s           2026-05-07T17:41:24                      10
/home/rodrigo/Escritorio/BBDDAvanzadas/.venv/lib/python3.12/site-packages/airflow/example_dags/example_workday_timetable.py                                                         1           0  0.24s           2026-05-07T17:41:56                      12
/home/rodrigo/Escritorio/BBDDAvanzadas/.venv/lib/python3.12/site-packages/airflow/example_dags/example_params_trigger_ui.py                                                         1           0  0.23s           2026-05-07T17:41:30                      10
/home/rodrigo/Escritorio/BBDDAvanzadas/.venv/lib/python3.12/site-packages/airflow/example_dags/example_params_ui_tutorial.py                                                        1           0  0.23s           2026-05-07T17:41:29                      10
/home/rodrigo/Escritorio/BBDDAvanzadas/.venv/lib/python3.12/site-packages/airflow/example_dags/tutorial_objectstorage.py                                                            1           0  0.23s           2026-05-07T17:41:51                      10
/home/rodrigo/Escritorio/BBDDAvanzadas/.venv/lib/python3.12/site-packages/airflow/example_dags/example_branch_operator.py                                                           0           0  0.23s           2026-05-07T17:42:09                       3
/home/rodrigo/Escritorio/BBDDAvanzadas/.venv/lib/python3.12/site-packages/airflow/example_dags/example_setup_teardown_taskflow.py                                                   1           0  0.23s           2026-05-07T17:41:21                      10
/home/rodrigo/Escritorio/BBDDAvanzadas/.venv/lib/python3.12/site-packages/airflow/example_dags/example_xcomargs.py                                                                  2           0  0.22s           2026-05-07T17:41:54                      13
/home/rodrigo/Escritorio/BBDDAvanzadas/.venv/lib/python3.12/site-packages/airflow/example_dags/example_short_circuit_decorator.py                                                   1           0  0.22s           2026-05-07T17:41:20                      10
/home/rodrigo/Escritorio/BBDDAvanzadas/.venv/lib/python3.12/site-packages/airflow/example_dags/example_python_operator.py                                                           1           0  0.22s           2026-05-07T17:41:25                      10
/home/rodrigo/Escritorio/BBDDAvanzadas/.venv/lib/python3.12/site-packages/airflow/example_dags/tutorial_dag.py                                                                      1           0  0.22s           2026-05-07T17:41:52                      10
/home/rodrigo/Escritorio/BBDDAvanzadas/.venv/lib/python3.12/site-packages/airflow/example_dags/example_xcom.py                                                                      1           0  0.22s           2026-05-07T17:41:55                      12
/home/rodrigo/Escritorio/BBDDAvanzadas/.venv/lib/python3.12/site-packages/airflow/example_dags/example_outlet_event_extra.py                                                        3           0  0.22s           2026-05-07T17:41:31                      19
/home/rodrigo/Escritorio/BBDDAvanzadas/.venv/lib/python3.12/site-packages/airflow/example_dags/example_latest_only_with_trigger.py                                                  1           0  0.22s           2026-05-07T17:41:34                      12
/home/rodrigo/Escritorio/BBDDAvanzadas/.venv/lib/python3.12/site-packages/airflow/example_dags/example_display_name.py                                                              1           0  0.22s           2026-05-07T17:42:01                      10
/home/rodrigo/Escritorio/BBDDAvanzadas/.venv/lib/python3.12/site-packages/airflow/example_dags/example_short_circuit_operator.py                                                    1           0  0.22s           2026-05-07T17:42:37                      10
/home/rodrigo/Escritorio/BBDDAvanzadas/.venv/lib/python3.12/site-packages/airflow/example_dags/example_python_decorator.py                                                          1           0  0.22s           2026-05-07T17:41:26                      10
/home/rodrigo/Escritorio/BBDDAvanzadas/.venv/lib/python3.12/site-packages/airflow/example_dags/example_setup_teardown.py                                                            1           0  0.22s           2026-05-07T17:41:21                      10
/home/rodrigo/Escritorio/BBDDAvanzadas/.venv/lib/python3.12/site-packages/airflow/example_dags/example_sensors.py                                                                   1           0  0.21s           2026-05-07T17:41:23                      10
/home/rodrigo/Escritorio/BBDDAvanzadas/.venv/lib/python3.12/site-packages/airflow/example_dags/example_dynamic_task_mapping_with_no_taskflow_operators.py                           1           0  0.21s           2026-05-07T17:41:40                      10
/home/rodrigo/Escritorio/BBDDAvanzadas/.venv/lib/python3.12/site-packages/airflow/example_dags/example_nested_branch_dag.py                                                         1           0  0.21s           2026-05-07T17:41:32                      12
/home/rodrigo/Escritorio/BBDDAvanzadas/.venv/lib/python3.12/site-packages/airflow/example_dags/example_passing_params_via_test_command.py                                           1           0  0.21s           2026-05-07T17:41:28                      12
/home/rodrigo/Escritorio/BBDDAvanzadas/.venv/lib/python3.12/site-packages/airflow/example_dags/example_dataset_alias.py                                                             4           0  0.21s           2026-05-07T17:42:03                      27
/home/rodrigo/Escritorio/BBDDAvanzadas/.venv/lib/python3.12/site-packages/airflow/example_dags/example_trigger_target_dag.py                                                        1           0  0.21s           2026-05-07T17:41:57                      10
/home/rodrigo/Escritorio/BBDDAvanzadas/.venv/lib/python3.12/site-packages/airflow/example_dags/example_task_group.py                                                                1           0  0.19s           2026-05-07T17:42:32                      10
/home/rodrigo/Escritorio/BBDDAvanzadas/.venv/lib/python3.12/site-packages/airflow/example_dags/example_branch_python_dop_operator_3.py                                              1           0  0.17s           2026-05-07T17:42:07                      12
/home/rodrigo/Escritorio/BBDDAvanzadas/.venv/lib/python3.12/site-packages/airflow/example_dags/example_dataset_alias_with_no_taskflow.py                                            4           0  0.17s           2026-05-07T17:42:03                      27
/home/rodrigo/Escritorio/BBDDAvanzadas/.venv/lib/python3.12/site-packages/airflow/example_dags/example_task_group_decorator.py                                                      1           0  0.16s           2026-05-07T17:42:31                      10
/home/rodrigo/Escritorio/BBDDAvanzadas/.venv/lib/python3.12/site-packages/airflow/example_dags/example_inlet_event_extra.py                                                         2           0  0.16s           2026-05-07T17:41:37                      15
/home/rodrigo/Escritorio/BBDDAvanzadas/.venv/lib/python3.12/site-packages/airflow/example_dags/example_sla_dag.py                                                                   1           0  0.16s           2026-05-07T17:42:35                      12
/home/rodrigo/Escritorio/BBDDAvanzadas/.venv/lib/python3.12/site-packages/airflow/example_dags/example_branch_day_of_week_operator.py                                               1           0  0.16s           2026-05-07T17:42:11                      12
/home/rodrigo/Escritorio/BBDDAvanzadas/.venv/lib/python3.12/site-packages/airflow/example_dags/tutorial_taskflow_api.py                                                             1           0  0.14s           2026-05-07T17:41:50                      10
/home/rodrigo/Escritorio/BBDDAvanzadas/models/dag/dag_psql.py                                                                                                                       1           0  0.13s           2026-05-07T17:42:18                      10
/home/rodrigo/Escritorio/BBDDAvanzadas/.venv/lib/python3.12/site-packages/airflow/example_dags/example_external_task_marker_dag.py                                                  2           0  0.13s           2026-05-07T17:41:38                      13
/home/rodrigo/Escritorio/BBDDAvanzadas/.venv/lib/python3.12/site-packages/airflow/example_dags/example_complex.py                                                                   1           0  0.13s           2026-05-07T17:42:06                      10
/home/rodrigo/Escritorio/BBDDAvanzadas/.venv/lib/python3.12/site-packages/airflow/example_dags/tutorial_taskflow_api_virtualenv.py                                                  0           0  0.12s           2026-05-07T17:41:49                       3
/home/rodrigo/Escritorio/BBDDAvanzadas/.venv/lib/python3.12/site-packages/airflow/example_dags/example_latest_only.py                                                               1           0  0.12s           2026-05-07T17:41:35                      12
/home/rodrigo/Escritorio/BBDDAvanzadas/.venv/lib/python3.12/site-packages/airflow/example_dags/example_kubernetes_executor.py                                                       0           0  0.12s           2026-05-07T17:41:37                       3
/home/rodrigo/Escritorio/BBDDAvanzadas/.venv/lib/python3.12/site-packages/airflow/example_dags/example_bash_decorator.py                                                            1           0  0.12s           2026-05-07T17:42:15                      10
/home/rodrigo/Escritorio/BBDDAvanzadas/.venv/lib/python3.12/site-packages/airflow/example_dags/example_datasets.py                                                                 10           0  0.12s           2026-05-07T17:42:01                      49
/home/rodrigo/Escritorio/BBDDAvanzadas/.venv/lib/python3.12/site-packages/airflow/example_dags/tutorial.py                                                                          1           0  0.12s           2026-05-07T17:41:53                      12
/home/rodrigo/Escritorio/BBDDAvanzadas/.venv/lib/python3.12/site-packages/airflow/example_dags/example_branch_labels.py                                                             1           0  0.11s           2026-05-07T17:42:10                      12
/home/rodrigo/Escritorio/BBDDAvanzadas/.venv/lib/python3.12/site-packages/airflow/example_dags/example_subdag_operator.py                                                           3           0  0.11s           2026-05-07T17:42:33                      20
/home/rodrigo/Escritorio/BBDDAvanzadas/.venv/lib/python3.12/site-packages/airflow/example_dags/tutorial_taskflow_templates.py                                                       1           0  0.11s           2026-05-07T17:41:47                      12
/home/rodrigo/Escritorio/BBDDAvanzadas/.venv/lib/python3.12/site-packages/airflow/example_dags/example_branch_operator_decorator.py                                                 0           0  0.11s           2026-05-07T17:42:08                       3
/home/rodrigo/Escritorio/BBDDAvanzadas/.venv/lib/python3.12/site-packages/airflow/example_dags/example_time_delta_sensor_async.py                                                   1           0  0.11s           2026-05-07T17:42:30                      10
/home/rodrigo/Escritorio/BBDDAvanzadas/.venv/lib/python3.12/site-packages/airflow/example_dags/example_local_kubernetes_executor.py                                                 0           0  0.11s           2026-05-07T17:41:33                       3
/home/rodrigo/Escritorio/BBDDAvanzadas/models/dag/dag_sqlite.py                                                                                                                     1           0  0.11s           2026-05-07T17:42:17                      10
/home/rodrigo/Escritorio/BBDDAvanzadas/.venv/lib/python3.12/site-packages/airflow/example_dags/plugins/listener_plugin.py                                                           0           0  0.11s           2026-05-07T17:42:22                       3
/home/rodrigo/Escritorio/BBDDAvanzadas/.venv/lib/python3.12/site-packages/airflow/example_dags/example_skip_dag.py                                                                  1           0  0.11s           2026-05-07T17:42:36                      12
================================================================================
[2026-05-07T19:43:07.938+0200] {manager.py:997} INFO - 
================================================================================
DAG File Processing Stats

File Path                                                                                                                                                  PID    Runtime      # DAGs    # Errors  Last Runtime    Last Run               Last # of DB Queries
---------------------------------------------------------------------------------------------------------------------------------------------------------  -----  ---------  --------  ----------  --------------  -------------------  ----------------------
/home/rodrigo/Escritorio/BBDDAvanzadas/.venv/lib/python3.12/site-packages/airflow/example_dags/plugins/decreasing_priority_weight_strategy.py                                       0           0  0.57s           2026-05-07T17:42:28                       3
/home/rodrigo/Escritorio/BBDDAvanzadas/.venv/lib/python3.12/site-packages/airflow/example_dags/example_bash_operator.py                                                             1           0  0.55s           2026-05-07T17:42:13                      12
/home/rodrigo/Escritorio/BBDDAvanzadas/.venv/lib/python3.12/site-packages/airflow/example_dags/example_dag_decorator.py                                                             1           0  0.34s           2026-05-07T17:42:05                      32
/home/rodrigo/Escritorio/BBDDAvanzadas/.venv/lib/python3.12/site-packages/airflow/example_dags/example_trigger_controller_dag.py                                                    1           0  0.32s           2026-05-07T17:41:58                      12
/home/rodrigo/Escritorio/BBDDAvanzadas/.venv/lib/python3.12/site-packages/airflow/example_dags/example_dynamic_task_mapping.py                                                      1           0  0.32s           2026-05-07T17:41:59                      10
/home/rodrigo/Escritorio/BBDDAvanzadas/.venv/lib/python3.12/site-packages/airflow/example_dags/example_branch_datetime_operator.py                                                  3           0  0.29s           2026-05-07T17:42:12                      18
/home/rodrigo/Escritorio/BBDDAvanzadas/.venv/lib/python3.12/site-packages/airflow/example_dags/example_nested_branch_dag.py                                                         1           0  0.25s           2026-05-07T17:42:50                      12
/home/rodrigo/Escritorio/BBDDAvanzadas/.venv/lib/python3.12/site-packages/airflow/example_dags/example_workday_timetable.py                                                         1           0  0.24s           2026-05-07T17:41:56                      12
/home/rodrigo/Escritorio/BBDDAvanzadas/.venv/lib/python3.12/site-packages/airflow/example_dags/example_inlet_event_extra.py                                                         2           0  0.24s           2026-05-07T17:42:55                      15
/home/rodrigo/Escritorio/BBDDAvanzadas/models/dag/dag_sqlite.py                                                                                                                     1           0  0.23s           2026-05-07T17:42:58                      10
/home/rodrigo/Escritorio/BBDDAvanzadas/.venv/lib/python3.12/site-packages/airflow/example_dags/tutorial_dag.py                                                                      1           0  0.23s           2026-05-07T17:43:07                      10
/home/rodrigo/Escritorio/BBDDAvanzadas/.venv/lib/python3.12/site-packages/airflow/example_dags/example_branch_operator.py                                                           0           0  0.23s           2026-05-07T17:42:09                       3
/home/rodrigo/Escritorio/BBDDAvanzadas/.venv/lib/python3.12/site-packages/airflow/example_dags/example_short_circuit_decorator.py                                                   1           0  0.23s           2026-05-07T17:42:39                      10
/home/rodrigo/Escritorio/BBDDAvanzadas/.venv/lib/python3.12/site-packages/airflow/example_dags/example_xcomargs.py                                                                  2           0  0.22s           2026-05-07T17:41:54                      13
/home/rodrigo/Escritorio/BBDDAvanzadas/.venv/lib/python3.12/site-packages/airflow/example_dags/example_xcom.py                                                                      1           0  0.22s           2026-05-07T17:41:55                      12
/home/rodrigo/Escritorio/BBDDAvanzadas/.venv/lib/python3.12/site-packages/airflow/example_dags/example_display_name.py                                                              1           0  0.22s           2026-05-07T17:42:01                      10
/home/rodrigo/Escritorio/BBDDAvanzadas/.venv/lib/python3.12/site-packages/airflow/example_dags/example_short_circuit_operator.py                                                    1           0  0.22s           2026-05-07T17:42:37                      10
/home/rodrigo/Escritorio/BBDDAvanzadas/.venv/lib/python3.12/site-packages/airflow/example_dags/example_outlet_event_extra.py                                                        3           0  0.21s           2026-05-07T17:42:49                      19
/home/rodrigo/Escritorio/BBDDAvanzadas/.venv/lib/python3.12/site-packages/airflow/example_dags/example_dataset_alias.py                                                             4           0  0.21s           2026-05-07T17:42:03                      27
/home/rodrigo/Escritorio/BBDDAvanzadas/.venv/lib/python3.12/site-packages/airflow/example_dags/example_params_trigger_ui.py                                                         1           0  0.21s           2026-05-07T17:42:48                      10
/home/rodrigo/Escritorio/BBDDAvanzadas/models/dag/dag_psql.py                                                                                                                       1           0  0.21s           2026-05-07T17:42:59                      10
/home/rodrigo/Escritorio/BBDDAvanzadas/.venv/lib/python3.12/site-packages/airflow/example_dags/example_trigger_target_dag.py                                                        1           0  0.21s           2026-05-07T17:41:57                      10
/home/rodrigo/Escritorio/BBDDAvanzadas/.venv/lib/python3.12/site-packages/airflow/example_dags/example_task_group.py                                                                1           0  0.19s           2026-05-07T17:42:32                      10
/home/rodrigo/Escritorio/BBDDAvanzadas/.venv/lib/python3.12/site-packages/airflow/example_dags/example_latest_only_with_trigger.py                                                  1           0  0.18s           2026-05-07T17:42:52                      12
/home/rodrigo/Escritorio/BBDDAvanzadas/.venv/lib/python3.12/site-packages/airflow/example_dags/example_branch_python_dop_operator_3.py                                              1           0  0.17s           2026-05-07T17:42:07                      12
/home/rodrigo/Escritorio/BBDDAvanzadas/.venv/lib/python3.12/site-packages/airflow/example_dags/example_dataset_alias_with_no_taskflow.py                                            4           0  0.17s           2026-05-07T17:42:03                      27
/home/rodrigo/Escritorio/BBDDAvanzadas/.venv/lib/python3.12/site-packages/airflow/example_dags/example_task_group_decorator.py                                                      1           0  0.16s           2026-05-07T17:42:31                      10
/home/rodrigo/Escritorio/BBDDAvanzadas/.venv/lib/python3.12/site-packages/airflow/example_dags/example_sla_dag.py                                                                   1           0  0.16s           2026-05-07T17:42:35                      12
/home/rodrigo/Escritorio/BBDDAvanzadas/.venv/lib/python3.12/site-packages/airflow/example_dags/example_branch_day_of_week_operator.py                                               1           0  0.16s           2026-05-07T17:42:11                      12
/home/rodrigo/Escritorio/BBDDAvanzadas/.venv/lib/python3.12/site-packages/airflow/example_dags/example_setup_teardown.py                                                            1           0  0.15s           2026-05-07T17:42:41                      10
/home/rodrigo/Escritorio/BBDDAvanzadas/.venv/lib/python3.12/site-packages/airflow/example_dags/example_python_operator.py                                                           1           0  0.15s           2026-05-07T17:42:44                      10
/home/rodrigo/Escritorio/BBDDAvanzadas/.venv/lib/python3.12/site-packages/airflow/example_dags/example_kubernetes_executor.py                                                       0           0  0.15s           2026-05-07T17:42:54                       3
/home/rodrigo/Escritorio/BBDDAvanzadas/.venv/lib/python3.12/site-packages/airflow/example_dags/plugins/workday.py                                                                   0           0  0.14s           2026-05-07T17:43:01                       3
/home/rodrigo/Escritorio/BBDDAvanzadas/.venv/lib/python3.12/site-packages/airflow/example_dags/tutorial_taskflow_api.py                                                             1           0  0.13s           2026-05-07T17:43:05                      10
/home/rodrigo/Escritorio/BBDDAvanzadas/.venv/lib/python3.12/site-packages/airflow/example_dags/example_dynamic_task_mapping_with_no_taskflow_operators.py                           1           0  0.13s           2026-05-07T17:42:57                      10
/home/rodrigo/Escritorio/BBDDAvanzadas/.venv/lib/python3.12/site-packages/airflow/example_dags/example_external_task_marker_dag.py                                                  2           0  0.13s           2026-05-07T17:42:57                      13
/home/rodrigo/Escritorio/BBDDAvanzadas/.venv/lib/python3.12/site-packages/airflow/example_dags/example_complex.py                                                                   1           0  0.13s           2026-05-07T17:42:06                      10
/home/rodrigo/Escritorio/BBDDAvanzadas/.venv/lib/python3.12/site-packages/airflow/example_dags/example_local_kubernetes_executor.py                                                 0           0  0.12s           2026-05-07T17:42:52                       3
/home/rodrigo/Escritorio/BBDDAvanzadas/.venv/lib/python3.12/site-packages/airflow/example_dags/example_latest_only.py                                                               1           0  0.12s           2026-05-07T17:42:53                      12
/home/rodrigo/Escritorio/BBDDAvanzadas/.venv/lib/python3.12/site-packages/airflow/example_dags/subdags/subdag.py                                                                    0           0  0.12s           2026-05-07T17:43:00                       3
/home/rodrigo/Escritorio/BBDDAvanzadas/.venv/lib/python3.12/site-packages/airflow/example_dags/example_passing_params_via_test_command.py                                           1           0  0.12s           2026-05-07T17:42:46                      12
/home/rodrigo/Escritorio/BBDDAvanzadas/.venv/lib/python3.12/site-packages/airflow/example_dags/example_bash_decorator.py                                                            1           0  0.12s           2026-05-07T17:42:15                      10
/home/rodrigo/Escritorio/BBDDAvanzadas/.venv/lib/python3.12/site-packages/airflow/example_dags/example_datasets.py                                                                 10           0  0.12s           2026-05-07T17:42:01                      49
/home/rodrigo/Escritorio/BBDDAvanzadas/.venv/lib/python3.12/site-packages/airflow/example_dags/tutorial.py                                                                          1           0  0.12s           2026-05-07T17:41:53                      12
/home/rodrigo/Escritorio/BBDDAvanzadas/.venv/lib/python3.12/site-packages/airflow/example_dags/tutorial_objectstorage.py                                                            1           0  0.11s           2026-05-07T17:43:06                      10
/home/rodrigo/Escritorio/BBDDAvanzadas/.venv/lib/python3.12/site-packages/airflow/example_dags/example_branch_labels.py                                                             1           0  0.11s           2026-05-07T17:42:10                      12
/home/rodrigo/Escritorio/BBDDAvanzadas/.venv/lib/python3.12/site-packages/airflow/example_dags/example_subdag_operator.py                                                           3           0  0.11s           2026-05-07T17:42:33                      20
/home/rodrigo/Escritorio/BBDDAvanzadas/.venv/lib/python3.12/site-packages/airflow/example_dags/plugins/listener_plugin.py                                                           0           0  0.11s           2026-05-07T17:43:02                       3
/home/rodrigo/Escritorio/BBDDAvanzadas/.venv/lib/python3.12/site-packages/airflow/example_dags/example_sensor_decorator.py                                                          1           0  0.11s           2026-05-07T17:42:42                      10
/home/rodrigo/Escritorio/BBDDAvanzadas/.venv/lib/python3.12/site-packages/airflow/example_dags/example_branch_operator_decorator.py                                                 0           0  0.11s           2026-05-07T17:42:08                       3
/home/rodrigo/Escritorio/BBDDAvanzadas/.venv/lib/python3.12/site-packages/airflow/example_dags/example_python_decorator.py                                                          1           0  0.11s           2026-05-07T17:42:45                      10
/home/rodrigo/Escritorio/BBDDAvanzadas/.venv/lib/python3.12/site-packages/airflow/example_dags/tutorial_taskflow_api_virtualenv.py                                                  0           0  0.11s           2026-05-07T17:43:04                       3
/home/rodrigo/Escritorio/BBDDAvanzadas/.venv/lib/python3.12/site-packages/airflow/example_dags/example_params_ui_tutorial.py                                                        1           0  0.11s           2026-05-07T17:42:47                      10
/home/rodrigo/Escritorio/BBDDAvanzadas/.venv/lib/python3.12/site-packages/airflow/example_dags/example_time_delta_sensor_async.py                                                   1           0  0.11s           2026-05-07T17:42:30                      10
/home/rodrigo/Escritorio/BBDDAvanzadas/.venv/lib/python3.12/site-packages/airflow/example_dags/example_setup_teardown_taskflow.py                                                   1           0  0.11s           2026-05-07T17:42:40                      10
/home/rodrigo/Escritorio/BBDDAvanzadas/.venv/lib/python3.12/site-packages/airflow/example_dags/tutorial_taskflow_templates.py                                                       1           0  0.11s           2026-05-07T17:43:04                      12
/home/rodrigo/Escritorio/BBDDAvanzadas/.venv/lib/python3.12/site-packages/airflow/example_dags/example_sensors.py                                                                   1           0  0.11s           2026-05-07T17:42:42                      10
/home/rodrigo/Escritorio/BBDDAvanzadas/.venv/lib/python3.12/site-packages/airflow/example_dags/plugins/event_listener.py                                                            0           0  0.11s           2026-05-07T17:43:02                       3
/home/rodrigo/Escritorio/BBDDAvanzadas/.venv/lib/python3.12/site-packages/airflow/example_dags/example_skip_dag.py                                                                  1           0  0.11s           2026-05-07T17:42:36                      12
================================================================================
[2026-05-07T19:43:38.727+0200] {manager.py:997} INFO - 
================================================================================
DAG File Processing Stats

File Path                                                                                                                                                  PID    Runtime      # DAGs    # Errors  Last Runtime    Last Run               Last # of DB Queries
---------------------------------------------------------------------------------------------------------------------------------------------------------  -----  ---------  --------  ----------  --------------  -------------------  ----------------------
/home/rodrigo/Escritorio/BBDDAvanzadas/.venv/lib/python3.12/site-packages/airflow/example_dags/example_dataset_alias.py                                                             4           0  0.64s           2026-05-07T17:43:20                      27
/home/rodrigo/Escritorio/BBDDAvanzadas/.venv/lib/python3.12/site-packages/airflow/example_dags/example_dag_decorator.py                                                             1           0  0.53s           2026-05-07T17:43:22                      32
/home/rodrigo/Escritorio/BBDDAvanzadas/.venv/lib/python3.12/site-packages/airflow/example_dags/example_bash_decorator.py                                                            1           0  0.52s           2026-05-07T17:43:31                      10
/home/rodrigo/Escritorio/BBDDAvanzadas/.venv/lib/python3.12/site-packages/airflow/example_dags/example_datasets.py                                                                 10           0  0.43s           2026-05-07T17:43:17                      49
/home/rodrigo/Escritorio/BBDDAvanzadas/.venv/lib/python3.12/site-packages/airflow/example_dags/example_bash_operator.py                                                             1           0  0.43s           2026-05-07T17:43:30                      12
/home/rodrigo/Escritorio/BBDDAvanzadas/.venv/lib/python3.12/site-packages/airflow/example_dags/plugins/listener_plugin.py                                                           0           0  0.34s           2026-05-07T17:43:37                       3
/home/rodrigo/Escritorio/BBDDAvanzadas/.venv/lib/python3.12/site-packages/airflow/example_dags/example_dataset_alias_with_no_taskflow.py                                            4           0  0.27s           2026-05-07T17:43:18                      27
/home/rodrigo/Escritorio/BBDDAvanzadas/.venv/lib/python3.12/site-packages/airflow/example_dags/example_nested_branch_dag.py                                                         1           0  0.25s           2026-05-07T17:42:50                      12
/home/rodrigo/Escritorio/BBDDAvanzadas/models/dag/dag_sqlite.py                                                                                                                     1           0  0.24s           2026-05-07T17:43:33                      10
/home/rodrigo/Escritorio/BBDDAvanzadas/.venv/lib/python3.12/site-packages/airflow/example_dags/example_inlet_event_extra.py                                                         2           0  0.24s           2026-05-07T17:42:55                      15
/home/rodrigo/Escritorio/BBDDAvanzadas/.venv/lib/python3.12/site-packages/airflow/example_dags/example_branch_labels.py                                                             1           0  0.23s           2026-05-07T17:43:27                      12
/home/rodrigo/Escritorio/BBDDAvanzadas/.venv/lib/python3.12/site-packages/airflow/example_dags/tutorial_dag.py                                                                      1           0  0.23s           2026-05-07T17:43:07                      10
/home/rodrigo/Escritorio/BBDDAvanzadas/.venv/lib/python3.12/site-packages/airflow/example_dags/example_short_circuit_decorator.py                                                   1           0  0.23s           2026-05-07T17:42:39                      10
/home/rodrigo/Escritorio/BBDDAvanzadas/.venv/lib/python3.12/site-packages/airflow/example_dags/example_branch_day_of_week_operator.py                                               1           0  0.23s           2026-05-07T17:43:28                      12
/home/rodrigo/Escritorio/BBDDAvanzadas/.venv/lib/python3.12/site-packages/airflow/example_dags/example_branch_python_dop_operator_3.py                                              1           0  0.22s           2026-05-07T17:43:24                      12
/home/rodrigo/Escritorio/BBDDAvanzadas/.venv/lib/python3.12/site-packages/airflow/example_dags/example_short_circuit_operator.py                                                    1           0  0.22s           2026-05-07T17:42:37                      10
/home/rodrigo/Escritorio/BBDDAvanzadas/.venv/lib/python3.12/site-packages/airflow/example_dags/example_complex.py                                                                   1           0  0.21s           2026-05-07T17:43:23                      10
/home/rodrigo/Escritorio/BBDDAvanzadas/.venv/lib/python3.12/site-packages/airflow/example_dags/example_outlet_event_extra.py                                                        3           0  0.21s           2026-05-07T17:42:49                      19
/home/rodrigo/Escritorio/BBDDAvanzadas/.venv/lib/python3.12/site-packages/airflow/example_dags/tutorial.py                                                                          1           0  0.21s           2026-05-07T17:43:09                      12
/home/rodrigo/Escritorio/BBDDAvanzadas/.venv/lib/python3.12/site-packages/airflow/example_dags/example_branch_operator.py                                                           0           0  0.21s           2026-05-07T17:43:25                       3
/home/rodrigo/Escritorio/BBDDAvanzadas/.venv/lib/python3.12/site-packages/airflow/example_dags/example_trigger_controller_dag.py                                                    1           0  0.21s           2026-05-07T17:43:14                      12
/home/rodrigo/Escritorio/BBDDAvanzadas/.venv/lib/python3.12/site-packages/airflow/example_dags/example_branch_datetime_operator.py                                                  3           0  0.21s           2026-05-07T17:43:29                      18
/home/rodrigo/Escritorio/BBDDAvanzadas/.venv/lib/python3.12/site-packages/airflow/example_dags/example_params_trigger_ui.py                                                         1           0  0.21s           2026-05-07T17:42:48                      10
/home/rodrigo/Escritorio/BBDDAvanzadas/.venv/lib/python3.12/site-packages/airflow/example_dags/example_dynamic_task_mapping.py                                                      1           0  0.21s           2026-05-07T17:43:14                      10
/home/rodrigo/Escritorio/BBDDAvanzadas/.venv/lib/python3.12/site-packages/airflow/example_dags/example_task_group.py                                                                1           0  0.19s           2026-05-07T17:42:32                      10
/home/rodrigo/Escritorio/BBDDAvanzadas/.venv/lib/python3.12/site-packages/airflow/example_dags/plugins/decreasing_priority_weight_strategy.py                                       0           0  0.19s           2026-05-07T17:43:38                       3
/home/rodrigo/Escritorio/BBDDAvanzadas/.venv/lib/python3.12/site-packages/airflow/example_dags/example_latest_only_with_trigger.py                                                  1           0  0.18s           2026-05-07T17:42:52                      12
/home/rodrigo/Escritorio/BBDDAvanzadas/.venv/lib/python3.12/site-packages/airflow/example_dags/example_task_group_decorator.py                                                      1           0  0.16s           2026-05-07T17:42:31                      10
/home/rodrigo/Escritorio/BBDDAvanzadas/models/dag/dag_psql.py                                                                                                                       1           0  0.16s           2026-05-07T17:43:33                      10
/home/rodrigo/Escritorio/BBDDAvanzadas/.venv/lib/python3.12/site-packages/airflow/example_dags/example_sla_dag.py                                                                   1           0  0.16s           2026-05-07T17:42:35                      12
/home/rodrigo/Escritorio/BBDDAvanzadas/.venv/lib/python3.12/site-packages/airflow/example_dags/example_setup_teardown.py                                                            1           0  0.15s           2026-05-07T17:42:41                      10
/home/rodrigo/Escritorio/BBDDAvanzadas/.venv/lib/python3.12/site-packages/airflow/example_dags/example_python_operator.py                                                           1           0  0.15s           2026-05-07T17:42:44                      10
/home/rodrigo/Escritorio/BBDDAvanzadas/.venv/lib/python3.12/site-packages/airflow/example_dags/example_kubernetes_executor.py                                                       0           0  0.15s           2026-05-07T17:42:54                       3
/home/rodrigo/Escritorio/BBDDAvanzadas/.venv/lib/python3.12/site-packages/airflow/example_dags/tutorial_taskflow_api.py                                                             1           0  0.13s           2026-05-07T17:43:05                      10
/home/rodrigo/Escritorio/BBDDAvanzadas/.venv/lib/python3.12/site-packages/airflow/example_dags/example_xcomargs.py                                                                  2           0  0.13s           2026-05-07T17:43:09                      13
/home/rodrigo/Escritorio/BBDDAvanzadas/.venv/lib/python3.12/site-packages/airflow/example_dags/example_dynamic_task_mapping_with_no_taskflow_operators.py                           1           0  0.13s           2026-05-07T17:42:57                      10
/home/rodrigo/Escritorio/BBDDAvanzadas/.venv/lib/python3.12/site-packages/airflow/example_dags/example_external_task_marker_dag.py                                                  2           0  0.13s           2026-05-07T17:42:57                      13
/home/rodrigo/Escritorio/BBDDAvanzadas/.venv/lib/python3.12/site-packages/airflow/example_dags/example_display_name.py                                                              1           0  0.13s           2026-05-07T17:43:16                      10
/home/rodrigo/Escritorio/BBDDAvanzadas/.venv/lib/python3.12/site-packages/airflow/example_dags/example_xcom.py                                                                      1           0  0.13s           2026-05-07T17:43:10                      12
/home/rodrigo/Escritorio/BBDDAvanzadas/.venv/lib/python3.12/site-packages/airflow/example_dags/example_trigger_target_dag.py                                                        1           0  0.12s           2026-05-07T17:43:12                      10
/home/rodrigo/Escritorio/BBDDAvanzadas/.venv/lib/python3.12/site-packages/airflow/example_dags/example_local_kubernetes_executor.py                                                 0           0  0.12s           2026-05-07T17:42:52                       3
/home/rodrigo/Escritorio/BBDDAvanzadas/.venv/lib/python3.12/site-packages/airflow/example_dags/example_latest_only.py                                                               1           0  0.12s           2026-05-07T17:42:53                      12
/home/rodrigo/Escritorio/BBDDAvanzadas/.venv/lib/python3.12/site-packages/airflow/example_dags/example_passing_params_via_test_command.py                                           1           0  0.12s           2026-05-07T17:42:46                      12
/home/rodrigo/Escritorio/BBDDAvanzadas/.venv/lib/python3.12/site-packages/airflow/example_dags/tutorial_objectstorage.py                                                            1           0  0.11s           2026-05-07T17:43:06                      10
/home/rodrigo/Escritorio/BBDDAvanzadas/.venv/lib/python3.12/site-packages/airflow/example_dags/example_workday_timetable.py                                                         1           0  0.11s           2026-05-07T17:43:12                      12
/home/rodrigo/Escritorio/BBDDAvanzadas/.venv/lib/python3.12/site-packages/airflow/example_dags/example_subdag_operator.py                                                           3           0  0.11s           2026-05-07T17:42:33                      20
/home/rodrigo/Escritorio/BBDDAvanzadas/.venv/lib/python3.12/site-packages/airflow/example_dags/example_sensor_decorator.py                                                          1           0  0.11s           2026-05-07T17:42:42                      10
/home/rodrigo/Escritorio/BBDDAvanzadas/.venv/lib/python3.12/site-packages/airflow/example_dags/plugins/workday.py                                                                   0           0  0.11s           2026-05-07T17:43:35                       3
/home/rodrigo/Escritorio/BBDDAvanzadas/.venv/lib/python3.12/site-packages/airflow/example_dags/example_python_decorator.py                                                          1           0  0.11s           2026-05-07T17:42:45                      10
/home/rodrigo/Escritorio/BBDDAvanzadas/.venv/lib/python3.12/site-packages/airflow/example_dags/tutorial_taskflow_api_virtualenv.py                                                  0           0  0.11s           2026-05-07T17:43:04                       3
/home/rodrigo/Escritorio/BBDDAvanzadas/.venv/lib/python3.12/site-packages/airflow/example_dags/example_params_ui_tutorial.py                                                        1           0  0.11s           2026-05-07T17:42:47                      10
/home/rodrigo/Escritorio/BBDDAvanzadas/.venv/lib/python3.12/site-packages/airflow/example_dags/example_time_delta_sensor_async.py                                                   1           0  0.11s           2026-05-07T17:42:30                      10
/home/rodrigo/Escritorio/BBDDAvanzadas/.venv/lib/python3.12/site-packages/airflow/example_dags/example_setup_teardown_taskflow.py                                                   1           0  0.11s           2026-05-07T17:42:40                      10
/home/rodrigo/Escritorio/BBDDAvanzadas/.venv/lib/python3.12/site-packages/airflow/example_dags/tutorial_taskflow_templates.py                                                       1           0  0.11s           2026-05-07T17:43:04                      12
/home/rodrigo/Escritorio/BBDDAvanzadas/.venv/lib/python3.12/site-packages/airflow/example_dags/example_sensors.py                                                                   1           0  0.11s           2026-05-07T17:42:42                      10
/home/rodrigo/Escritorio/BBDDAvanzadas/.venv/lib/python3.12/site-packages/airflow/example_dags/example_branch_operator_decorator.py                                                 0           0  0.11s           2026-05-07T17:43:25                       3
/home/rodrigo/Escritorio/BBDDAvanzadas/.venv/lib/python3.12/site-packages/airflow/example_dags/plugins/event_listener.py                                                            0           0  0.11s           2026-05-07T17:43:02                       3
/home/rodrigo/Escritorio/BBDDAvanzadas/.venv/lib/python3.12/site-packages/airflow/example_dags/subdags/subdag.py                                                                    0           0  0.11s           2026-05-07T17:43:34                       3
/home/rodrigo/Escritorio/BBDDAvanzadas/.venv/lib/python3.12/site-packages/airflow/example_dags/example_skip_dag.py                                                                  1           0  0.11s           2026-05-07T17:42:36                      12
================================================================================
[2026-05-07T19:44:09.116+0200] {manager.py:997} INFO - 
================================================================================
DAG File Processing Stats

File Path                                                                                                                                                  PID    Runtime      # DAGs    # Errors  Last Runtime    Last Run               Last # of DB Queries
---------------------------------------------------------------------------------------------------------------------------------------------------------  -----  ---------  --------  ----------  --------------  -------------------  ----------------------
/home/rodrigo/Escritorio/BBDDAvanzadas/.venv/lib/python3.12/site-packages/airflow/example_dags/example_python_operator.py                                                           1           0  0.71s           2026-05-07T17:43:55                      10
/home/rodrigo/Escritorio/BBDDAvanzadas/.venv/lib/python3.12/site-packages/airflow/example_dags/example_dataset_alias.py                                                             4           0  0.64s           2026-05-07T17:43:20                      27
/home/rodrigo/Escritorio/BBDDAvanzadas/.venv/lib/python3.12/site-packages/airflow/example_dags/example_dag_decorator.py                                                             1           0  0.53s           2026-05-07T17:43:22                      32
/home/rodrigo/Escritorio/BBDDAvanzadas/.venv/lib/python3.12/site-packages/airflow/example_dags/example_bash_decorator.py                                                            1           0  0.52s           2026-05-07T17:43:31                      10
/home/rodrigo/Escritorio/BBDDAvanzadas/.venv/lib/python3.12/site-packages/airflow/example_dags/example_datasets.py                                                                 10           0  0.43s           2026-05-07T17:43:17                      49
/home/rodrigo/Escritorio/BBDDAvanzadas/.venv/lib/python3.12/site-packages/airflow/example_dags/example_params_ui_tutorial.py                                                        1           0  0.43s           2026-05-07T17:43:59                      10
/home/rodrigo/Escritorio/BBDDAvanzadas/.venv/lib/python3.12/site-packages/airflow/example_dags/example_bash_operator.py                                                             1           0  0.43s           2026-05-07T17:43:30                      12
/home/rodrigo/Escritorio/BBDDAvanzadas/.venv/lib/python3.12/site-packages/airflow/example_dags/example_inlet_event_extra.py                                                         2           0  0.39s           2026-05-07T17:44:09                      15
/home/rodrigo/Escritorio/BBDDAvanzadas/.venv/lib/python3.12/site-packages/airflow/example_dags/example_nested_branch_dag.py                                                         1           0  0.38s           2026-05-07T17:44:03                      12
/home/rodrigo/Escritorio/BBDDAvanzadas/.venv/lib/python3.12/site-packages/airflow/example_dags/example_params_trigger_ui.py                                                         1           0  0.34s           2026-05-07T17:44:00                      10
/home/rodrigo/Escritorio/BBDDAvanzadas/.venv/lib/python3.12/site-packages/airflow/example_dags/plugins/listener_plugin.py                                                           0           0  0.34s           2026-05-07T17:43:37                       3
/home/rodrigo/Escritorio/BBDDAvanzadas/.venv/lib/python3.12/site-packages/airflow/example_dags/example_latest_only.py                                                               1           0  0.34s           2026-05-07T17:44:06                      12
/home/rodrigo/Escritorio/BBDDAvanzadas/.venv/lib/python3.12/site-packages/airflow/example_dags/example_time_delta_sensor_async.py                                                   1           0  0.31s           2026-05-07T17:43:40                      10
/home/rodrigo/Escritorio/BBDDAvanzadas/.venv/lib/python3.12/site-packages/airflow/example_dags/example_skip_dag.py                                                                  1           0  0.31s           2026-05-07T17:43:46                      12
/home/rodrigo/Escritorio/BBDDAvanzadas/.venv/lib/python3.12/site-packages/airflow/example_dags/example_short_circuit_decorator.py                                                   1           0  0.27s           2026-05-07T17:43:48                      10
/home/rodrigo/Escritorio/BBDDAvanzadas/.venv/lib/python3.12/site-packages/airflow/example_dags/example_dataset_alias_with_no_taskflow.py                                            4           0  0.27s           2026-05-07T17:43:18                      27
/home/rodrigo/Escritorio/BBDDAvanzadas/.venv/lib/python3.12/site-packages/airflow/example_dags/example_sensor_decorator.py                                                          1           0  0.27s           2026-05-07T17:43:53                      10
/home/rodrigo/Escritorio/BBDDAvanzadas/.venv/lib/python3.12/site-packages/airflow/example_dags/example_python_decorator.py                                                          1           0  0.26s           2026-05-07T17:43:57                      10
/home/rodrigo/Escritorio/BBDDAvanzadas/.venv/lib/python3.12/site-packages/airflow/example_dags/example_subdag_operator.py                                                           3           0  0.24s           2026-05-07T17:43:43                      20
/home/rodrigo/Escritorio/BBDDAvanzadas/models/dag/dag_sqlite.py                                                                                                                     1           0  0.24s           2026-05-07T17:43:33                      10
/home/rodrigo/Escritorio/BBDDAvanzadas/.venv/lib/python3.12/site-packages/airflow/example_dags/example_sla_dag.py                                                                   1           0  0.24s           2026-05-07T17:43:44                      12
/home/rodrigo/Escritorio/BBDDAvanzadas/.venv/lib/python3.12/site-packages/airflow/example_dags/example_sensors.py                                                                   1           0  0.23s           2026-05-07T17:43:53                      10
/home/rodrigo/Escritorio/BBDDAvanzadas/.venv/lib/python3.12/site-packages/airflow/example_dags/example_branch_labels.py                                                             1           0  0.23s           2026-05-07T17:43:27                      12
/home/rodrigo/Escritorio/BBDDAvanzadas/.venv/lib/python3.12/site-packages/airflow/example_dags/tutorial_dag.py                                                                      1           0  0.23s           2026-05-07T17:43:07                      10
/home/rodrigo/Escritorio/BBDDAvanzadas/.venv/lib/python3.12/site-packages/airflow/example_dags/example_branch_day_of_week_operator.py                                               1           0  0.23s           2026-05-07T17:43:28                      12
/home/rodrigo/Escritorio/BBDDAvanzadas/.venv/lib/python3.12/site-packages/airflow/example_dags/example_branch_python_dop_operator_3.py                                              1           0  0.22s           2026-05-07T17:43:24                      12
/home/rodrigo/Escritorio/BBDDAvanzadas/.venv/lib/python3.12/site-packages/airflow/example_dags/example_complex.py                                                                   1           0  0.21s           2026-05-07T17:43:23                      10
/home/rodrigo/Escritorio/BBDDAvanzadas/.venv/lib/python3.12/site-packages/airflow/example_dags/tutorial.py                                                                          1           0  0.21s           2026-05-07T17:43:09                      12
/home/rodrigo/Escritorio/BBDDAvanzadas/.venv/lib/python3.12/site-packages/airflow/example_dags/example_branch_operator.py                                                           0           0  0.21s           2026-05-07T17:43:25                       3
/home/rodrigo/Escritorio/BBDDAvanzadas/.venv/lib/python3.12/site-packages/airflow/example_dags/example_outlet_event_extra.py                                                        3           0  0.21s           2026-05-07T17:44:02                      19
/home/rodrigo/Escritorio/BBDDAvanzadas/.venv/lib/python3.12/site-packages/airflow/example_dags/example_trigger_controller_dag.py                                                    1           0  0.21s           2026-05-07T17:43:14                      12
/home/rodrigo/Escritorio/BBDDAvanzadas/.venv/lib/python3.12/site-packages/airflow/example_dags/example_branch_datetime_operator.py                                                  3           0  0.21s           2026-05-07T17:43:29                      18
/home/rodrigo/Escritorio/BBDDAvanzadas/.venv/lib/python3.12/site-packages/airflow/example_dags/example_kubernetes_executor.py                                                       0           0  0.21s           2026-05-07T17:44:08                       3
/home/rodrigo/Escritorio/BBDDAvanzadas/.venv/lib/python3.12/site-packages/airflow/example_dags/example_task_group.py                                                                1           0  0.21s           2026-05-07T17:43:42                      10
/home/rodrigo/Escritorio/BBDDAvanzadas/.venv/lib/python3.12/site-packages/airflow/example_dags/example_dynamic_task_mapping.py                                                      1           0  0.21s           2026-05-07T17:43:14                      10
/home/rodrigo/Escritorio/BBDDAvanzadas/.venv/lib/python3.12/site-packages/airflow/example_dags/example_task_group_decorator.py                                                      1           0  0.21s           2026-05-07T17:43:41                      10
/home/rodrigo/Escritorio/BBDDAvanzadas/.venv/lib/python3.12/site-packages/airflow/example_dags/example_setup_teardown.py                                                            1           0  0.20s           2026-05-07T17:43:52                      10
/home/rodrigo/Escritorio/BBDDAvanzadas/.venv/lib/python3.12/site-packages/airflow/example_dags/example_short_circuit_operator.py                                                    1           0  0.19s           2026-05-07T17:43:47                      10
/home/rodrigo/Escritorio/BBDDAvanzadas/.venv/lib/python3.12/site-packages/airflow/example_dags/example_latest_only_with_trigger.py                                                  1           0  0.19s           2026-05-07T17:44:05                      12
/home/rodrigo/Escritorio/BBDDAvanzadas/.venv/lib/python3.12/site-packages/airflow/example_dags/example_passing_params_via_test_command.py                                           1           0  0.19s           2026-05-07T17:43:58                      12
/home/rodrigo/Escritorio/BBDDAvanzadas/.venv/lib/python3.12/site-packages/airflow/example_dags/plugins/decreasing_priority_weight_strategy.py                                       0           0  0.19s           2026-05-07T17:43:38                       3
/home/rodrigo/Escritorio/BBDDAvanzadas/.venv/lib/python3.12/site-packages/airflow/example_dags/example_setup_teardown_taskflow.py                                                   1           0  0.18s           2026-05-07T17:43:50                      10
/home/rodrigo/Escritorio/BBDDAvanzadas/models/dag/dag_psql.py                                                                                                                       1           0  0.16s           2026-05-07T17:43:33                      10
/home/rodrigo/Escritorio/BBDDAvanzadas/.venv/lib/python3.12/site-packages/airflow/example_dags/tutorial_taskflow_api.py                                                             1           0  0.13s           2026-05-07T17:43:05                      10
/home/rodrigo/Escritorio/BBDDAvanzadas/.venv/lib/python3.12/site-packages/airflow/example_dags/example_xcomargs.py                                                                  2           0  0.13s           2026-05-07T17:43:09                      13
/home/rodrigo/Escritorio/BBDDAvanzadas/.venv/lib/python3.12/site-packages/airflow/example_dags/example_dynamic_task_mapping_with_no_taskflow_operators.py                           1           0  0.13s           2026-05-07T17:42:57                      10
/home/rodrigo/Escritorio/BBDDAvanzadas/.venv/lib/python3.12/site-packages/airflow/example_dags/example_external_task_marker_dag.py                                                  2           0  0.13s           2026-05-07T17:42:57                      13
/home/rodrigo/Escritorio/BBDDAvanzadas/.venv/lib/python3.12/site-packages/airflow/example_dags/example_display_name.py                                                              1           0  0.13s           2026-05-07T17:43:16                      10
/home/rodrigo/Escritorio/BBDDAvanzadas/.venv/lib/python3.12/site-packages/airflow/example_dags/example_xcom.py                                                                      1           0  0.13s           2026-05-07T17:43:10                      12
/home/rodrigo/Escritorio/BBDDAvanzadas/.venv/lib/python3.12/site-packages/airflow/example_dags/example_trigger_target_dag.py                                                        1           0  0.12s           2026-05-07T17:43:12                      10
/home/rodrigo/Escritorio/BBDDAvanzadas/.venv/lib/python3.12/site-packages/airflow/example_dags/tutorial_objectstorage.py                                                            1           0  0.11s           2026-05-07T17:43:06                      10
/home/rodrigo/Escritorio/BBDDAvanzadas/.venv/lib/python3.12/site-packages/airflow/example_dags/example_workday_timetable.py                                                         1           0  0.11s           2026-05-07T17:43:12                      12
/home/rodrigo/Escritorio/BBDDAvanzadas/.venv/lib/python3.12/site-packages/airflow/example_dags/example_local_kubernetes_executor.py                                                 0           0  0.11s           2026-05-07T17:44:04                       3
/home/rodrigo/Escritorio/BBDDAvanzadas/.venv/lib/python3.12/site-packages/airflow/example_dags/plugins/workday.py                                                                   0           0  0.11s           2026-05-07T17:43:35                       3
/home/rodrigo/Escritorio/BBDDAvanzadas/.venv/lib/python3.12/site-packages/airflow/example_dags/tutorial_taskflow_api_virtualenv.py                                                  0           0  0.11s           2026-05-07T17:43:04                       3
/home/rodrigo/Escritorio/BBDDAvanzadas/.venv/lib/python3.12/site-packages/airflow/example_dags/tutorial_taskflow_templates.py                                                       1           0  0.11s           2026-05-07T17:43:04                      12
/home/rodrigo/Escritorio/BBDDAvanzadas/.venv/lib/python3.12/site-packages/airflow/example_dags/example_branch_operator_decorator.py                                                 0           0  0.11s           2026-05-07T17:43:25                       3
/home/rodrigo/Escritorio/BBDDAvanzadas/.venv/lib/python3.12/site-packages/airflow/example_dags/plugins/event_listener.py                                                            0           0  0.11s           2026-05-07T17:43:02                       3
/home/rodrigo/Escritorio/BBDDAvanzadas/.venv/lib/python3.12/site-packages/airflow/example_dags/subdags/subdag.py                                                                    0           0  0.11s           2026-05-07T17:43:34                       3
================================================================================
[2026-05-07T19:44:39.270+0200] {manager.py:997} INFO - 
================================================================================
DAG File Processing Stats

File Path                                                                                                                                                  PID    Runtime      # DAGs    # Errors  Last Runtime    Last Run               Last # of DB Queries
---------------------------------------------------------------------------------------------------------------------------------------------------------  -----  ---------  --------  ----------  --------------  -------------------  ----------------------
/home/rodrigo/Escritorio/BBDDAvanzadas/.venv/lib/python3.12/site-packages/airflow/example_dags/example_python_operator.py                                                           1           0  0.71s           2026-05-07T17:43:55                      10
/home/rodrigo/Escritorio/BBDDAvanzadas/.venv/lib/python3.12/site-packages/airflow/example_dags/example_dataset_alias.py                                                             4           0  0.64s           2026-05-07T17:43:20                      27
/home/rodrigo/Escritorio/BBDDAvanzadas/.venv/lib/python3.12/site-packages/airflow/example_dags/example_dag_decorator.py                                                             1           0  0.53s           2026-05-07T17:43:22                      32
/home/rodrigo/Escritorio/BBDDAvanzadas/.venv/lib/python3.12/site-packages/airflow/example_dags/example_bash_decorator.py                                                            1           0  0.52s           2026-05-07T17:43:31                      10
/home/rodrigo/Escritorio/BBDDAvanzadas/.venv/lib/python3.12/site-packages/airflow/example_dags/example_datasets.py                                                                 10           0  0.43s           2026-05-07T17:43:17                      49
/home/rodrigo/Escritorio/BBDDAvanzadas/.venv/lib/python3.12/site-packages/airflow/example_dags/example_params_ui_tutorial.py                                                        1           0  0.43s           2026-05-07T17:43:59                      10
/home/rodrigo/Escritorio/BBDDAvanzadas/.venv/lib/python3.12/site-packages/airflow/example_dags/example_bash_operator.py                                                             1           0  0.43s           2026-05-07T17:43:30                      12
/home/rodrigo/Escritorio/BBDDAvanzadas/.venv/lib/python3.12/site-packages/airflow/example_dags/example_inlet_event_extra.py                                                         2           0  0.39s           2026-05-07T17:44:09                      15
/home/rodrigo/Escritorio/BBDDAvanzadas/.venv/lib/python3.12/site-packages/airflow/example_dags/example_nested_branch_dag.py                                                         1           0  0.38s           2026-05-07T17:44:03                      12
/home/rodrigo/Escritorio/BBDDAvanzadas/.venv/lib/python3.12/site-packages/airflow/example_dags/example_params_trigger_ui.py                                                         1           0  0.34s           2026-05-07T17:44:00                      10
/home/rodrigo/Escritorio/BBDDAvanzadas/.venv/lib/python3.12/site-packages/airflow/example_dags/example_latest_only.py                                                               1           0  0.34s           2026-05-07T17:44:06                      12
/home/rodrigo/Escritorio/BBDDAvanzadas/.venv/lib/python3.12/site-packages/airflow/example_dags/plugins/listener_plugin.py                                                           0           0  0.32s           2026-05-07T17:44:17                       3
/home/rodrigo/Escritorio/BBDDAvanzadas/.venv/lib/python3.12/site-packages/airflow/example_dags/example_dynamic_task_mapping_with_no_taskflow_operators.py                           1           0  0.32s           2026-05-07T17:44:12                      10
/home/rodrigo/Escritorio/BBDDAvanzadas/.venv/lib/python3.12/site-packages/airflow/example_dags/example_skip_dag.py                                                                  1           0  0.31s           2026-05-07T17:43:46                      12
/home/rodrigo/Escritorio/BBDDAvanzadas/.venv/lib/python3.12/site-packages/airflow/example_dags/example_short_circuit_decorator.py                                                   1           0  0.27s           2026-05-07T17:43:48                      10
/home/rodrigo/Escritorio/BBDDAvanzadas/.venv/lib/python3.12/site-packages/airflow/example_dags/example_dataset_alias_with_no_taskflow.py                                            4           0  0.27s           2026-05-07T17:43:18                      27
/home/rodrigo/Escritorio/BBDDAvanzadas/.venv/lib/python3.12/site-packages/airflow/example_dags/example_sensor_decorator.py                                                          1           0  0.27s           2026-05-07T17:43:53                      10
/home/rodrigo/Escritorio/BBDDAvanzadas/.venv/lib/python3.12/site-packages/airflow/example_dags/example_python_decorator.py                                                          1           0  0.26s           2026-05-07T17:43:57                      10
/home/rodrigo/Escritorio/BBDDAvanzadas/.venv/lib/python3.12/site-packages/airflow/example_dags/example_subdag_operator.py                                                           3           0  0.24s           2026-05-07T17:43:43                      20
/home/rodrigo/Escritorio/BBDDAvanzadas/.venv/lib/python3.12/site-packages/airflow/example_dags/example_external_task_marker_dag.py                                                  2           0  0.24s           2026-05-07T17:44:10                      13
/home/rodrigo/Escritorio/BBDDAvanzadas/.venv/lib/python3.12/site-packages/airflow/example_dags/example_sla_dag.py                                                                   1           0  0.24s           2026-05-07T17:43:44                      12
/home/rodrigo/Escritorio/BBDDAvanzadas/.venv/lib/python3.12/site-packages/airflow/example_dags/example_sensors.py                                                                   1           0  0.23s           2026-05-07T17:43:53                      10
/home/rodrigo/Escritorio/BBDDAvanzadas/.venv/lib/python3.12/site-packages/airflow/example_dags/example_branch_labels.py                                                             1           0  0.23s           2026-05-07T17:43:27                      12
/home/rodrigo/Escritorio/BBDDAvanzadas/.venv/lib/python3.12/site-packages/airflow/example_dags/example_branch_day_of_week_operator.py                                               1           0  0.23s           2026-05-07T17:43:28                      12
/home/rodrigo/Escritorio/BBDDAvanzadas/.venv/lib/python3.12/site-packages/airflow/example_dags/example_task_group.py                                                                1           0  0.23s           2026-05-07T17:44:39                      10
/home/rodrigo/Escritorio/BBDDAvanzadas/.venv/lib/python3.12/site-packages/airflow/example_dags/example_branch_python_dop_operator_3.py                                              1           0  0.22s           2026-05-07T17:43:24                      12
/home/rodrigo/Escritorio/BBDDAvanzadas/.venv/lib/python3.12/site-packages/airflow/example_dags/example_complex.py                                                                   1           0  0.21s           2026-05-07T17:43:23                      10
/home/rodrigo/Escritorio/BBDDAvanzadas/.venv/lib/python3.12/site-packages/airflow/example_dags/example_workday_timetable.py                                                         1           0  0.21s           2026-05-07T17:44:30                      12
/home/rodrigo/Escritorio/BBDDAvanzadas/.venv/lib/python3.12/site-packages/airflow/example_dags/example_branch_operator.py                                                           0           0  0.21s           2026-05-07T17:43:25                       3
/home/rodrigo/Escritorio/BBDDAvanzadas/.venv/lib/python3.12/site-packages/airflow/example_dags/example_outlet_event_extra.py                                                        3           0  0.21s           2026-05-07T17:44:02                      19
/home/rodrigo/Escritorio/BBDDAvanzadas/.venv/lib/python3.12/site-packages/airflow/example_dags/example_branch_datetime_operator.py                                                  3           0  0.21s           2026-05-07T17:43:29                      18
/home/rodrigo/Escritorio/BBDDAvanzadas/.venv/lib/python3.12/site-packages/airflow/example_dags/example_kubernetes_executor.py                                                       0           0  0.21s           2026-05-07T17:44:08                       3
/home/rodrigo/Escritorio/BBDDAvanzadas/models/dag/dag_sqlite.py                                                                                                                     1           0  0.21s           2026-05-07T17:44:13                      10
/home/rodrigo/Escritorio/BBDDAvanzadas/.venv/lib/python3.12/site-packages/airflow/example_dags/example_dynamic_task_mapping.py                                                      1           0  0.21s           2026-05-07T17:43:14                      10
/home/rodrigo/Escritorio/BBDDAvanzadas/.venv/lib/python3.12/site-packages/airflow/example_dags/example_setup_teardown.py                                                            1           0  0.20s           2026-05-07T17:43:52                      10
/home/rodrigo/Escritorio/BBDDAvanzadas/.venv/lib/python3.12/site-packages/airflow/example_dags/example_short_circuit_operator.py                                                    1           0  0.19s           2026-05-07T17:43:47                      10
/home/rodrigo/Escritorio/BBDDAvanzadas/.venv/lib/python3.12/site-packages/airflow/example_dags/example_latest_only_with_trigger.py                                                  1           0  0.19s           2026-05-07T17:44:05                      12
/home/rodrigo/Escritorio/BBDDAvanzadas/.venv/lib/python3.12/site-packages/airflow/example_dags/example_passing_params_via_test_command.py                                           1           0  0.19s           2026-05-07T17:43:58                      12
/home/rodrigo/Escritorio/BBDDAvanzadas/.venv/lib/python3.12/site-packages/airflow/example_dags/example_setup_teardown_taskflow.py                                                   1           0  0.18s           2026-05-07T17:43:50                      10
/home/rodrigo/Escritorio/BBDDAvanzadas/.venv/lib/python3.12/site-packages/airflow/example_dags/example_trigger_target_dag.py                                                        1           0  0.15s           2026-05-07T17:44:31                      10
/home/rodrigo/Escritorio/BBDDAvanzadas/.venv/lib/python3.12/site-packages/airflow/example_dags/example_display_name.py                                                              1           0  0.13s           2026-05-07T17:43:16                      10
/home/rodrigo/Escritorio/BBDDAvanzadas/.venv/lib/python3.12/site-packages/airflow/example_dags/example_trigger_controller_dag.py                                                    1           0  0.13s           2026-05-07T17:44:32                      12
/home/rodrigo/Escritorio/BBDDAvanzadas/.venv/lib/python3.12/site-packages/airflow/example_dags/tutorial_objectstorage.py                                                            1           0  0.13s           2026-05-07T17:44:24                      10
/home/rodrigo/Escritorio/BBDDAvanzadas/.venv/lib/python3.12/site-packages/airflow/example_dags/subdags/subdag.py                                                                    0           0  0.12s           2026-05-07T17:44:14                       3
/home/rodrigo/Escritorio/BBDDAvanzadas/models/dag/dag_psql.py                                                                                                                       1           0  0.12s           2026-05-07T17:44:13                      10
/home/rodrigo/Escritorio/BBDDAvanzadas/.venv/lib/python3.12/site-packages/airflow/example_dags/example_local_kubernetes_executor.py                                                 0           0  0.11s           2026-05-07T17:44:04                       3
/home/rodrigo/Escritorio/BBDDAvanzadas/.venv/lib/python3.12/site-packages/airflow/example_dags/plugins/decreasing_priority_weight_strategy.py                                       0           0  0.11s           2026-05-07T17:44:19                       3
/home/rodrigo/Escritorio/BBDDAvanzadas/.venv/lib/python3.12/site-packages/airflow/example_dags/plugins/event_listener.py                                                            0           0  0.11s           2026-05-07T17:44:18                       3
/home/rodrigo/Escritorio/BBDDAvanzadas/.venv/lib/python3.12/site-packages/airflow/example_dags/example_time_delta_sensor_async.py                                                   1           0  0.11s           2026-05-07T17:44:34                      10
/home/rodrigo/Escritorio/BBDDAvanzadas/.venv/lib/python3.12/site-packages/airflow/example_dags/example_task_group_decorator.py                                                      1           0  0.11s           2026-05-07T17:44:35                      10
/home/rodrigo/Escritorio/BBDDAvanzadas/.venv/lib/python3.12/site-packages/airflow/example_dags/tutorial_taskflow_api_virtualenv.py                                                  0           0  0.11s           2026-05-07T17:44:21                       3
/home/rodrigo/Escritorio/BBDDAvanzadas/.venv/lib/python3.12/site-packages/airflow/example_dags/example_xcomargs.py                                                                  2           0  0.11s           2026-05-07T17:44:28                      13
/home/rodrigo/Escritorio/BBDDAvanzadas/.venv/lib/python3.12/site-packages/airflow/example_dags/tutorial.py                                                                          1           0  0.11s           2026-05-07T17:44:27                      12
/home/rodrigo/Escritorio/BBDDAvanzadas/.venv/lib/python3.12/site-packages/airflow/example_dags/plugins/workday.py                                                                   0           0  0.11s           2026-05-07T17:44:15                       3
/home/rodrigo/Escritorio/BBDDAvanzadas/.venv/lib/python3.12/site-packages/airflow/example_dags/example_branch_operator_decorator.py                                                 0           0  0.11s           2026-05-07T17:43:25                       3
/home/rodrigo/Escritorio/BBDDAvanzadas/.venv/lib/python3.12/site-packages/airflow/example_dags/tutorial_dag.py                                                                      1           0  0.11s           2026-05-07T17:44:25                      10
/home/rodrigo/Escritorio/BBDDAvanzadas/.venv/lib/python3.12/site-packages/airflow/example_dags/tutorial_taskflow_api.py                                                             1           0  0.11s           2026-05-07T17:44:23                      10
/home/rodrigo/Escritorio/BBDDAvanzadas/.venv/lib/python3.12/site-packages/airflow/example_dags/example_xcom.py                                                                      1           0  0.11s           2026-05-07T17:44:29                      12
/home/rodrigo/Escritorio/BBDDAvanzadas/.venv/lib/python3.12/site-packages/airflow/example_dags/tutorial_taskflow_templates.py                                                       1           0  0.11s           2026-05-07T17:44:20                      12
================================================================================
[2026-05-07T19:45:09.675+0200] {manager.py:997} INFO - 
================================================================================
DAG File Processing Stats

File Path                                                                                                                                                  PID    Runtime      # DAGs    # Errors  Last Runtime    Last Run               Last # of DB Queries
---------------------------------------------------------------------------------------------------------------------------------------------------------  -----  ---------  --------  ----------  --------------  -------------------  ----------------------
/home/rodrigo/Escritorio/BBDDAvanzadas/.venv/lib/python3.12/site-packages/airflow/example_dags/example_branch_operator.py                                                           0           0  1.08s           2026-05-07T17:44:55                       3
/home/rodrigo/Escritorio/BBDDAvanzadas/.venv/lib/python3.12/site-packages/airflow/example_dags/example_python_operator.py                                                           1           0  0.71s           2026-05-07T17:43:55                      10
/home/rodrigo/Escritorio/BBDDAvanzadas/.venv/lib/python3.12/site-packages/airflow/example_dags/example_display_name.py                                                              1           0  0.50s           2026-05-07T17:44:42                      10
/home/rodrigo/Escritorio/BBDDAvanzadas/.venv/lib/python3.12/site-packages/airflow/example_dags/example_params_ui_tutorial.py                                                        1           0  0.43s           2026-05-07T17:43:59                      10
/home/rodrigo/Escritorio/BBDDAvanzadas/.venv/lib/python3.12/site-packages/airflow/example_dags/example_branch_python_dop_operator_3.py                                              1           0  0.40s           2026-05-07T17:44:51                      12
/home/rodrigo/Escritorio/BBDDAvanzadas/.venv/lib/python3.12/site-packages/airflow/example_dags/example_inlet_event_extra.py                                                         2           0  0.39s           2026-05-07T17:44:09                      15
/home/rodrigo/Escritorio/BBDDAvanzadas/.venv/lib/python3.12/site-packages/airflow/example_dags/example_nested_branch_dag.py                                                         1           0  0.38s           2026-05-07T17:44:03                      12
/home/rodrigo/Escritorio/BBDDAvanzadas/.venv/lib/python3.12/site-packages/airflow/example_dags/example_params_trigger_ui.py                                                         1           0  0.34s           2026-05-07T17:44:00                      10
/home/rodrigo/Escritorio/BBDDAvanzadas/.venv/lib/python3.12/site-packages/airflow/example_dags/example_latest_only.py                                                               1           0  0.34s           2026-05-07T17:44:06                      12
/home/rodrigo/Escritorio/BBDDAvanzadas/.venv/lib/python3.12/site-packages/airflow/example_dags/example_dynamic_task_mapping_with_no_taskflow_operators.py                           1           0  0.32s           2026-05-07T17:44:12                      10
/home/rodrigo/Escritorio/BBDDAvanzadas/.venv/lib/python3.12/site-packages/airflow/example_dags/example_skip_dag.py                                                                  1           0  0.31s           2026-05-07T17:43:46                      12
/home/rodrigo/Escritorio/BBDDAvanzadas/.venv/lib/python3.12/site-packages/airflow/example_dags/example_short_circuit_decorator.py                                                   1           0  0.27s           2026-05-07T17:43:48                      10
/home/rodrigo/Escritorio/BBDDAvanzadas/.venv/lib/python3.12/site-packages/airflow/example_dags/example_sensor_decorator.py                                                          1           0  0.27s           2026-05-07T17:43:53                      10
/home/rodrigo/Escritorio/BBDDAvanzadas/.venv/lib/python3.12/site-packages/airflow/example_dags/example_python_decorator.py                                                          1           0  0.26s           2026-05-07T17:43:57                      10
/home/rodrigo/Escritorio/BBDDAvanzadas/.venv/lib/python3.12/site-packages/airflow/example_dags/example_datasets.py                                                                 10           0  0.26s           2026-05-07T17:44:44                      49
/home/rodrigo/Escritorio/BBDDAvanzadas/.venv/lib/python3.12/site-packages/airflow/example_dags/example_branch_operator_decorator.py                                                 0           0  0.24s           2026-05-07T17:44:53                       3
/home/rodrigo/Escritorio/BBDDAvanzadas/.venv/lib/python3.12/site-packages/airflow/example_dags/example_subdag_operator.py                                                           3           0  0.24s           2026-05-07T17:43:43                      20
/home/rodrigo/Escritorio/BBDDAvanzadas/.venv/lib/python3.12/site-packages/airflow/example_dags/example_external_task_marker_dag.py                                                  2           0  0.24s           2026-05-07T17:44:10                      13
/home/rodrigo/Escritorio/BBDDAvanzadas/.venv/lib/python3.12/site-packages/airflow/example_dags/example_sla_dag.py                                                                   1           0  0.24s           2026-05-07T17:43:44                      12
/home/rodrigo/Escritorio/BBDDAvanzadas/.venv/lib/python3.12/site-packages/airflow/example_dags/example_sensors.py                                                                   1           0  0.23s           2026-05-07T17:43:53                      10
/home/rodrigo/Escritorio/BBDDAvanzadas/.venv/lib/python3.12/site-packages/airflow/example_dags/example_task_group.py                                                                1           0  0.23s           2026-05-07T17:44:39                      10
/home/rodrigo/Escritorio/BBDDAvanzadas/.venv/lib/python3.12/site-packages/airflow/example_dags/plugins/decreasing_priority_weight_strategy.py                                       0           0  0.22s           2026-05-07T17:45:09                       3
/home/rodrigo/Escritorio/BBDDAvanzadas/.venv/lib/python3.12/site-packages/airflow/example_dags/example_dag_decorator.py                                                             1           0  0.21s           2026-05-07T17:44:48                      32
/home/rodrigo/Escritorio/BBDDAvanzadas/.venv/lib/python3.12/site-packages/airflow/example_dags/example_workday_timetable.py                                                         1           0  0.21s           2026-05-07T17:44:30                      12
/home/rodrigo/Escritorio/BBDDAvanzadas/.venv/lib/python3.12/site-packages/airflow/example_dags/example_outlet_event_extra.py                                                        3           0  0.21s           2026-05-07T17:44:02                      19
/home/rodrigo/Escritorio/BBDDAvanzadas/.venv/lib/python3.12/site-packages/airflow/example_dags/example_kubernetes_executor.py                                                       0           0  0.21s           2026-05-07T17:44:08                       3
/home/rodrigo/Escritorio/BBDDAvanzadas/.venv/lib/python3.12/site-packages/airflow/example_dags/example_bash_operator.py                                                             1           0  0.21s           2026-05-07T17:44:58                      12
/home/rodrigo/Escritorio/BBDDAvanzadas/.venv/lib/python3.12/site-packages/airflow/example_dags/example_setup_teardown.py                                                            1           0  0.20s           2026-05-07T17:43:52                      10
/home/rodrigo/Escritorio/BBDDAvanzadas/.venv/lib/python3.12/site-packages/airflow/example_dags/example_short_circuit_operator.py                                                    1           0  0.19s           2026-05-07T17:43:47                      10
/home/rodrigo/Escritorio/BBDDAvanzadas/.venv/lib/python3.12/site-packages/airflow/example_dags/example_latest_only_with_trigger.py                                                  1           0  0.19s           2026-05-07T17:44:05                      12
/home/rodrigo/Escritorio/BBDDAvanzadas/.venv/lib/python3.12/site-packages/airflow/example_dags/example_passing_params_via_test_command.py                                           1           0  0.19s           2026-05-07T17:43:58                      12
/home/rodrigo/Escritorio/BBDDAvanzadas/.venv/lib/python3.12/site-packages/airflow/example_dags/example_setup_teardown_taskflow.py                                                   1           0  0.18s           2026-05-07T17:43:50                      10
/home/rodrigo/Escritorio/BBDDAvanzadas/.venv/lib/python3.12/site-packages/airflow/example_dags/example_bash_decorator.py                                                            1           0  0.17s           2026-05-07T17:44:59                      10
/home/rodrigo/Escritorio/BBDDAvanzadas/.venv/lib/python3.12/site-packages/airflow/example_dags/plugins/listener_plugin.py                                                           0           0  0.16s           2026-05-07T17:45:06                       3
/home/rodrigo/Escritorio/BBDDAvanzadas/models/dag/dag_sqlite.py                                                                                                                     1           0  0.16s           2026-05-07T17:45:01                      10
/home/rodrigo/Escritorio/BBDDAvanzadas/.venv/lib/python3.12/site-packages/airflow/example_dags/example_trigger_target_dag.py                                                        1           0  0.15s           2026-05-07T17:44:31                      10
/home/rodrigo/Escritorio/BBDDAvanzadas/.venv/lib/python3.12/site-packages/airflow/example_dags/example_branch_day_of_week_operator.py                                               1           0  0.14s           2026-05-07T17:44:56                      12
/home/rodrigo/Escritorio/BBDDAvanzadas/.venv/lib/python3.12/site-packages/airflow/example_dags/example_trigger_controller_dag.py                                                    1           0  0.13s           2026-05-07T17:44:32                      12
/home/rodrigo/Escritorio/BBDDAvanzadas/.venv/lib/python3.12/site-packages/airflow/example_dags/tutorial_objectstorage.py                                                            1           0  0.13s           2026-05-07T17:44:24                      10
/home/rodrigo/Escritorio/BBDDAvanzadas/.venv/lib/python3.12/site-packages/airflow/example_dags/example_complex.py                                                                   1           0  0.12s           2026-05-07T17:44:50                      10
/home/rodrigo/Escritorio/BBDDAvanzadas/.venv/lib/python3.12/site-packages/airflow/example_dags/example_dynamic_task_mapping.py                                                      1           0  0.12s           2026-05-07T17:44:40                      10
/home/rodrigo/Escritorio/BBDDAvanzadas/.venv/lib/python3.12/site-packages/airflow/example_dags/example_branch_datetime_operator.py                                                  3           0  0.12s           2026-05-07T17:44:57                      18
/home/rodrigo/Escritorio/BBDDAvanzadas/.venv/lib/python3.12/site-packages/airflow/example_dags/subdags/subdag.py                                                                    0           0  0.11s           2026-05-07T17:45:03                       3
/home/rodrigo/Escritorio/BBDDAvanzadas/.venv/lib/python3.12/site-packages/airflow/example_dags/example_local_kubernetes_executor.py                                                 0           0  0.11s           2026-05-07T17:44:04                       3
/home/rodrigo/Escritorio/BBDDAvanzadas/.venv/lib/python3.12/site-packages/airflow/example_dags/example_dataset_alias_with_no_taskflow.py                                            4           0  0.11s           2026-05-07T17:44:45                      27
/home/rodrigo/Escritorio/BBDDAvanzadas/.venv/lib/python3.12/site-packages/airflow/example_dags/example_dataset_alias.py                                                             4           0  0.11s           2026-05-07T17:44:47                      27
/home/rodrigo/Escritorio/BBDDAvanzadas/.venv/lib/python3.12/site-packages/airflow/example_dags/example_branch_labels.py                                                             1           0  0.11s           2026-05-07T17:44:56                      12
/home/rodrigo/Escritorio/BBDDAvanzadas/.venv/lib/python3.12/site-packages/airflow/example_dags/example_time_delta_sensor_async.py                                                   1           0  0.11s           2026-05-07T17:44:34                      10
/home/rodrigo/Escritorio/BBDDAvanzadas/.venv/lib/python3.12/site-packages/airflow/example_dags/example_task_group_decorator.py                                                      1           0  0.11s           2026-05-07T17:44:35                      10
/home/rodrigo/Escritorio/BBDDAvanzadas/.venv/lib/python3.12/site-packages/airflow/example_dags/tutorial_taskflow_api_virtualenv.py                                                  0           0  0.11s           2026-05-07T17:44:21                       3
/home/rodrigo/Escritorio/BBDDAvanzadas/models/dag/dag_psql.py                                                                                                                       1           0  0.11s           2026-05-07T17:45:02                      10
/home/rodrigo/Escritorio/BBDDAvanzadas/.venv/lib/python3.12/site-packages/airflow/example_dags/example_xcomargs.py                                                                  2           0  0.11s           2026-05-07T17:44:28                      13
/home/rodrigo/Escritorio/BBDDAvanzadas/.venv/lib/python3.12/site-packages/airflow/example_dags/tutorial.py                                                                          1           0  0.11s           2026-05-07T17:44:27                      12
/home/rodrigo/Escritorio/BBDDAvanzadas/.venv/lib/python3.12/site-packages/airflow/example_dags/tutorial_dag.py                                                                      1           0  0.11s           2026-05-07T17:44:25                      10
/home/rodrigo/Escritorio/BBDDAvanzadas/.venv/lib/python3.12/site-packages/airflow/example_dags/tutorial_taskflow_api.py                                                             1           0  0.11s           2026-05-07T17:44:23                      10
/home/rodrigo/Escritorio/BBDDAvanzadas/.venv/lib/python3.12/site-packages/airflow/example_dags/plugins/event_listener.py                                                            0           0  0.11s           2026-05-07T17:45:08                       3
/home/rodrigo/Escritorio/BBDDAvanzadas/.venv/lib/python3.12/site-packages/airflow/example_dags/plugins/workday.py                                                                   0           0  0.11s           2026-05-07T17:45:04                       3
/home/rodrigo/Escritorio/BBDDAvanzadas/.venv/lib/python3.12/site-packages/airflow/example_dags/example_xcom.py                                                                      1           0  0.11s           2026-05-07T17:44:29                      12
/home/rodrigo/Escritorio/BBDDAvanzadas/.venv/lib/python3.12/site-packages/airflow/example_dags/tutorial_taskflow_templates.py                                                       1           0  0.11s           2026-05-07T17:44:20                      12
================================================================================
[2026-05-07T19:45:40.556+0200] {manager.py:997} INFO - 
================================================================================
DAG File Processing Stats

File Path                                                                                                                                                  PID    Runtime      # DAGs    # Errors  Last Runtime    Last Run               Last # of DB Queries
---------------------------------------------------------------------------------------------------------------------------------------------------------  -----  ---------  --------  ----------  --------------  -------------------  ----------------------
/home/rodrigo/Escritorio/BBDDAvanzadas/.venv/lib/python3.12/site-packages/airflow/example_dags/example_branch_operator.py                                                           0           0  1.08s           2026-05-07T17:44:55                       3
/home/rodrigo/Escritorio/BBDDAvanzadas/.venv/lib/python3.12/site-packages/airflow/example_dags/example_display_name.py                                                              1           0  0.50s           2026-05-07T17:44:42                      10
/home/rodrigo/Escritorio/BBDDAvanzadas/.venv/lib/python3.12/site-packages/airflow/example_dags/tutorial_taskflow_api_virtualenv.py                                                  0           0  0.41s           2026-05-07T17:45:12                       3
/home/rodrigo/Escritorio/BBDDAvanzadas/.venv/lib/python3.12/site-packages/airflow/example_dags/example_branch_python_dop_operator_3.py                                              1           0  0.40s           2026-05-07T17:44:51                      12
/home/rodrigo/Escritorio/BBDDAvanzadas/.venv/lib/python3.12/site-packages/airflow/example_dags/example_inlet_event_extra.py                                                         2           0  0.39s           2026-05-07T17:44:09                      15
/home/rodrigo/Escritorio/BBDDAvanzadas/.venv/lib/python3.12/site-packages/airflow/example_dags/example_nested_branch_dag.py                                                         1           0  0.38s           2026-05-07T17:44:03                      12
/home/rodrigo/Escritorio/BBDDAvanzadas/.venv/lib/python3.12/site-packages/airflow/example_dags/tutorial_objectstorage.py                                                            1           0  0.35s           2026-05-07T17:45:16                      10
/home/rodrigo/Escritorio/BBDDAvanzadas/.venv/lib/python3.12/site-packages/airflow/example_dags/example_params_trigger_ui.py                                                         1           0  0.34s           2026-05-07T17:44:00                      10
/home/rodrigo/Escritorio/BBDDAvanzadas/.venv/lib/python3.12/site-packages/airflow/example_dags/example_latest_only.py                                                               1           0  0.34s           2026-05-07T17:44:06                      12
/home/rodrigo/Escritorio/BBDDAvanzadas/.venv/lib/python3.12/site-packages/airflow/example_dags/example_dynamic_task_mapping_with_no_taskflow_operators.py                           1           0  0.32s           2026-05-07T17:44:12                      10
/home/rodrigo/Escritorio/BBDDAvanzadas/.venv/lib/python3.12/site-packages/airflow/example_dags/tutorial_taskflow_templates.py                                                       1           0  0.30s           2026-05-07T17:45:11                      12
/home/rodrigo/Escritorio/BBDDAvanzadas/.venv/lib/python3.12/site-packages/airflow/example_dags/example_datasets.py                                                                 10           0  0.26s           2026-05-07T17:44:44                      49
/home/rodrigo/Escritorio/BBDDAvanzadas/.venv/lib/python3.12/site-packages/airflow/example_dags/example_branch_operator_decorator.py                                                 0           0  0.24s           2026-05-07T17:44:53                       3
/home/rodrigo/Escritorio/BBDDAvanzadas/.venv/lib/python3.12/site-packages/airflow/example_dags/example_external_task_marker_dag.py                                                  2           0  0.24s           2026-05-07T17:44:10                      13
/home/rodrigo/Escritorio/BBDDAvanzadas/.venv/lib/python3.12/site-packages/airflow/example_dags/example_task_group.py                                                                1           0  0.23s           2026-05-07T17:44:39                      10
/home/rodrigo/Escritorio/BBDDAvanzadas/.venv/lib/python3.12/site-packages/airflow/example_dags/plugins/decreasing_priority_weight_strategy.py                                       0           0  0.22s           2026-05-07T17:45:09                       3
/home/rodrigo/Escritorio/BBDDAvanzadas/.venv/lib/python3.12/site-packages/airflow/example_dags/example_dag_decorator.py                                                             1           0  0.21s           2026-05-07T17:44:48                      32
/home/rodrigo/Escritorio/BBDDAvanzadas/.venv/lib/python3.12/site-packages/airflow/example_dags/example_outlet_event_extra.py                                                        3           0  0.21s           2026-05-07T17:44:02                      19
/home/rodrigo/Escritorio/BBDDAvanzadas/.venv/lib/python3.12/site-packages/airflow/example_dags/example_python_operator.py                                                           1           0  0.21s           2026-05-07T17:45:37                      10
/home/rodrigo/Escritorio/BBDDAvanzadas/.venv/lib/python3.12/site-packages/airflow/example_dags/example_kubernetes_executor.py                                                       0           0  0.21s           2026-05-07T17:44:08                       3
/home/rodrigo/Escritorio/BBDDAvanzadas/.venv/lib/python3.12/site-packages/airflow/example_dags/example_bash_operator.py                                                             1           0  0.21s           2026-05-07T17:44:58                      12
/home/rodrigo/Escritorio/BBDDAvanzadas/.venv/lib/python3.12/site-packages/airflow/example_dags/example_xcomargs.py                                                                  2           0  0.20s           2026-05-07T17:45:21                      13
/home/rodrigo/Escritorio/BBDDAvanzadas/.venv/lib/python3.12/site-packages/airflow/example_dags/tutorial.py                                                                          1           0  0.19s           2026-05-07T17:45:19                      12
/home/rodrigo/Escritorio/BBDDAvanzadas/.venv/lib/python3.12/site-packages/airflow/example_dags/example_latest_only_with_trigger.py                                                  1           0  0.19s           2026-05-07T17:44:05                      12
/home/rodrigo/Escritorio/BBDDAvanzadas/.venv/lib/python3.12/site-packages/airflow/example_dags/example_bash_decorator.py                                                            1           0  0.17s           2026-05-07T17:44:59                      10
/home/rodrigo/Escritorio/BBDDAvanzadas/.venv/lib/python3.12/site-packages/airflow/example_dags/plugins/listener_plugin.py                                                           0           0  0.16s           2026-05-07T17:45:06                       3
/home/rodrigo/Escritorio/BBDDAvanzadas/models/dag/dag_sqlite.py                                                                                                                     1           0  0.16s           2026-05-07T17:45:01                      10
/home/rodrigo/Escritorio/BBDDAvanzadas/.venv/lib/python3.12/site-packages/airflow/example_dags/example_trigger_target_dag.py                                                        1           0  0.15s           2026-05-07T17:44:31                      10
/home/rodrigo/Escritorio/BBDDAvanzadas/.venv/lib/python3.12/site-packages/airflow/example_dags/example_skip_dag.py                                                                  1           0  0.15s           2026-05-07T17:45:27                      12
/home/rodrigo/Escritorio/BBDDAvanzadas/.venv/lib/python3.12/site-packages/airflow/example_dags/tutorial_dag.py                                                                      1           0  0.14s           2026-05-07T17:45:18                      10
/home/rodrigo/Escritorio/BBDDAvanzadas/.venv/lib/python3.12/site-packages/airflow/example_dags/example_python_decorator.py                                                          1           0  0.14s           2026-05-07T17:45:38                      10
/home/rodrigo/Escritorio/BBDDAvanzadas/.venv/lib/python3.12/site-packages/airflow/example_dags/example_branch_day_of_week_operator.py                                               1           0  0.14s           2026-05-07T17:44:56                      12
/home/rodrigo/Escritorio/BBDDAvanzadas/.venv/lib/python3.12/site-packages/airflow/example_dags/example_setup_teardown_taskflow.py                                                   1           0  0.13s           2026-05-07T17:45:32                      10
/home/rodrigo/Escritorio/BBDDAvanzadas/.venv/lib/python3.12/site-packages/airflow/example_dags/example_trigger_controller_dag.py                                                    1           0  0.13s           2026-05-07T17:44:32                      12
/home/rodrigo/Escritorio/BBDDAvanzadas/.venv/lib/python3.12/site-packages/airflow/example_dags/example_complex.py                                                                   1           0  0.12s           2026-05-07T17:44:50                      10
/home/rodrigo/Escritorio/BBDDAvanzadas/.venv/lib/python3.12/site-packages/airflow/example_dags/example_dynamic_task_mapping.py                                                      1           0  0.12s           2026-05-07T17:44:40                      10
/home/rodrigo/Escritorio/BBDDAvanzadas/.venv/lib/python3.12/site-packages/airflow/example_dags/example_short_circuit_decorator.py                                                   1           0  0.12s           2026-05-07T17:45:30                      10
/home/rodrigo/Escritorio/BBDDAvanzadas/.venv/lib/python3.12/site-packages/airflow/example_dags/tutorial_taskflow_api.py                                                             1           0  0.12s           2026-05-07T17:45:16                      10
/home/rodrigo/Escritorio/BBDDAvanzadas/.venv/lib/python3.12/site-packages/airflow/example_dags/example_branch_datetime_operator.py                                                  3           0  0.12s           2026-05-07T17:44:57                      18
/home/rodrigo/Escritorio/BBDDAvanzadas/.venv/lib/python3.12/site-packages/airflow/example_dags/example_sla_dag.py                                                                   1           0  0.11s           2026-05-07T17:45:25                      12
/home/rodrigo/Escritorio/BBDDAvanzadas/.venv/lib/python3.12/site-packages/airflow/example_dags/subdags/subdag.py                                                                    0           0  0.11s           2026-05-07T17:45:03                       3
/home/rodrigo/Escritorio/BBDDAvanzadas/.venv/lib/python3.12/site-packages/airflow/example_dags/example_workday_timetable.py                                                         1           0  0.11s           2026-05-07T17:45:22                      12
/home/rodrigo/Escritorio/BBDDAvanzadas/.venv/lib/python3.12/site-packages/airflow/example_dags/example_local_kubernetes_executor.py                                                 0           0  0.11s           2026-05-07T17:44:04                       3
/home/rodrigo/Escritorio/BBDDAvanzadas/.venv/lib/python3.12/site-packages/airflow/example_dags/example_dataset_alias_with_no_taskflow.py                                            4           0  0.11s           2026-05-07T17:44:45                      27
/home/rodrigo/Escritorio/BBDDAvanzadas/.venv/lib/python3.12/site-packages/airflow/example_dags/example_dataset_alias.py                                                             4           0  0.11s           2026-05-07T17:44:47                      27
/home/rodrigo/Escritorio/BBDDAvanzadas/.venv/lib/python3.12/site-packages/airflow/example_dags/example_sensors.py                                                                   1           0  0.11s           2026-05-07T17:45:34                      10
/home/rodrigo/Escritorio/BBDDAvanzadas/.venv/lib/python3.12/site-packages/airflow/example_dags/example_branch_labels.py                                                             1           0  0.11s           2026-05-07T17:44:56                      12
/home/rodrigo/Escritorio/BBDDAvanzadas/.venv/lib/python3.12/site-packages/airflow/example_dags/example_subdag_operator.py                                                           3           0  0.11s           2026-05-07T17:45:23                      20
/home/rodrigo/Escritorio/BBDDAvanzadas/.venv/lib/python3.12/site-packages/airflow/example_dags/example_time_delta_sensor_async.py                                                   1           0  0.11s           2026-05-07T17:44:34                      10
/home/rodrigo/Escritorio/BBDDAvanzadas/.venv/lib/python3.12/site-packages/airflow/example_dags/example_setup_teardown.py                                                            1           0  0.11s           2026-05-07T17:45:33                      10
/home/rodrigo/Escritorio/BBDDAvanzadas/.venv/lib/python3.12/site-packages/airflow/example_dags/example_task_group_decorator.py                                                      1           0  0.11s           2026-05-07T17:44:35                      10
/home/rodrigo/Escritorio/BBDDAvanzadas/.venv/lib/python3.12/site-packages/airflow/example_dags/example_sensor_decorator.py                                                          1           0  0.11s           2026-05-07T17:45:35                      10
/home/rodrigo/Escritorio/BBDDAvanzadas/models/dag/dag_psql.py                                                                                                                       1           0  0.11s           2026-05-07T17:45:02                      10
/home/rodrigo/Escritorio/BBDDAvanzadas/.venv/lib/python3.12/site-packages/airflow/example_dags/example_params_ui_tutorial.py                                                        1           0  0.11s           2026-05-07T17:45:40                      10
/home/rodrigo/Escritorio/BBDDAvanzadas/.venv/lib/python3.12/site-packages/airflow/example_dags/example_xcom.py                                                                      1           0  0.11s           2026-05-07T17:45:21                      12
/home/rodrigo/Escritorio/BBDDAvanzadas/.venv/lib/python3.12/site-packages/airflow/example_dags/example_short_circuit_operator.py                                                    1           0  0.11s           2026-05-07T17:45:28                      10
/home/rodrigo/Escritorio/BBDDAvanzadas/.venv/lib/python3.12/site-packages/airflow/example_dags/example_passing_params_via_test_command.py                                           1           0  0.11s           2026-05-07T17:45:39                      12
/home/rodrigo/Escritorio/BBDDAvanzadas/.venv/lib/python3.12/site-packages/airflow/example_dags/plugins/event_listener.py                                                            0           0  0.11s           2026-05-07T17:45:08                       3
/home/rodrigo/Escritorio/BBDDAvanzadas/.venv/lib/python3.12/site-packages/airflow/example_dags/plugins/workday.py                                                                   0           0  0.11s           2026-05-07T17:45:04                       3
================================================================================
[2026-05-07T19:46:11.010+0200] {manager.py:997} INFO - 
================================================================================
DAG File Processing Stats

File Path                                                                                                                                                  PID    Runtime      # DAGs    # Errors  Last Runtime    Last Run               Last # of DB Queries
---------------------------------------------------------------------------------------------------------------------------------------------------------  -----  ---------  --------  ----------  --------------  -------------------  ----------------------
/home/rodrigo/Escritorio/BBDDAvanzadas/.venv/lib/python3.12/site-packages/airflow/example_dags/example_branch_operator.py                                                           0           0  1.08s           2026-05-07T17:44:55                       3
/home/rodrigo/Escritorio/BBDDAvanzadas/.venv/lib/python3.12/site-packages/airflow/example_dags/example_display_name.py                                                              1           0  0.50s           2026-05-07T17:44:42                      10
/home/rodrigo/Escritorio/BBDDAvanzadas/.venv/lib/python3.12/site-packages/airflow/example_dags/tutorial.py                                                                          1           0  0.40s           2026-05-07T17:46:09                      12
/home/rodrigo/Escritorio/BBDDAvanzadas/.venv/lib/python3.12/site-packages/airflow/example_dags/example_branch_python_dop_operator_3.py                                              1           0  0.40s           2026-05-07T17:44:51                      12
/home/rodrigo/Escritorio/BBDDAvanzadas/.venv/lib/python3.12/site-packages/airflow/example_dags/plugins/event_listener.py                                                            0           0  0.34s           2026-05-07T17:46:00                       3
/home/rodrigo/Escritorio/BBDDAvanzadas/.venv/lib/python3.12/site-packages/airflow/example_dags/example_datasets.py                                                                 10           0  0.26s           2026-05-07T17:44:44                      49
/home/rodrigo/Escritorio/BBDDAvanzadas/.venv/lib/python3.12/site-packages/airflow/example_dags/example_branch_operator_decorator.py                                                 0           0  0.24s           2026-05-07T17:44:53                       3
/home/rodrigo/Escritorio/BBDDAvanzadas/.venv/lib/python3.12/site-packages/airflow/example_dags/example_task_group.py                                                                1           0  0.23s           2026-05-07T17:44:39                      10
/home/rodrigo/Escritorio/BBDDAvanzadas/.venv/lib/python3.12/site-packages/airflow/example_dags/example_dag_decorator.py                                                             1           0  0.21s           2026-05-07T17:44:48                      32
/home/rodrigo/Escritorio/BBDDAvanzadas/.venv/lib/python3.12/site-packages/airflow/example_dags/example_python_operator.py                                                           1           0  0.21s           2026-05-07T17:45:37                      10
/home/rodrigo/Escritorio/BBDDAvanzadas/.venv/lib/python3.12/site-packages/airflow/example_dags/example_bash_operator.py                                                             1           0  0.21s           2026-05-07T17:44:58                      12
/home/rodrigo/Escritorio/BBDDAvanzadas/.venv/lib/python3.12/site-packages/airflow/example_dags/tutorial_taskflow_api_virtualenv.py                                                  0           0  0.20s           2026-05-07T17:46:04                       3
/home/rodrigo/Escritorio/BBDDAvanzadas/.venv/lib/python3.12/site-packages/airflow/example_dags/tutorial_taskflow_api.py                                                             1           0  0.20s           2026-05-07T17:46:05                      10
/home/rodrigo/Escritorio/BBDDAvanzadas/.venv/lib/python3.12/site-packages/airflow/example_dags/example_bash_decorator.py                                                            1           0  0.17s           2026-05-07T17:44:59                      10
/home/rodrigo/Escritorio/BBDDAvanzadas/.venv/lib/python3.12/site-packages/airflow/example_dags/example_trigger_target_dag.py                                                        1           0  0.15s           2026-05-07T17:44:31                      10
/home/rodrigo/Escritorio/BBDDAvanzadas/.venv/lib/python3.12/site-packages/airflow/example_dags/tutorial_objectstorage.py                                                            1           0  0.15s           2026-05-07T17:46:07                      10
/home/rodrigo/Escritorio/BBDDAvanzadas/.venv/lib/python3.12/site-packages/airflow/example_dags/example_skip_dag.py                                                                  1           0  0.15s           2026-05-07T17:45:27                      12
/home/rodrigo/Escritorio/BBDDAvanzadas/.venv/lib/python3.12/site-packages/airflow/example_dags/example_python_decorator.py                                                          1           0  0.14s           2026-05-07T17:45:38                      10
/home/rodrigo/Escritorio/BBDDAvanzadas/.venv/lib/python3.12/site-packages/airflow/example_dags/example_branch_day_of_week_operator.py                                               1           0  0.14s           2026-05-07T17:44:56                      12
/home/rodrigo/Escritorio/BBDDAvanzadas/.venv/lib/python3.12/site-packages/airflow/example_dags/example_local_kubernetes_executor.py                                                 0           0  0.14s           2026-05-07T17:45:44                       3
/home/rodrigo/Escritorio/BBDDAvanzadas/.venv/lib/python3.12/site-packages/airflow/example_dags/example_setup_teardown_taskflow.py                                                   1           0  0.13s           2026-05-07T17:45:32                      10
/home/rodrigo/Escritorio/BBDDAvanzadas/.venv/lib/python3.12/site-packages/airflow/example_dags/example_latest_only.py                                                               1           0  0.13s           2026-05-07T17:45:47                      12
/home/rodrigo/Escritorio/BBDDAvanzadas/.venv/lib/python3.12/site-packages/airflow/example_dags/example_trigger_controller_dag.py                                                    1           0  0.13s           2026-05-07T17:44:32                      12
/home/rodrigo/Escritorio/BBDDAvanzadas/.venv/lib/python3.12/site-packages/airflow/example_dags/tutorial_dag.py                                                                      1           0  0.12s           2026-05-07T17:46:08                      10
/home/rodrigo/Escritorio/BBDDAvanzadas/.venv/lib/python3.12/site-packages/airflow/example_dags/example_outlet_event_extra.py                                                        3           0  0.12s           2026-05-07T17:45:42                      19
/home/rodrigo/Escritorio/BBDDAvanzadas/.venv/lib/python3.12/site-packages/airflow/example_dags/example_complex.py                                                                   1           0  0.12s           2026-05-07T17:44:50                      10
/home/rodrigo/Escritorio/BBDDAvanzadas/.venv/lib/python3.12/site-packages/airflow/example_dags/example_dynamic_task_mapping.py                                                      1           0  0.12s           2026-05-07T17:44:40                      10
/home/rodrigo/Escritorio/BBDDAvanzadas/.venv/lib/python3.12/site-packages/airflow/example_dags/example_short_circuit_decorator.py                                                   1           0  0.12s           2026-05-07T17:45:30                      10
/home/rodrigo/Escritorio/BBDDAvanzadas/.venv/lib/python3.12/site-packages/airflow/example_dags/example_branch_datetime_operator.py                                                  3           0  0.12s           2026-05-07T17:44:57                      18
/home/rodrigo/Escritorio/BBDDAvanzadas/.venv/lib/python3.12/site-packages/airflow/example_dags/example_sla_dag.py                                                                   1           0  0.11s           2026-05-07T17:45:25                      12
/home/rodrigo/Escritorio/BBDDAvanzadas/.venv/lib/python3.12/site-packages/airflow/example_dags/example_workday_timetable.py                                                         1           0  0.11s           2026-05-07T17:45:22                      12
/home/rodrigo/Escritorio/BBDDAvanzadas/.venv/lib/python3.12/site-packages/airflow/example_dags/example_dataset_alias_with_no_taskflow.py                                            4           0  0.11s           2026-05-07T17:44:45                      27
/home/rodrigo/Escritorio/BBDDAvanzadas/.venv/lib/python3.12/site-packages/airflow/example_dags/example_dataset_alias.py                                                             4           0  0.11s           2026-05-07T17:44:47                      27
/home/rodrigo/Escritorio/BBDDAvanzadas/.venv/lib/python3.12/site-packages/airflow/example_dags/example_sensors.py                                                                   1           0  0.11s           2026-05-07T17:45:34                      10
/home/rodrigo/Escritorio/BBDDAvanzadas/.venv/lib/python3.12/site-packages/airflow/example_dags/example_branch_labels.py                                                             1           0  0.11s           2026-05-07T17:44:56                      12
/home/rodrigo/Escritorio/BBDDAvanzadas/.venv/lib/python3.12/site-packages/airflow/example_dags/example_subdag_operator.py                                                           3           0  0.11s           2026-05-07T17:45:23                      20
/home/rodrigo/Escritorio/BBDDAvanzadas/.venv/lib/python3.12/site-packages/airflow/example_dags/subdags/subdag.py                                                                    0           0  0.11s           2026-05-07T17:45:57                       3
/home/rodrigo/Escritorio/BBDDAvanzadas/.venv/lib/python3.12/site-packages/airflow/example_dags/example_time_delta_sensor_async.py                                                   1           0  0.11s           2026-05-07T17:44:34                      10
/home/rodrigo/Escritorio/BBDDAvanzadas/.venv/lib/python3.12/site-packages/airflow/example_dags/example_setup_teardown.py                                                            1           0  0.11s           2026-05-07T17:45:33                      10
/home/rodrigo/Escritorio/BBDDAvanzadas/.venv/lib/python3.12/site-packages/airflow/example_dags/example_task_group_decorator.py                                                      1           0  0.11s           2026-05-07T17:44:35                      10
/home/rodrigo/Escritorio/BBDDAvanzadas/.venv/lib/python3.12/site-packages/airflow/example_dags/plugins/workday.py                                                                   0           0  0.11s           2026-05-07T17:45:58                       3
/home/rodrigo/Escritorio/BBDDAvanzadas/.venv/lib/python3.12/site-packages/airflow/example_dags/example_nested_branch_dag.py                                                         1           0  0.11s           2026-05-07T17:45:43                      12
/home/rodrigo/Escritorio/BBDDAvanzadas/.venv/lib/python3.12/site-packages/airflow/example_dags/plugins/decreasing_priority_weight_strategy.py                                       0           0  0.11s           2026-05-07T17:46:02                       3
/home/rodrigo/Escritorio/BBDDAvanzadas/.venv/lib/python3.12/site-packages/airflow/example_dags/example_sensor_decorator.py                                                          1           0  0.11s           2026-05-07T17:45:35                      10
/home/rodrigo/Escritorio/BBDDAvanzadas/.venv/lib/python3.12/site-packages/airflow/example_dags/example_params_ui_tutorial.py                                                        1           0  0.11s           2026-05-07T17:45:40                      10
/home/rodrigo/Escritorio/BBDDAvanzadas/.venv/lib/python3.12/site-packages/airflow/example_dags/example_xcom.py                                                                      1           0  0.11s           2026-05-07T17:45:21                      12
/home/rodrigo/Escritorio/BBDDAvanzadas/.venv/lib/python3.12/site-packages/airflow/example_dags/example_external_task_marker_dag.py                                                  2           0  0.11s           2026-05-07T17:45:52                      13
/home/rodrigo/Escritorio/BBDDAvanzadas/.venv/lib/python3.12/site-packages/airflow/example_dags/plugins/listener_plugin.py                                                           0           0  0.11s           2026-05-07T17:45:59                       3
/home/rodrigo/Escritorio/BBDDAvanzadas/.venv/lib/python3.12/site-packages/airflow/example_dags/tutorial_taskflow_templates.py                                                       1           0  0.11s           2026-05-07T17:46:03                      12
/home/rodrigo/Escritorio/BBDDAvanzadas/.venv/lib/python3.12/site-packages/airflow/example_dags/example_xcomargs.py                                                                  2           0  0.11s           2026-05-07T17:46:11                      13
/home/rodrigo/Escritorio/BBDDAvanzadas/.venv/lib/python3.12/site-packages/airflow/example_dags/example_short_circuit_operator.py                                                    1           0  0.11s           2026-05-07T17:45:28                      10
/home/rodrigo/Escritorio/BBDDAvanzadas/.venv/lib/python3.12/site-packages/airflow/example_dags/example_inlet_event_extra.py                                                         2           0  0.11s           2026-05-07T17:45:51                      15
/home/rodrigo/Escritorio/BBDDAvanzadas/models/dag/dag_sqlite.py                                                                                                                     1           0  0.11s           2026-05-07T17:45:54                      10
/home/rodrigo/Escritorio/BBDDAvanzadas/.venv/lib/python3.12/site-packages/airflow/example_dags/example_kubernetes_executor.py                                                       0           0  0.11s           2026-05-07T17:45:49                       3
/home/rodrigo/Escritorio/BBDDAvanzadas/.venv/lib/python3.12/site-packages/airflow/example_dags/example_passing_params_via_test_command.py                                           1           0  0.11s           2026-05-07T17:45:39                      12
/home/rodrigo/Escritorio/BBDDAvanzadas/models/dag/dag_psql.py                                                                                                                       1           0  0.11s           2026-05-07T17:45:56                      10
/home/rodrigo/Escritorio/BBDDAvanzadas/.venv/lib/python3.12/site-packages/airflow/example_dags/example_dynamic_task_mapping_with_no_taskflow_operators.py                           1           0  0.11s           2026-05-07T17:45:53                      10
/home/rodrigo/Escritorio/BBDDAvanzadas/.venv/lib/python3.12/site-packages/airflow/example_dags/example_latest_only_with_trigger.py                                                  1           0  0.11s           2026-05-07T17:45:46                      12
/home/rodrigo/Escritorio/BBDDAvanzadas/.venv/lib/python3.12/site-packages/airflow/example_dags/example_params_trigger_ui.py                                                         1           0  0.11s           2026-05-07T17:45:41                      10
================================================================================
[2026-05-07T19:46:41.151+0200] {manager.py:997} INFO - 
================================================================================
DAG File Processing Stats

File Path                                                                                                                                                  PID    Runtime      # DAGs    # Errors  Last Runtime    Last Run               Last # of DB Queries
---------------------------------------------------------------------------------------------------------------------------------------------------------  -----  ---------  --------  ----------  --------------  -------------------  ----------------------
/home/rodrigo/Escritorio/BBDDAvanzadas/.venv/lib/python3.12/site-packages/airflow/example_dags/example_complex.py                                                                   1           0  1.16s           2026-05-07T17:46:36                      10
/home/rodrigo/Escritorio/BBDDAvanzadas/.venv/lib/python3.12/site-packages/airflow/example_dags/example_trigger_target_dag.py                                                        1           0  0.86s           2026-05-07T17:46:16                      10
/home/rodrigo/Escritorio/BBDDAvanzadas/.venv/lib/python3.12/site-packages/airflow/example_dags/example_display_name.py                                                              1           0  0.69s           2026-05-07T17:46:25                      10
/home/rodrigo/Escritorio/BBDDAvanzadas/.venv/lib/python3.12/site-packages/airflow/example_dags/example_xcom.py                                                                      1           0  0.54s           2026-05-07T17:46:12                      12
/home/rodrigo/Escritorio/BBDDAvanzadas/.venv/lib/python3.12/site-packages/airflow/example_dags/example_dag_decorator.py                                                             1           0  0.48s           2026-05-07T17:46:33                      32
/home/rodrigo/Escritorio/BBDDAvanzadas/.venv/lib/python3.12/site-packages/airflow/example_dags/tutorial.py                                                                          1           0  0.40s           2026-05-07T17:46:09                      12
/home/rodrigo/Escritorio/BBDDAvanzadas/.venv/lib/python3.12/site-packages/airflow/example_dags/plugins/event_listener.py                                                            0           0  0.34s           2026-05-07T17:46:00                       3
/home/rodrigo/Escritorio/BBDDAvanzadas/.venv/lib/python3.12/site-packages/airflow/example_dags/example_workday_timetable.py                                                         1           0  0.25s           2026-05-07T17:46:15                      12
/home/rodrigo/Escritorio/BBDDAvanzadas/.venv/lib/python3.12/site-packages/airflow/example_dags/example_dataset_alias.py                                                             4           0  0.22s           2026-05-07T17:46:32                      27
/home/rodrigo/Escritorio/BBDDAvanzadas/.venv/lib/python3.12/site-packages/airflow/example_dags/example_branch_python_dop_operator_3.py                                              1           0  0.22s           2026-05-07T17:46:37                      12
/home/rodrigo/Escritorio/BBDDAvanzadas/.venv/lib/python3.12/site-packages/airflow/example_dags/example_task_group_decorator.py                                                      1           0  0.21s           2026-05-07T17:46:20                      10
/home/rodrigo/Escritorio/BBDDAvanzadas/.venv/lib/python3.12/site-packages/airflow/example_dags/example_branch_labels.py                                                             1           0  0.21s           2026-05-07T17:46:41                      12
/home/rodrigo/Escritorio/BBDDAvanzadas/.venv/lib/python3.12/site-packages/airflow/example_dags/example_python_operator.py                                                           1           0  0.21s           2026-05-07T17:45:37                      10
/home/rodrigo/Escritorio/BBDDAvanzadas/.venv/lib/python3.12/site-packages/airflow/example_dags/example_bash_operator.py                                                             1           0  0.21s           2026-05-07T17:44:58                      12
/home/rodrigo/Escritorio/BBDDAvanzadas/.venv/lib/python3.12/site-packages/airflow/example_dags/tutorial_taskflow_api_virtualenv.py                                                  0           0  0.20s           2026-05-07T17:46:04                       3
/home/rodrigo/Escritorio/BBDDAvanzadas/.venv/lib/python3.12/site-packages/airflow/example_dags/example_dynamic_task_mapping.py                                                      1           0  0.20s           2026-05-07T17:46:24                      10
/home/rodrigo/Escritorio/BBDDAvanzadas/.venv/lib/python3.12/site-packages/airflow/example_dags/tutorial_taskflow_api.py                                                             1           0  0.20s           2026-05-07T17:46:05                      10
/home/rodrigo/Escritorio/BBDDAvanzadas/.venv/lib/python3.12/site-packages/airflow/example_dags/example_bash_decorator.py                                                            1           0  0.17s           2026-05-07T17:44:59                      10
/home/rodrigo/Escritorio/BBDDAvanzadas/.venv/lib/python3.12/site-packages/airflow/example_dags/example_subdag_operator.py                                                           3           0  0.17s           2026-05-07T17:46:22                      20
/home/rodrigo/Escritorio/BBDDAvanzadas/.venv/lib/python3.12/site-packages/airflow/example_dags/example_dataset_alias_with_no_taskflow.py                                            4           0  0.16s           2026-05-07T17:46:29                      27
/home/rodrigo/Escritorio/BBDDAvanzadas/.venv/lib/python3.12/site-packages/airflow/example_dags/tutorial_objectstorage.py                                                            1           0  0.15s           2026-05-07T17:46:07                      10
/home/rodrigo/Escritorio/BBDDAvanzadas/.venv/lib/python3.12/site-packages/airflow/example_dags/example_task_group.py                                                                1           0  0.15s           2026-05-07T17:46:22                      10
/home/rodrigo/Escritorio/BBDDAvanzadas/.venv/lib/python3.12/site-packages/airflow/example_dags/example_skip_dag.py                                                                  1           0  0.15s           2026-05-07T17:45:27                      12
/home/rodrigo/Escritorio/BBDDAvanzadas/.venv/lib/python3.12/site-packages/airflow/example_dags/example_python_decorator.py                                                          1           0  0.14s           2026-05-07T17:45:38                      10
/home/rodrigo/Escritorio/BBDDAvanzadas/.venv/lib/python3.12/site-packages/airflow/example_dags/example_branch_day_of_week_operator.py                                               1           0  0.14s           2026-05-07T17:44:56                      12
/home/rodrigo/Escritorio/BBDDAvanzadas/.venv/lib/python3.12/site-packages/airflow/example_dags/example_time_delta_sensor_async.py                                                   1           0  0.14s           2026-05-07T17:46:19                      10
/home/rodrigo/Escritorio/BBDDAvanzadas/.venv/lib/python3.12/site-packages/airflow/example_dags/example_local_kubernetes_executor.py                                                 0           0  0.14s           2026-05-07T17:45:44                       3
/home/rodrigo/Escritorio/BBDDAvanzadas/.venv/lib/python3.12/site-packages/airflow/example_dags/example_datasets.py                                                                 10           0  0.14s           2026-05-07T17:46:26                      49
/home/rodrigo/Escritorio/BBDDAvanzadas/.venv/lib/python3.12/site-packages/airflow/example_dags/example_setup_teardown_taskflow.py                                                   1           0  0.13s           2026-05-07T17:45:32                      10
/home/rodrigo/Escritorio/BBDDAvanzadas/.venv/lib/python3.12/site-packages/airflow/example_dags/example_latest_only.py                                                               1           0  0.13s           2026-05-07T17:45:47                      12
/home/rodrigo/Escritorio/BBDDAvanzadas/.venv/lib/python3.12/site-packages/airflow/example_dags/tutorial_dag.py                                                                      1           0  0.12s           2026-05-07T17:46:08                      10
/home/rodrigo/Escritorio/BBDDAvanzadas/.venv/lib/python3.12/site-packages/airflow/example_dags/example_branch_operator_decorator.py                                                 0           0  0.12s           2026-05-07T17:46:38                       3
/home/rodrigo/Escritorio/BBDDAvanzadas/.venv/lib/python3.12/site-packages/airflow/example_dags/example_outlet_event_extra.py                                                        3           0  0.12s           2026-05-07T17:45:42                      19
/home/rodrigo/Escritorio/BBDDAvanzadas/.venv/lib/python3.12/site-packages/airflow/example_dags/example_short_circuit_decorator.py                                                   1           0  0.12s           2026-05-07T17:45:30                      10
/home/rodrigo/Escritorio/BBDDAvanzadas/.venv/lib/python3.12/site-packages/airflow/example_dags/example_branch_datetime_operator.py                                                  3           0  0.12s           2026-05-07T17:44:57                      18
/home/rodrigo/Escritorio/BBDDAvanzadas/.venv/lib/python3.12/site-packages/airflow/example_dags/example_sla_dag.py                                                                   1           0  0.11s           2026-05-07T17:45:25                      12
/home/rodrigo/Escritorio/BBDDAvanzadas/.venv/lib/python3.12/site-packages/airflow/example_dags/example_sensors.py                                                                   1           0  0.11s           2026-05-07T17:45:34                      10
/home/rodrigo/Escritorio/BBDDAvanzadas/.venv/lib/python3.12/site-packages/airflow/example_dags/subdags/subdag.py                                                                    0           0  0.11s           2026-05-07T17:45:57                       3
/home/rodrigo/Escritorio/BBDDAvanzadas/.venv/lib/python3.12/site-packages/airflow/example_dags/example_setup_teardown.py                                                            1           0  0.11s           2026-05-07T17:45:33                      10
/home/rodrigo/Escritorio/BBDDAvanzadas/.venv/lib/python3.12/site-packages/airflow/example_dags/plugins/workday.py                                                                   0           0  0.11s           2026-05-07T17:45:58                       3
/home/rodrigo/Escritorio/BBDDAvanzadas/.venv/lib/python3.12/site-packages/airflow/example_dags/example_nested_branch_dag.py                                                         1           0  0.11s           2026-05-07T17:45:43                      12
/home/rodrigo/Escritorio/BBDDAvanzadas/.venv/lib/python3.12/site-packages/airflow/example_dags/plugins/decreasing_priority_weight_strategy.py                                       0           0  0.11s           2026-05-07T17:46:02                       3
/home/rodrigo/Escritorio/BBDDAvanzadas/.venv/lib/python3.12/site-packages/airflow/example_dags/example_trigger_controller_dag.py                                                    1           0  0.11s           2026-05-07T17:46:18                      12
/home/rodrigo/Escritorio/BBDDAvanzadas/.venv/lib/python3.12/site-packages/airflow/example_dags/example_sensor_decorator.py                                                          1           0  0.11s           2026-05-07T17:45:35                      10
/home/rodrigo/Escritorio/BBDDAvanzadas/.venv/lib/python3.12/site-packages/airflow/example_dags/example_params_ui_tutorial.py                                                        1           0  0.11s           2026-05-07T17:45:40                      10
/home/rodrigo/Escritorio/BBDDAvanzadas/.venv/lib/python3.12/site-packages/airflow/example_dags/example_external_task_marker_dag.py                                                  2           0  0.11s           2026-05-07T17:45:52                      13
/home/rodrigo/Escritorio/BBDDAvanzadas/.venv/lib/python3.12/site-packages/airflow/example_dags/plugins/listener_plugin.py                                                           0           0  0.11s           2026-05-07T17:45:59                       3
/home/rodrigo/Escritorio/BBDDAvanzadas/.venv/lib/python3.12/site-packages/airflow/example_dags/tutorial_taskflow_templates.py                                                       1           0  0.11s           2026-05-07T17:46:03                      12
/home/rodrigo/Escritorio/BBDDAvanzadas/.venv/lib/python3.12/site-packages/airflow/example_dags/example_xcomargs.py                                                                  2           0  0.11s           2026-05-07T17:46:11                      13
/home/rodrigo/Escritorio/BBDDAvanzadas/.venv/lib/python3.12/site-packages/airflow/example_dags/example_short_circuit_operator.py                                                    1           0  0.11s           2026-05-07T17:45:28                      10
/home/rodrigo/Escritorio/BBDDAvanzadas/.venv/lib/python3.12/site-packages/airflow/example_dags/example_inlet_event_extra.py                                                         2           0  0.11s           2026-05-07T17:45:51                      15
/home/rodrigo/Escritorio/BBDDAvanzadas/models/dag/dag_sqlite.py                                                                                                                     1           0  0.11s           2026-05-07T17:45:54                      10
/home/rodrigo/Escritorio/BBDDAvanzadas/.venv/lib/python3.12/site-packages/airflow/example_dags/example_branch_operator.py                                                           0           0  0.11s           2026-05-07T17:46:39                       3
/home/rodrigo/Escritorio/BBDDAvanzadas/.venv/lib/python3.12/site-packages/airflow/example_dags/example_kubernetes_executor.py                                                       0           0  0.11s           2026-05-07T17:45:49                       3
/home/rodrigo/Escritorio/BBDDAvanzadas/.venv/lib/python3.12/site-packages/airflow/example_dags/example_passing_params_via_test_command.py                                           1           0  0.11s           2026-05-07T17:45:39                      12
/home/rodrigo/Escritorio/BBDDAvanzadas/models/dag/dag_psql.py                                                                                                                       1           0  0.11s           2026-05-07T17:45:56                      10
/home/rodrigo/Escritorio/BBDDAvanzadas/.venv/lib/python3.12/site-packages/airflow/example_dags/example_dynamic_task_mapping_with_no_taskflow_operators.py                           1           0  0.11s           2026-05-07T17:45:53                      10
/home/rodrigo/Escritorio/BBDDAvanzadas/.venv/lib/python3.12/site-packages/airflow/example_dags/example_latest_only_with_trigger.py                                                  1           0  0.11s           2026-05-07T17:45:46                      12
/home/rodrigo/Escritorio/BBDDAvanzadas/.venv/lib/python3.12/site-packages/airflow/example_dags/example_params_trigger_ui.py                                                         1           0  0.11s           2026-05-07T17:45:41                      10
================================================================================
[2026-05-07T19:46:58.686+0200] {manager.py:821} INFO - Searching for files in /home/rodrigo/Escritorio/BBDDAvanzadas/models/dag
[2026-05-07T19:46:58.696+0200] {manager.py:824} INFO - There are 59 files in /home/rodrigo/Escritorio/BBDDAvanzadas/models/dag
[2026-05-07T19:47:11.791+0200] {manager.py:997} INFO - 
================================================================================
DAG File Processing Stats

File Path                                                                                                                                                  PID    Runtime      # DAGs    # Errors  Last Runtime    Last Run               Last # of DB Queries
---------------------------------------------------------------------------------------------------------------------------------------------------------  -----  ---------  --------  ----------  --------------  -------------------  ----------------------
/home/rodrigo/Escritorio/BBDDAvanzadas/.venv/lib/python3.12/site-packages/airflow/example_dags/example_complex.py                                                                   1           0  1.16s           2026-05-07T17:46:36                      10
/home/rodrigo/Escritorio/BBDDAvanzadas/.venv/lib/python3.12/site-packages/airflow/example_dags/example_trigger_target_dag.py                                                        1           0  0.86s           2026-05-07T17:46:16                      10
/home/rodrigo/Escritorio/BBDDAvanzadas/.venv/lib/python3.12/site-packages/airflow/example_dags/example_display_name.py                                                              1           0  0.69s           2026-05-07T17:46:25                      10
/home/rodrigo/Escritorio/BBDDAvanzadas/.venv/lib/python3.12/site-packages/airflow/example_dags/example_dag_decorator.py                                                             1           0  0.48s           2026-05-07T17:46:33                      32
/home/rodrigo/Escritorio/BBDDAvanzadas/models/dag/dag_psql.py                                                                                                                       1           0  0.32s           2026-05-07T17:46:46                      10
/home/rodrigo/Escritorio/BBDDAvanzadas/.venv/lib/python3.12/site-packages/airflow/example_dags/plugins/decreasing_priority_weight_strategy.py                                       0           0  0.24s           2026-05-07T17:46:52                       3
/home/rodrigo/Escritorio/BBDDAvanzadas/.venv/lib/python3.12/site-packages/airflow/example_dags/example_dataset_alias.py                                                             4           0  0.22s           2026-05-07T17:46:32                      27
/home/rodrigo/Escritorio/BBDDAvanzadas/.venv/lib/python3.12/site-packages/airflow/example_dags/example_bash_decorator.py                                                            1           0  0.22s           2026-05-07T17:46:45                      10
/home/rodrigo/Escritorio/BBDDAvanzadas/.venv/lib/python3.12/site-packages/airflow/example_dags/example_bash_operator.py                                                             1           0  0.22s           2026-05-07T17:46:43                      12
/home/rodrigo/Escritorio/BBDDAvanzadas/.venv/lib/python3.12/site-packages/airflow/example_dags/example_branch_python_dop_operator_3.py                                              1           0  0.22s           2026-05-07T17:46:37                      12
/home/rodrigo/Escritorio/BBDDAvanzadas/.venv/lib/python3.12/site-packages/airflow/example_dags/tutorial_taskflow_templates.py                                                       1           0  0.22s           2026-05-07T17:46:53                      12
/home/rodrigo/Escritorio/BBDDAvanzadas/.venv/lib/python3.12/site-packages/airflow/example_dags/example_task_group_decorator.py                                                      1           0  0.21s           2026-05-07T17:46:20                      10
/home/rodrigo/Escritorio/BBDDAvanzadas/models/dag/dag_sqlite.py                                                                                                                     1           0  0.21s           2026-05-07T17:46:46                      10
/home/rodrigo/Escritorio/BBDDAvanzadas/.venv/lib/python3.12/site-packages/airflow/example_dags/example_branch_labels.py                                                             1           0  0.21s           2026-05-07T17:46:41                      12
/home/rodrigo/Escritorio/BBDDAvanzadas/.venv/lib/python3.12/site-packages/airflow/example_dags/example_dynamic_task_mapping.py                                                      1           0  0.20s           2026-05-07T17:46:24                      10
/home/rodrigo/Escritorio/BBDDAvanzadas/.venv/lib/python3.12/site-packages/airflow/example_dags/example_skip_dag.py                                                                  1           0  0.18s           2026-05-07T17:47:01                      12
/home/rodrigo/Escritorio/BBDDAvanzadas/.venv/lib/python3.12/site-packages/airflow/example_dags/example_xcomargs.py                                                                  2           0  0.18s           2026-05-07T17:46:58                      13
/home/rodrigo/Escritorio/BBDDAvanzadas/.venv/lib/python3.12/site-packages/airflow/example_dags/example_subdag_operator.py                                                           3           0  0.17s           2026-05-07T17:46:22                      20
/home/rodrigo/Escritorio/BBDDAvanzadas/.venv/lib/python3.12/site-packages/airflow/example_dags/example_short_circuit_decorator.py                                                   1           0  0.17s           2026-05-07T17:47:05                      10
/home/rodrigo/Escritorio/BBDDAvanzadas/.venv/lib/python3.12/site-packages/airflow/example_dags/example_dataset_alias_with_no_taskflow.py                                            4           0  0.16s           2026-05-07T17:46:29                      27
/home/rodrigo/Escritorio/BBDDAvanzadas/.venv/lib/python3.12/site-packages/airflow/example_dags/example_task_group.py                                                                1           0  0.15s           2026-05-07T17:46:22                      10
/home/rodrigo/Escritorio/BBDDAvanzadas/.venv/lib/python3.12/site-packages/airflow/example_dags/example_xcom.py                                                                      1           0  0.14s           2026-05-07T17:46:59                      12
/home/rodrigo/Escritorio/BBDDAvanzadas/.venv/lib/python3.12/site-packages/airflow/example_dags/example_time_delta_sensor_async.py                                                   1           0  0.14s           2026-05-07T17:46:19                      10
/home/rodrigo/Escritorio/BBDDAvanzadas/.venv/lib/python3.12/site-packages/airflow/example_dags/example_python_operator.py                                                           1           0  0.14s           2026-05-07T17:47:10                      10
/home/rodrigo/Escritorio/BBDDAvanzadas/.venv/lib/python3.12/site-packages/airflow/example_dags/example_local_kubernetes_executor.py                                                 0           0  0.14s           2026-05-07T17:45:44                       3
/home/rodrigo/Escritorio/BBDDAvanzadas/.venv/lib/python3.12/site-packages/airflow/example_dags/plugins/listener_plugin.py                                                           0           0  0.14s           2026-05-07T17:46:50                       3
/home/rodrigo/Escritorio/BBDDAvanzadas/.venv/lib/python3.12/site-packages/airflow/example_dags/example_datasets.py                                                                 10           0  0.14s           2026-05-07T17:46:26                      49
/home/rodrigo/Escritorio/BBDDAvanzadas/.venv/lib/python3.12/site-packages/airflow/example_dags/tutorial_objectstorage.py                                                            1           0  0.13s           2026-05-07T17:46:57                      10
/home/rodrigo/Escritorio/BBDDAvanzadas/.venv/lib/python3.12/site-packages/airflow/example_dags/example_latest_only.py                                                               1           0  0.13s           2026-05-07T17:45:47                      12
/home/rodrigo/Escritorio/BBDDAvanzadas/.venv/lib/python3.12/site-packages/airflow/example_dags/plugins/workday.py                                                                   0           0  0.13s           2026-05-07T17:46:49                       3
/home/rodrigo/Escritorio/BBDDAvanzadas/.venv/lib/python3.12/site-packages/airflow/example_dags/example_sla_dag.py                                                                   1           0  0.12s           2026-05-07T17:47:00                      12
/home/rodrigo/Escritorio/BBDDAvanzadas/.venv/lib/python3.12/site-packages/airflow/example_dags/subdags/subdag.py                                                                    0           0  0.12s           2026-05-07T17:46:48                       3
/home/rodrigo/Escritorio/BBDDAvanzadas/.venv/lib/python3.12/site-packages/airflow/example_dags/example_branch_operator_decorator.py                                                 0           0  0.12s           2026-05-07T17:46:38                       3
/home/rodrigo/Escritorio/BBDDAvanzadas/.venv/lib/python3.12/site-packages/airflow/example_dags/example_outlet_event_extra.py                                                        3           0  0.12s           2026-05-07T17:45:42                      19
/home/rodrigo/Escritorio/BBDDAvanzadas/.venv/lib/python3.12/site-packages/airflow/example_dags/tutorial_taskflow_api_virtualenv.py                                                  0           0  0.12s           2026-05-07T17:46:54                       3
/home/rodrigo/Escritorio/BBDDAvanzadas/.venv/lib/python3.12/site-packages/airflow/example_dags/example_python_decorator.py                                                          1           0  0.11s           2026-05-07T17:47:11                      10
/home/rodrigo/Escritorio/BBDDAvanzadas/.venv/lib/python3.12/site-packages/airflow/example_dags/plugins/event_listener.py                                                            0           0  0.11s           2026-05-07T17:46:51                       3
/home/rodrigo/Escritorio/BBDDAvanzadas/.venv/lib/python3.12/site-packages/airflow/example_dags/tutorial_dag.py                                                                      1           0  0.11s           2026-05-07T17:46:57                      10
/home/rodrigo/Escritorio/BBDDAvanzadas/.venv/lib/python3.12/site-packages/airflow/example_dags/example_sensors.py                                                                   1           0  0.11s           2026-05-07T17:47:08                      10
/home/rodrigo/Escritorio/BBDDAvanzadas/.venv/lib/python3.12/site-packages/airflow/example_dags/example_setup_teardown_taskflow.py                                                   1           0  0.11s           2026-05-07T17:47:06                      10
/home/rodrigo/Escritorio/BBDDAvanzadas/.venv/lib/python3.12/site-packages/airflow/example_dags/example_setup_teardown.py                                                            1           0  0.11s           2026-05-07T17:47:07                      10
/home/rodrigo/Escritorio/BBDDAvanzadas/.venv/lib/python3.12/site-packages/airflow/example_dags/tutorial_taskflow_api.py                                                             1           0  0.11s           2026-05-07T17:46:55                      10
/home/rodrigo/Escritorio/BBDDAvanzadas/.venv/lib/python3.12/site-packages/airflow/example_dags/example_branch_day_of_week_operator.py                                               1           0  0.11s           2026-05-07T17:46:41                      12
/home/rodrigo/Escritorio/BBDDAvanzadas/.venv/lib/python3.12/site-packages/airflow/example_dags/example_nested_branch_dag.py                                                         1           0  0.11s           2026-05-07T17:45:43                      12
/home/rodrigo/Escritorio/BBDDAvanzadas/.venv/lib/python3.12/site-packages/airflow/example_dags/example_trigger_controller_dag.py                                                    1           0  0.11s           2026-05-07T17:46:18                      12
/home/rodrigo/Escritorio/BBDDAvanzadas/.venv/lib/python3.12/site-packages/airflow/example_dags/example_params_ui_tutorial.py                                                        1           0  0.11s           2026-05-07T17:45:40                      10
/home/rodrigo/Escritorio/BBDDAvanzadas/.venv/lib/python3.12/site-packages/airflow/example_dags/example_external_task_marker_dag.py                                                  2           0  0.11s           2026-05-07T17:45:52                      13
/home/rodrigo/Escritorio/BBDDAvanzadas/.venv/lib/python3.12/site-packages/airflow/example_dags/example_inlet_event_extra.py                                                         2           0  0.11s           2026-05-07T17:45:51                      15
/home/rodrigo/Escritorio/BBDDAvanzadas/.venv/lib/python3.12/site-packages/airflow/example_dags/example_sensor_decorator.py                                                          1           0  0.11s           2026-05-07T17:47:09                      10
/home/rodrigo/Escritorio/BBDDAvanzadas/.venv/lib/python3.12/site-packages/airflow/example_dags/example_branch_operator.py                                                           0           0  0.11s           2026-05-07T17:46:39                       3
/home/rodrigo/Escritorio/BBDDAvanzadas/.venv/lib/python3.12/site-packages/airflow/example_dags/example_branch_datetime_operator.py                                                  3           0  0.11s           2026-05-07T17:46:42                      18
/home/rodrigo/Escritorio/BBDDAvanzadas/.venv/lib/python3.12/site-packages/airflow/example_dags/example_kubernetes_executor.py                                                       0           0  0.11s           2026-05-07T17:45:49                       3
/home/rodrigo/Escritorio/BBDDAvanzadas/.venv/lib/python3.12/site-packages/airflow/example_dags/example_passing_params_via_test_command.py                                           1           0  0.11s           2026-05-07T17:45:39                      12
/home/rodrigo/Escritorio/BBDDAvanzadas/.venv/lib/python3.12/site-packages/airflow/example_dags/example_short_circuit_operator.py                                                    1           0  0.11s           2026-05-07T17:47:03                      10
/home/rodrigo/Escritorio/BBDDAvanzadas/.venv/lib/python3.12/site-packages/airflow/example_dags/example_workday_timetable.py                                                         1           0  0.11s           2026-05-07T17:47:00                      12
/home/rodrigo/Escritorio/BBDDAvanzadas/.venv/lib/python3.12/site-packages/airflow/example_dags/example_dynamic_task_mapping_with_no_taskflow_operators.py                           1           0  0.11s           2026-05-07T17:45:53                      10
/home/rodrigo/Escritorio/BBDDAvanzadas/.venv/lib/python3.12/site-packages/airflow/example_dags/example_latest_only_with_trigger.py                                                  1           0  0.11s           2026-05-07T17:45:46                      12
/home/rodrigo/Escritorio/BBDDAvanzadas/.venv/lib/python3.12/site-packages/airflow/example_dags/tutorial.py                                                                          1           0  0.11s           2026-05-07T17:46:57                      12
/home/rodrigo/Escritorio/BBDDAvanzadas/.venv/lib/python3.12/site-packages/airflow/example_dags/example_params_trigger_ui.py                                                         1           0  0.11s           2026-05-07T17:45:41                      10
================================================================================
[2026-05-07T19:47:42.486+0200] {manager.py:997} INFO - 
================================================================================
DAG File Processing Stats

File Path                                                                                                                                                  PID    Runtime      # DAGs    # Errors  Last Runtime    Last Run               Last # of DB Queries
---------------------------------------------------------------------------------------------------------------------------------------------------------  -----  ---------  --------  ----------  --------------  -------------------  ----------------------
/home/rodrigo/Escritorio/BBDDAvanzadas/.venv/lib/python3.12/site-packages/airflow/example_dags/example_complex.py                                                                   1           0  1.16s           2026-05-07T17:46:36                      10
/home/rodrigo/Escritorio/BBDDAvanzadas/.venv/lib/python3.12/site-packages/airflow/example_dags/example_display_name.py                                                              1           0  0.69s           2026-05-07T17:46:25                      10
/home/rodrigo/Escritorio/BBDDAvanzadas/.venv/lib/python3.12/site-packages/airflow/example_dags/example_dag_decorator.py                                                             1           0  0.48s           2026-05-07T17:46:33                      32
/home/rodrigo/Escritorio/BBDDAvanzadas/.venv/lib/python3.12/site-packages/airflow/example_dags/example_trigger_target_dag.py                                                        1           0  0.32s           2026-05-07T17:47:35                      10
/home/rodrigo/Escritorio/BBDDAvanzadas/.venv/lib/python3.12/site-packages/airflow/example_dags/example_passing_params_via_test_command.py                                           1           0  0.32s           2026-05-07T17:47:13                      12
/home/rodrigo/Escritorio/BBDDAvanzadas/.venv/lib/python3.12/site-packages/airflow/example_dags/example_dynamic_task_mapping.py                                                      1           0  0.25s           2026-05-07T17:47:42                      10
/home/rodrigo/Escritorio/BBDDAvanzadas/.venv/lib/python3.12/site-packages/airflow/example_dags/example_latest_only_with_trigger.py                                                  1           0  0.25s           2026-05-07T17:47:18                      12
/home/rodrigo/Escritorio/BBDDAvanzadas/.venv/lib/python3.12/site-packages/airflow/example_dags/example_task_group_decorator.py                                                      1           0  0.23s           2026-05-07T17:47:39                      10
/home/rodrigo/Escritorio/BBDDAvanzadas/.venv/lib/python3.12/site-packages/airflow/example_dags/plugins/workday.py                                                                   0           0  0.23s           2026-05-07T17:47:29                       3
/home/rodrigo/Escritorio/BBDDAvanzadas/models/dag/dag_sqlite.py                                                                                                                     1           0  0.23s           2026-05-07T17:47:25                      10
/home/rodrigo/Escritorio/BBDDAvanzadas/.venv/lib/python3.12/site-packages/airflow/example_dags/example_dataset_alias.py                                                             4           0  0.22s           2026-05-07T17:46:32                      27
/home/rodrigo/Escritorio/BBDDAvanzadas/.venv/lib/python3.12/site-packages/airflow/example_dags/example_bash_decorator.py                                                            1           0  0.22s           2026-05-07T17:46:45                      10
/home/rodrigo/Escritorio/BBDDAvanzadas/.venv/lib/python3.12/site-packages/airflow/example_dags/example_bash_operator.py                                                             1           0  0.22s           2026-05-07T17:46:43                      12
/home/rodrigo/Escritorio/BBDDAvanzadas/.venv/lib/python3.12/site-packages/airflow/example_dags/example_task_group.py                                                                1           0  0.22s           2026-05-07T17:47:40                      10
/home/rodrigo/Escritorio/BBDDAvanzadas/.venv/lib/python3.12/site-packages/airflow/example_dags/example_branch_python_dop_operator_3.py                                              1           0  0.22s           2026-05-07T17:46:37                      12
/home/rodrigo/Escritorio/BBDDAvanzadas/models/dag/dag_psql.py                                                                                                                       1           0  0.21s           2026-05-07T17:47:26                      10
/home/rodrigo/Escritorio/BBDDAvanzadas/.venv/lib/python3.12/site-packages/airflow/example_dags/example_branch_labels.py                                                             1           0  0.21s           2026-05-07T17:46:41                      12
/home/rodrigo/Escritorio/BBDDAvanzadas/.venv/lib/python3.12/site-packages/airflow/example_dags/example_skip_dag.py                                                                  1           0  0.18s           2026-05-07T17:47:01                      12
/home/rodrigo/Escritorio/BBDDAvanzadas/.venv/lib/python3.12/site-packages/airflow/example_dags/example_xcomargs.py                                                                  2           0  0.18s           2026-05-07T17:46:58                      13
/home/rodrigo/Escritorio/BBDDAvanzadas/.venv/lib/python3.12/site-packages/airflow/example_dags/example_short_circuit_decorator.py                                                   1           0  0.17s           2026-05-07T17:47:05                      10
/home/rodrigo/Escritorio/BBDDAvanzadas/.venv/lib/python3.12/site-packages/airflow/example_dags/example_dataset_alias_with_no_taskflow.py                                            4           0  0.16s           2026-05-07T17:46:29                      27
/home/rodrigo/Escritorio/BBDDAvanzadas/.venv/lib/python3.12/site-packages/airflow/example_dags/example_dynamic_task_mapping_with_no_taskflow_operators.py                           1           0  0.15s           2026-05-07T17:47:24                      10
/home/rodrigo/Escritorio/BBDDAvanzadas/.venv/lib/python3.12/site-packages/airflow/example_dags/example_xcom.py                                                                      1           0  0.14s           2026-05-07T17:46:59                      12
/home/rodrigo/Escritorio/BBDDAvanzadas/.venv/lib/python3.12/site-packages/airflow/example_dags/example_python_operator.py                                                           1           0  0.14s           2026-05-07T17:47:10                      10
/home/rodrigo/Escritorio/BBDDAvanzadas/.venv/lib/python3.12/site-packages/airflow/example_dags/example_datasets.py                                                                 10           0  0.14s           2026-05-07T17:46:26                      49
/home/rodrigo/Escritorio/BBDDAvanzadas/.venv/lib/python3.12/site-packages/airflow/example_dags/subdags/subdag.py                                                                    0           0  0.13s           2026-05-07T17:47:27                       3
/home/rodrigo/Escritorio/BBDDAvanzadas/.venv/lib/python3.12/site-packages/airflow/example_dags/tutorial_objectstorage.py                                                            1           0  0.13s           2026-05-07T17:46:57                      10
/home/rodrigo/Escritorio/BBDDAvanzadas/.venv/lib/python3.12/site-packages/airflow/example_dags/example_local_kubernetes_executor.py                                                 0           0  0.13s           2026-05-07T17:47:18                       3
/home/rodrigo/Escritorio/BBDDAvanzadas/.venv/lib/python3.12/site-packages/airflow/example_dags/plugins/decreasing_priority_weight_strategy.py                                       0           0  0.13s           2026-05-07T17:47:33                       3
/home/rodrigo/Escritorio/BBDDAvanzadas/.venv/lib/python3.12/site-packages/airflow/example_dags/example_sla_dag.py                                                                   1           0  0.12s           2026-05-07T17:47:00                      12
/home/rodrigo/Escritorio/BBDDAvanzadas/.venv/lib/python3.12/site-packages/airflow/example_dags/example_branch_operator_decorator.py                                                 0           0  0.12s           2026-05-07T17:46:38                       3
/home/rodrigo/Escritorio/BBDDAvanzadas/.venv/lib/python3.12/site-packages/airflow/example_dags/plugins/listener_plugin.py                                                           0           0  0.12s           2026-05-07T17:47:30                       3
/home/rodrigo/Escritorio/BBDDAvanzadas/.venv/lib/python3.12/site-packages/airflow/example_dags/plugins/event_listener.py                                                            0           0  0.12s           2026-05-07T17:47:32                       3
/home/rodrigo/Escritorio/BBDDAvanzadas/.venv/lib/python3.12/site-packages/airflow/example_dags/example_params_ui_tutorial.py                                                        1           0  0.11s           2026-05-07T17:47:13                      10
/home/rodrigo/Escritorio/BBDDAvanzadas/.venv/lib/python3.12/site-packages/airflow/example_dags/example_python_decorator.py                                                          1           0  0.11s           2026-05-07T17:47:11                      10
/home/rodrigo/Escritorio/BBDDAvanzadas/.venv/lib/python3.12/site-packages/airflow/example_dags/tutorial_dag.py                                                                      1           0  0.11s           2026-05-07T17:46:57                      10
/home/rodrigo/Escritorio/BBDDAvanzadas/.venv/lib/python3.12/site-packages/airflow/example_dags/example_nested_branch_dag.py                                                         1           0  0.11s           2026-05-07T17:47:16                      12
/home/rodrigo/Escritorio/BBDDAvanzadas/.venv/lib/python3.12/site-packages/airflow/example_dags/example_sensors.py                                                                   1           0  0.11s           2026-05-07T17:47:08                      10
/home/rodrigo/Escritorio/BBDDAvanzadas/.venv/lib/python3.12/site-packages/airflow/example_dags/example_setup_teardown_taskflow.py                                                   1           0  0.11s           2026-05-07T17:47:06                      10
/home/rodrigo/Escritorio/BBDDAvanzadas/.venv/lib/python3.12/site-packages/airflow/example_dags/example_outlet_event_extra.py                                                        3           0  0.11s           2026-05-07T17:47:15                      19
/home/rodrigo/Escritorio/BBDDAvanzadas/.venv/lib/python3.12/site-packages/airflow/example_dags/example_subdag_operator.py                                                           3           0  0.11s           2026-05-07T17:47:41                      20
/home/rodrigo/Escritorio/BBDDAvanzadas/.venv/lib/python3.12/site-packages/airflow/example_dags/example_inlet_event_extra.py                                                         2           0  0.11s           2026-05-07T17:47:21                      15
/home/rodrigo/Escritorio/BBDDAvanzadas/.venv/lib/python3.12/site-packages/airflow/example_dags/example_kubernetes_executor.py                                                       0           0  0.11s           2026-05-07T17:47:20                       3
/home/rodrigo/Escritorio/BBDDAvanzadas/.venv/lib/python3.12/site-packages/airflow/example_dags/example_external_task_marker_dag.py                                                  2           0  0.11s           2026-05-07T17:47:23                      13
/home/rodrigo/Escritorio/BBDDAvanzadas/.venv/lib/python3.12/site-packages/airflow/example_dags/example_params_trigger_ui.py                                                         1           0  0.11s           2026-05-07T17:47:14                      10
/home/rodrigo/Escritorio/BBDDAvanzadas/.venv/lib/python3.12/site-packages/airflow/example_dags/example_setup_teardown.py                                                            1           0  0.11s           2026-05-07T17:47:07                      10
/home/rodrigo/Escritorio/BBDDAvanzadas/.venv/lib/python3.12/site-packages/airflow/example_dags/tutorial_taskflow_api.py                                                             1           0  0.11s           2026-05-07T17:46:55                      10
/home/rodrigo/Escritorio/BBDDAvanzadas/.venv/lib/python3.12/site-packages/airflow/example_dags/example_branch_day_of_week_operator.py                                               1           0  0.11s           2026-05-07T17:46:41                      12
/home/rodrigo/Escritorio/BBDDAvanzadas/.venv/lib/python3.12/site-packages/airflow/example_dags/example_time_delta_sensor_async.py                                                   1           0  0.11s           2026-05-07T17:47:38                      10
/home/rodrigo/Escritorio/BBDDAvanzadas/.venv/lib/python3.12/site-packages/airflow/example_dags/example_latest_only.py                                                               1           0  0.11s           2026-05-07T17:47:20                      12
/home/rodrigo/Escritorio/BBDDAvanzadas/.venv/lib/python3.12/site-packages/airflow/example_dags/tutorial_taskflow_api_virtualenv.py                                                  0           0  0.11s           2026-05-07T17:47:34                       3
/home/rodrigo/Escritorio/BBDDAvanzadas/.venv/lib/python3.12/site-packages/airflow/example_dags/example_sensor_decorator.py                                                          1           0  0.11s           2026-05-07T17:47:09                      10
/home/rodrigo/Escritorio/BBDDAvanzadas/.venv/lib/python3.12/site-packages/airflow/example_dags/example_branch_operator.py                                                           0           0  0.11s           2026-05-07T17:46:39                       3
/home/rodrigo/Escritorio/BBDDAvanzadas/.venv/lib/python3.12/site-packages/airflow/example_dags/example_branch_datetime_operator.py                                                  3           0  0.11s           2026-05-07T17:46:42                      18
/home/rodrigo/Escritorio/BBDDAvanzadas/.venv/lib/python3.12/site-packages/airflow/example_dags/example_short_circuit_operator.py                                                    1           0  0.11s           2026-05-07T17:47:03                      10
/home/rodrigo/Escritorio/BBDDAvanzadas/.venv/lib/python3.12/site-packages/airflow/example_dags/example_workday_timetable.py                                                         1           0  0.11s           2026-05-07T17:47:00                      12
/home/rodrigo/Escritorio/BBDDAvanzadas/.venv/lib/python3.12/site-packages/airflow/example_dags/example_trigger_controller_dag.py                                                    1           0  0.11s           2026-05-07T17:47:37                      12
/home/rodrigo/Escritorio/BBDDAvanzadas/.venv/lib/python3.12/site-packages/airflow/example_dags/tutorial.py                                                                          1           0  0.11s           2026-05-07T17:46:57                      12
/home/rodrigo/Escritorio/BBDDAvanzadas/.venv/lib/python3.12/site-packages/airflow/example_dags/tutorial_taskflow_templates.py                                                       1           0  0.11s           2026-05-07T17:47:34                      12
================================================================================
[2026-05-07T19:48:13.423+0200] {manager.py:997} INFO - 
================================================================================
DAG File Processing Stats

File Path                                                                                                                                                  PID    Runtime      # DAGs    # Errors  Last Runtime    Last Run               Last # of DB Queries
---------------------------------------------------------------------------------------------------------------------------------------------------------  -----  ---------  --------  ----------  --------------  -------------------  ----------------------
/home/rodrigo/Escritorio/BBDDAvanzadas/.venv/lib/python3.12/site-packages/airflow/example_dags/example_short_circuit_decorator.py                                                   1           0  0.96s           2026-05-07T17:48:10                      10
/home/rodrigo/Escritorio/BBDDAvanzadas/.venv/lib/python3.12/site-packages/airflow/example_dags/example_bash_operator.py                                                             1           0  0.32s           2026-05-07T17:47:55                      12
/home/rodrigo/Escritorio/BBDDAvanzadas/.venv/lib/python3.12/site-packages/airflow/example_dags/example_trigger_target_dag.py                                                        1           0  0.32s           2026-05-07T17:47:35                      10
/home/rodrigo/Escritorio/BBDDAvanzadas/.venv/lib/python3.12/site-packages/airflow/example_dags/example_passing_params_via_test_command.py                                           1           0  0.32s           2026-05-07T17:47:13                      12
/home/rodrigo/Escritorio/BBDDAvanzadas/.venv/lib/python3.12/site-packages/airflow/example_dags/example_datasets.py                                                                 10           0  0.32s           2026-05-07T17:47:45                      49
/home/rodrigo/Escritorio/BBDDAvanzadas/.venv/lib/python3.12/site-packages/airflow/example_dags/example_xcom.py                                                                      1           0  0.32s           2026-05-07T17:48:04                      12
/home/rodrigo/Escritorio/BBDDAvanzadas/.venv/lib/python3.12/site-packages/airflow/example_dags/example_dag_decorator.py                                                             1           0  0.31s           2026-05-07T17:47:48                      32
/home/rodrigo/Escritorio/BBDDAvanzadas/.venv/lib/python3.12/site-packages/airflow/example_dags/example_bash_decorator.py                                                            1           0  0.27s           2026-05-07T17:47:56                      10
/home/rodrigo/Escritorio/BBDDAvanzadas/.venv/lib/python3.12/site-packages/airflow/example_dags/example_dynamic_task_mapping.py                                                      1           0  0.25s           2026-05-07T17:47:42                      10
/home/rodrigo/Escritorio/BBDDAvanzadas/.venv/lib/python3.12/site-packages/airflow/example_dags/example_latest_only_with_trigger.py                                                  1           0  0.25s           2026-05-07T17:47:18                      12
/home/rodrigo/Escritorio/BBDDAvanzadas/.venv/lib/python3.12/site-packages/airflow/example_dags/example_sla_dag.py                                                                   1           0  0.24s           2026-05-07T17:48:06                      12
/home/rodrigo/Escritorio/BBDDAvanzadas/.venv/lib/python3.12/site-packages/airflow/example_dags/example_dataset_alias_with_no_taskflow.py                                            4           0  0.23s           2026-05-07T17:47:45                      27
/home/rodrigo/Escritorio/BBDDAvanzadas/.venv/lib/python3.12/site-packages/airflow/example_dags/example_task_group_decorator.py                                                      1           0  0.23s           2026-05-07T17:47:39                      10
/home/rodrigo/Escritorio/BBDDAvanzadas/.venv/lib/python3.12/site-packages/airflow/example_dags/plugins/workday.py                                                                   0           0  0.23s           2026-05-07T17:47:29                       3
/home/rodrigo/Escritorio/BBDDAvanzadas/.venv/lib/python3.12/site-packages/airflow/example_dags/example_branch_datetime_operator.py                                                  3           0  0.23s           2026-05-07T17:47:54                      18
/home/rodrigo/Escritorio/BBDDAvanzadas/models/dag/dag_psql.py                                                                                                                       1           0  0.23s           2026-05-07T17:47:58                      10
/home/rodrigo/Escritorio/BBDDAvanzadas/.venv/lib/python3.12/site-packages/airflow/example_dags/example_branch_day_of_week_operator.py                                               1           0  0.22s           2026-05-07T17:47:52                      12
/home/rodrigo/Escritorio/BBDDAvanzadas/.venv/lib/python3.12/site-packages/airflow/example_dags/example_workday_timetable.py                                                         1           0  0.22s           2026-05-07T17:48:05                      12
/home/rodrigo/Escritorio/BBDDAvanzadas/.venv/lib/python3.12/site-packages/airflow/example_dags/example_task_group.py                                                                1           0  0.22s           2026-05-07T17:47:40                      10
/home/rodrigo/Escritorio/BBDDAvanzadas/.venv/lib/python3.12/site-packages/airflow/example_dags/example_complex.py                                                                   1           0  0.22s           2026-05-07T17:47:49                      10
/home/rodrigo/Escritorio/BBDDAvanzadas/.venv/lib/python3.12/site-packages/airflow/example_dags/example_skip_dag.py                                                                  1           0  0.21s           2026-05-07T17:48:07                      12
/home/rodrigo/Escritorio/BBDDAvanzadas/.venv/lib/python3.12/site-packages/airflow/example_dags/example_setup_teardown.py                                                            1           0  0.18s           2026-05-07T17:48:13                      10
/home/rodrigo/Escritorio/BBDDAvanzadas/.venv/lib/python3.12/site-packages/airflow/example_dags/example_dynamic_task_mapping_with_no_taskflow_operators.py                           1           0  0.15s           2026-05-07T17:47:24                      10
/home/rodrigo/Escritorio/BBDDAvanzadas/.venv/lib/python3.12/site-packages/airflow/example_dags/example_python_operator.py                                                           1           0  0.14s           2026-05-07T17:47:10                      10
/home/rodrigo/Escritorio/BBDDAvanzadas/.venv/lib/python3.12/site-packages/airflow/example_dags/example_branch_operator_decorator.py                                                 0           0  0.13s           2026-05-07T17:47:50                       3
/home/rodrigo/Escritorio/BBDDAvanzadas/.venv/lib/python3.12/site-packages/airflow/example_dags/subdags/subdag.py                                                                    0           0  0.13s           2026-05-07T17:47:27                       3
/home/rodrigo/Escritorio/BBDDAvanzadas/.venv/lib/python3.12/site-packages/airflow/example_dags/example_local_kubernetes_executor.py                                                 0           0  0.13s           2026-05-07T17:47:18                       3
/home/rodrigo/Escritorio/BBDDAvanzadas/.venv/lib/python3.12/site-packages/airflow/example_dags/plugins/decreasing_priority_weight_strategy.py                                       0           0  0.13s           2026-05-07T17:47:33                       3
/home/rodrigo/Escritorio/BBDDAvanzadas/.venv/lib/python3.12/site-packages/airflow/example_dags/tutorial_objectstorage.py                                                            1           0  0.12s           2026-05-07T17:48:00                      10
/home/rodrigo/Escritorio/BBDDAvanzadas/.venv/lib/python3.12/site-packages/airflow/example_dags/example_dataset_alias.py                                                             4           0  0.12s           2026-05-07T17:47:46                      27
/home/rodrigo/Escritorio/BBDDAvanzadas/.venv/lib/python3.12/site-packages/airflow/example_dags/example_setup_teardown_taskflow.py                                                   1           0  0.12s           2026-05-07T17:48:11                      10
/home/rodrigo/Escritorio/BBDDAvanzadas/.venv/lib/python3.12/site-packages/airflow/example_dags/tutorial_dag.py                                                                      1           0  0.12s           2026-05-07T17:48:01                      10
/home/rodrigo/Escritorio/BBDDAvanzadas/.venv/lib/python3.12/site-packages/airflow/example_dags/tutorial_taskflow_api.py                                                             1           0  0.12s           2026-05-07T17:47:59                      10
/home/rodrigo/Escritorio/BBDDAvanzadas/.venv/lib/python3.12/site-packages/airflow/example_dags/plugins/listener_plugin.py                                                           0           0  0.12s           2026-05-07T17:47:30                       3
/home/rodrigo/Escritorio/BBDDAvanzadas/.venv/lib/python3.12/site-packages/airflow/example_dags/example_short_circuit_operator.py                                                    1           0  0.12s           2026-05-07T17:48:08                      10
/home/rodrigo/Escritorio/BBDDAvanzadas/.venv/lib/python3.12/site-packages/airflow/example_dags/plugins/event_listener.py                                                            0           0  0.12s           2026-05-07T17:47:32                       3
/home/rodrigo/Escritorio/BBDDAvanzadas/.venv/lib/python3.12/site-packages/airflow/example_dags/example_params_ui_tutorial.py                                                        1           0  0.11s           2026-05-07T17:47:13                      10
/home/rodrigo/Escritorio/BBDDAvanzadas/.venv/lib/python3.12/site-packages/airflow/example_dags/example_python_decorator.py                                                          1           0  0.11s           2026-05-07T17:47:11                      10
/home/rodrigo/Escritorio/BBDDAvanzadas/.venv/lib/python3.12/site-packages/airflow/example_dags/example_nested_branch_dag.py                                                         1           0  0.11s           2026-05-07T17:47:16                      12
/home/rodrigo/Escritorio/BBDDAvanzadas/.venv/lib/python3.12/site-packages/airflow/example_dags/example_sensors.py                                                                   1           0  0.11s           2026-05-07T17:47:08                      10
/home/rodrigo/Escritorio/BBDDAvanzadas/.venv/lib/python3.12/site-packages/airflow/example_dags/example_branch_operator.py                                                           0           0  0.11s           2026-05-07T17:47:51                       3
/home/rodrigo/Escritorio/BBDDAvanzadas/.venv/lib/python3.12/site-packages/airflow/example_dags/example_outlet_event_extra.py                                                        3           0  0.11s           2026-05-07T17:47:15                      19
/home/rodrigo/Escritorio/BBDDAvanzadas/.venv/lib/python3.12/site-packages/airflow/example_dags/example_subdag_operator.py                                                           3           0  0.11s           2026-05-07T17:47:41                      20
/home/rodrigo/Escritorio/BBDDAvanzadas/.venv/lib/python3.12/site-packages/airflow/example_dags/example_inlet_event_extra.py                                                         2           0  0.11s           2026-05-07T17:47:21                      15
/home/rodrigo/Escritorio/BBDDAvanzadas/.venv/lib/python3.12/site-packages/airflow/example_dags/example_xcomargs.py                                                                  2           0  0.11s           2026-05-07T17:48:02                      13
/home/rodrigo/Escritorio/BBDDAvanzadas/.venv/lib/python3.12/site-packages/airflow/example_dags/example_display_name.py                                                              1           0  0.11s           2026-05-07T17:47:43                      10
/home/rodrigo/Escritorio/BBDDAvanzadas/.venv/lib/python3.12/site-packages/airflow/example_dags/example_kubernetes_executor.py                                                       0           0  0.11s           2026-05-07T17:47:20                       3
/home/rodrigo/Escritorio/BBDDAvanzadas/.venv/lib/python3.12/site-packages/airflow/example_dags/example_external_task_marker_dag.py                                                  2           0  0.11s           2026-05-07T17:47:23                      13
/home/rodrigo/Escritorio/BBDDAvanzadas/.venv/lib/python3.12/site-packages/airflow/example_dags/example_params_trigger_ui.py                                                         1           0  0.11s           2026-05-07T17:47:14                      10
/home/rodrigo/Escritorio/BBDDAvanzadas/.venv/lib/python3.12/site-packages/airflow/example_dags/tutorial.py                                                                          1           0  0.11s           2026-05-07T17:48:02                      12
/home/rodrigo/Escritorio/BBDDAvanzadas/.venv/lib/python3.12/site-packages/airflow/example_dags/example_branch_labels.py                                                             1           0  0.11s           2026-05-07T17:47:52                      12
/home/rodrigo/Escritorio/BBDDAvanzadas/.venv/lib/python3.12/site-packages/airflow/example_dags/example_time_delta_sensor_async.py                                                   1           0  0.11s           2026-05-07T17:47:38                      10
/home/rodrigo/Escritorio/BBDDAvanzadas/.venv/lib/python3.12/site-packages/airflow/example_dags/example_latest_only.py                                                               1           0  0.11s           2026-05-07T17:47:20                      12
/home/rodrigo/Escritorio/BBDDAvanzadas/.venv/lib/python3.12/site-packages/airflow/example_dags/tutorial_taskflow_api_virtualenv.py                                                  0           0  0.11s           2026-05-07T17:47:34                       3
/home/rodrigo/Escritorio/BBDDAvanzadas/models/dag/dag_sqlite.py                                                                                                                     1           0  0.11s           2026-05-07T17:47:57                      10
/home/rodrigo/Escritorio/BBDDAvanzadas/.venv/lib/python3.12/site-packages/airflow/example_dags/example_sensor_decorator.py                                                          1           0  0.11s           2026-05-07T17:47:09                      10
/home/rodrigo/Escritorio/BBDDAvanzadas/.venv/lib/python3.12/site-packages/airflow/example_dags/example_branch_python_dop_operator_3.py                                              1           0  0.11s           2026-05-07T17:47:50                      12
/home/rodrigo/Escritorio/BBDDAvanzadas/.venv/lib/python3.12/site-packages/airflow/example_dags/example_trigger_controller_dag.py                                                    1           0  0.11s           2026-05-07T17:47:37                      12
/home/rodrigo/Escritorio/BBDDAvanzadas/.venv/lib/python3.12/site-packages/airflow/example_dags/tutorial_taskflow_templates.py                                                       1           0  0.11s           2026-05-07T17:47:34                      12
================================================================================
[2026-05-07T19:48:43.493+0200] {manager.py:997} INFO - 
================================================================================
DAG File Processing Stats

File Path                                                                                                                                                  PID    Runtime      # DAGs    # Errors  Last Runtime    Last Run               Last # of DB Queries
---------------------------------------------------------------------------------------------------------------------------------------------------------  -----  ---------  --------  ----------  --------------  -------------------  ----------------------
/home/rodrigo/Escritorio/BBDDAvanzadas/.venv/lib/python3.12/site-packages/airflow/example_dags/example_short_circuit_decorator.py                                                   1           0  0.96s           2026-05-07T17:48:10                      10
/home/rodrigo/Escritorio/BBDDAvanzadas/.venv/lib/python3.12/site-packages/airflow/example_dags/example_outlet_event_extra.py                                                        3           0  0.95s           2026-05-07T17:48:25                      19
/home/rodrigo/Escritorio/BBDDAvanzadas/.venv/lib/python3.12/site-packages/airflow/example_dags/example_kubernetes_executor.py                                                       0           0  0.45s           2026-05-07T17:48:31                       3
/home/rodrigo/Escritorio/BBDDAvanzadas/.venv/lib/python3.12/site-packages/airflow/example_dags/plugins/workday.py                                                                   0           0  0.39s           2026-05-07T17:48:43                       3
/home/rodrigo/Escritorio/BBDDAvanzadas/.venv/lib/python3.12/site-packages/airflow/example_dags/example_bash_operator.py                                                             1           0  0.32s           2026-05-07T17:47:55                      12
/home/rodrigo/Escritorio/BBDDAvanzadas/.venv/lib/python3.12/site-packages/airflow/example_dags/example_trigger_target_dag.py                                                        1           0  0.32s           2026-05-07T17:47:35                      10
/home/rodrigo/Escritorio/BBDDAvanzadas/.venv/lib/python3.12/site-packages/airflow/example_dags/example_datasets.py                                                                 10           0  0.32s           2026-05-07T17:47:45                      49
/home/rodrigo/Escritorio/BBDDAvanzadas/.venv/lib/python3.12/site-packages/airflow/example_dags/example_xcom.py                                                                      1           0  0.32s           2026-05-07T17:48:04                      12
/home/rodrigo/Escritorio/BBDDAvanzadas/models/dag/dag_psql.py                                                                                                                       1           0  0.31s           2026-05-07T17:48:38                      10
/home/rodrigo/Escritorio/BBDDAvanzadas/.venv/lib/python3.12/site-packages/airflow/example_dags/example_dag_decorator.py                                                             1           0  0.31s           2026-05-07T17:47:48                      32
/home/rodrigo/Escritorio/BBDDAvanzadas/.venv/lib/python3.12/site-packages/airflow/example_dags/example_external_task_marker_dag.py                                                  2           0  0.31s           2026-05-07T17:48:33                      13
/home/rodrigo/Escritorio/BBDDAvanzadas/.venv/lib/python3.12/site-packages/airflow/example_dags/example_local_kubernetes_executor.py                                                 0           0  0.27s           2026-05-07T17:48:28                       3
/home/rodrigo/Escritorio/BBDDAvanzadas/.venv/lib/python3.12/site-packages/airflow/example_dags/example_bash_decorator.py                                                            1           0  0.27s           2026-05-07T17:47:56                      10
/home/rodrigo/Escritorio/BBDDAvanzadas/.venv/lib/python3.12/site-packages/airflow/example_dags/example_dynamic_task_mapping.py                                                      1           0  0.25s           2026-05-07T17:47:42                      10
/home/rodrigo/Escritorio/BBDDAvanzadas/.venv/lib/python3.12/site-packages/airflow/example_dags/subdags/subdag.py                                                                    0           0  0.25s           2026-05-07T17:48:41                       3
/home/rodrigo/Escritorio/BBDDAvanzadas/.venv/lib/python3.12/site-packages/airflow/example_dags/example_sla_dag.py                                                                   1           0  0.24s           2026-05-07T17:48:06                      12
/home/rodrigo/Escritorio/BBDDAvanzadas/.venv/lib/python3.12/site-packages/airflow/example_dags/example_dataset_alias_with_no_taskflow.py                                            4           0  0.23s           2026-05-07T17:47:45                      27
/home/rodrigo/Escritorio/BBDDAvanzadas/.venv/lib/python3.12/site-packages/airflow/example_dags/example_task_group_decorator.py                                                      1           0  0.23s           2026-05-07T17:47:39                      10
/home/rodrigo/Escritorio/BBDDAvanzadas/.venv/lib/python3.12/site-packages/airflow/example_dags/example_branch_datetime_operator.py                                                  3           0  0.23s           2026-05-07T17:47:54                      18
/home/rodrigo/Escritorio/BBDDAvanzadas/.venv/lib/python3.12/site-packages/airflow/example_dags/example_branch_day_of_week_operator.py                                               1           0  0.22s           2026-05-07T17:47:52                      12
/home/rodrigo/Escritorio/BBDDAvanzadas/.venv/lib/python3.12/site-packages/airflow/example_dags/example_workday_timetable.py                                                         1           0  0.22s           2026-05-07T17:48:05                      12
/home/rodrigo/Escritorio/BBDDAvanzadas/.venv/lib/python3.12/site-packages/airflow/example_dags/example_task_group.py                                                                1           0  0.22s           2026-05-07T17:47:40                      10
/home/rodrigo/Escritorio/BBDDAvanzadas/.venv/lib/python3.12/site-packages/airflow/example_dags/example_complex.py                                                                   1           0  0.22s           2026-05-07T17:47:49                      10
/home/rodrigo/Escritorio/BBDDAvanzadas/.venv/lib/python3.12/site-packages/airflow/example_dags/example_skip_dag.py                                                                  1           0  0.21s           2026-05-07T17:48:07                      12
/home/rodrigo/Escritorio/BBDDAvanzadas/.venv/lib/python3.12/site-packages/airflow/example_dags/example_setup_teardown.py                                                            1           0  0.18s           2026-05-07T17:48:13                      10
/home/rodrigo/Escritorio/BBDDAvanzadas/.venv/lib/python3.12/site-packages/airflow/example_dags/example_params_trigger_ui.py                                                         1           0  0.16s           2026-05-07T17:48:23                      10
/home/rodrigo/Escritorio/BBDDAvanzadas/.venv/lib/python3.12/site-packages/airflow/example_dags/example_latest_only_with_trigger.py                                                  1           0  0.16s           2026-05-07T17:48:28                      12
/home/rodrigo/Escritorio/BBDDAvanzadas/.venv/lib/python3.12/site-packages/airflow/example_dags/example_nested_branch_dag.py                                                         1           0  0.15s           2026-05-07T17:48:26                      12
/home/rodrigo/Escritorio/BBDDAvanzadas/.venv/lib/python3.12/site-packages/airflow/example_dags/example_dynamic_task_mapping_with_no_taskflow_operators.py                           1           0  0.14s           2026-05-07T17:48:35                      10
/home/rodrigo/Escritorio/BBDDAvanzadas/.venv/lib/python3.12/site-packages/airflow/example_dags/example_latest_only.py                                                               1           0  0.13s           2026-05-07T17:48:30                      12
/home/rodrigo/Escritorio/BBDDAvanzadas/.venv/lib/python3.12/site-packages/airflow/example_dags/example_branch_operator_decorator.py                                                 0           0  0.13s           2026-05-07T17:47:50                       3
/home/rodrigo/Escritorio/BBDDAvanzadas/.venv/lib/python3.12/site-packages/airflow/example_dags/plugins/decreasing_priority_weight_strategy.py                                       0           0  0.13s           2026-05-07T17:47:33                       3
/home/rodrigo/Escritorio/BBDDAvanzadas/models/dag/dag_sqlite.py                                                                                                                     1           0  0.13s           2026-05-07T17:48:36                      10
/home/rodrigo/Escritorio/BBDDAvanzadas/.venv/lib/python3.12/site-packages/airflow/example_dags/tutorial_objectstorage.py                                                            1           0  0.12s           2026-05-07T17:48:00                      10
/home/rodrigo/Escritorio/BBDDAvanzadas/.venv/lib/python3.12/site-packages/airflow/example_dags/example_dataset_alias.py                                                             4           0  0.12s           2026-05-07T17:47:46                      27
/home/rodrigo/Escritorio/BBDDAvanzadas/.venv/lib/python3.12/site-packages/airflow/example_dags/example_params_ui_tutorial.py                                                        1           0  0.12s           2026-05-07T17:48:21                      10
/home/rodrigo/Escritorio/BBDDAvanzadas/.venv/lib/python3.12/site-packages/airflow/example_dags/example_setup_teardown_taskflow.py                                                   1           0  0.12s           2026-05-07T17:48:11                      10
/home/rodrigo/Escritorio/BBDDAvanzadas/.venv/lib/python3.12/site-packages/airflow/example_dags/tutorial_dag.py                                                                      1           0  0.12s           2026-05-07T17:48:01                      10
/home/rodrigo/Escritorio/BBDDAvanzadas/.venv/lib/python3.12/site-packages/airflow/example_dags/tutorial_taskflow_api.py                                                             1           0  0.12s           2026-05-07T17:47:59                      10
/home/rodrigo/Escritorio/BBDDAvanzadas/.venv/lib/python3.12/site-packages/airflow/example_dags/plugins/listener_plugin.py                                                           0           0  0.12s           2026-05-07T17:47:30                       3
/home/rodrigo/Escritorio/BBDDAvanzadas/.venv/lib/python3.12/site-packages/airflow/example_dags/example_short_circuit_operator.py                                                    1           0  0.12s           2026-05-07T17:48:08                      10
/home/rodrigo/Escritorio/BBDDAvanzadas/.venv/lib/python3.12/site-packages/airflow/example_dags/plugins/event_listener.py                                                            0           0  0.12s           2026-05-07T17:47:32                       3
/home/rodrigo/Escritorio/BBDDAvanzadas/.venv/lib/python3.12/site-packages/airflow/example_dags/example_branch_operator.py                                                           0           0  0.11s           2026-05-07T17:47:51                       3
/home/rodrigo/Escritorio/BBDDAvanzadas/.venv/lib/python3.12/site-packages/airflow/example_dags/example_subdag_operator.py                                                           3           0  0.11s           2026-05-07T17:47:41                      20
/home/rodrigo/Escritorio/BBDDAvanzadas/.venv/lib/python3.12/site-packages/airflow/example_dags/example_python_decorator.py                                                          1           0  0.11s           2026-05-07T17:48:18                      10
/home/rodrigo/Escritorio/BBDDAvanzadas/.venv/lib/python3.12/site-packages/airflow/example_dags/example_xcomargs.py                                                                  2           0  0.11s           2026-05-07T17:48:02                      13
/home/rodrigo/Escritorio/BBDDAvanzadas/.venv/lib/python3.12/site-packages/airflow/example_dags/example_display_name.py                                                              1           0  0.11s           2026-05-07T17:47:43                      10
/home/rodrigo/Escritorio/BBDDAvanzadas/.venv/lib/python3.12/site-packages/airflow/example_dags/tutorial.py                                                                          1           0  0.11s           2026-05-07T17:48:02                      12
/home/rodrigo/Escritorio/BBDDAvanzadas/.venv/lib/python3.12/site-packages/airflow/example_dags/example_branch_labels.py                                                             1           0  0.11s           2026-05-07T17:47:52                      12
/home/rodrigo/Escritorio/BBDDAvanzadas/.venv/lib/python3.12/site-packages/airflow/example_dags/example_python_operator.py                                                           1           0  0.11s           2026-05-07T17:48:17                      10
/home/rodrigo/Escritorio/BBDDAvanzadas/.venv/lib/python3.12/site-packages/airflow/example_dags/example_time_delta_sensor_async.py                                                   1           0  0.11s           2026-05-07T17:47:38                      10
/home/rodrigo/Escritorio/BBDDAvanzadas/.venv/lib/python3.12/site-packages/airflow/example_dags/example_passing_params_via_test_command.py                                           1           0  0.11s           2026-05-07T17:48:20                      12
/home/rodrigo/Escritorio/BBDDAvanzadas/.venv/lib/python3.12/site-packages/airflow/example_dags/tutorial_taskflow_api_virtualenv.py                                                  0           0  0.11s           2026-05-07T17:47:34                       3
/home/rodrigo/Escritorio/BBDDAvanzadas/.venv/lib/python3.12/site-packages/airflow/example_dags/example_sensor_decorator.py                                                          1           0  0.11s           2026-05-07T17:48:16                      10
/home/rodrigo/Escritorio/BBDDAvanzadas/.venv/lib/python3.12/site-packages/airflow/example_dags/example_branch_python_dop_operator_3.py                                              1           0  0.11s           2026-05-07T17:47:50                      12
/home/rodrigo/Escritorio/BBDDAvanzadas/.venv/lib/python3.12/site-packages/airflow/example_dags/example_sensors.py                                                                   1           0  0.11s           2026-05-07T17:48:15                      10
/home/rodrigo/Escritorio/BBDDAvanzadas/.venv/lib/python3.12/site-packages/airflow/example_dags/example_trigger_controller_dag.py                                                    1           0  0.11s           2026-05-07T17:47:37                      12
/home/rodrigo/Escritorio/BBDDAvanzadas/.venv/lib/python3.12/site-packages/airflow/example_dags/example_inlet_event_extra.py                                                         2           0  0.11s           2026-05-07T17:48:32                      15
/home/rodrigo/Escritorio/BBDDAvanzadas/.venv/lib/python3.12/site-packages/airflow/example_dags/tutorial_taskflow_templates.py                                                       1           0  0.11s           2026-05-07T17:47:34                      12
================================================================================
[2026-05-07T19:49:14.874+0200] {manager.py:997} INFO - 
================================================================================
DAG File Processing Stats

File Path                                                                                                                                                  PID    Runtime      # DAGs    # Errors  Last Runtime    Last Run               Last # of DB Queries
---------------------------------------------------------------------------------------------------------------------------------------------------------  -----  ---------  --------  ----------  --------------  -------------------  ----------------------
/home/rodrigo/Escritorio/BBDDAvanzadas/.venv/lib/python3.12/site-packages/airflow/example_dags/example_short_circuit_decorator.py                                                   1           0  0.96s           2026-05-07T17:48:10                      10
/home/rodrigo/Escritorio/BBDDAvanzadas/.venv/lib/python3.12/site-packages/airflow/example_dags/example_outlet_event_extra.py                                                        3           0  0.95s           2026-05-07T17:48:25                      19
/home/rodrigo/Escritorio/BBDDAvanzadas/.venv/lib/python3.12/site-packages/airflow/example_dags/example_kubernetes_executor.py                                                       0           0  0.45s           2026-05-07T17:48:31                       3
/home/rodrigo/Escritorio/BBDDAvanzadas/.venv/lib/python3.12/site-packages/airflow/example_dags/plugins/workday.py                                                                   0           0  0.39s           2026-05-07T17:48:43                       3
/home/rodrigo/Escritorio/BBDDAvanzadas/.venv/lib/python3.12/site-packages/airflow/example_dags/example_datasets.py                                                                 10           0  0.35s           2026-05-07T17:49:10                      49
/home/rodrigo/Escritorio/BBDDAvanzadas/.venv/lib/python3.12/site-packages/airflow/example_dags/example_bash_operator.py                                                             1           0  0.32s           2026-05-07T17:47:55                      12
/home/rodrigo/Escritorio/BBDDAvanzadas/.venv/lib/python3.12/site-packages/airflow/example_dags/example_dag_decorator.py                                                             1           0  0.32s           2026-05-07T17:49:14                      32
/home/rodrigo/Escritorio/BBDDAvanzadas/models/dag/dag_psql.py                                                                                                                       1           0  0.31s           2026-05-07T17:48:38                      10
/home/rodrigo/Escritorio/BBDDAvanzadas/.venv/lib/python3.12/site-packages/airflow/example_dags/example_external_task_marker_dag.py                                                  2           0  0.31s           2026-05-07T17:48:33                      13
/home/rodrigo/Escritorio/BBDDAvanzadas/.venv/lib/python3.12/site-packages/airflow/example_dags/tutorial_taskflow_api_virtualenv.py                                                  0           0  0.30s           2026-05-07T17:48:49                       3
/home/rodrigo/Escritorio/BBDDAvanzadas/.venv/lib/python3.12/site-packages/airflow/example_dags/tutorial_dag.py                                                                      1           0  0.28s           2026-05-07T17:48:52                      10
/home/rodrigo/Escritorio/BBDDAvanzadas/.venv/lib/python3.12/site-packages/airflow/example_dags/example_local_kubernetes_executor.py                                                 0           0  0.27s           2026-05-07T17:48:28                       3
/home/rodrigo/Escritorio/BBDDAvanzadas/.venv/lib/python3.12/site-packages/airflow/example_dags/example_bash_decorator.py                                                            1           0  0.27s           2026-05-07T17:47:56                      10
/home/rodrigo/Escritorio/BBDDAvanzadas/.venv/lib/python3.12/site-packages/airflow/example_dags/subdags/subdag.py                                                                    0           0  0.25s           2026-05-07T17:48:41                       3
/home/rodrigo/Escritorio/BBDDAvanzadas/.venv/lib/python3.12/site-packages/airflow/example_dags/example_branch_datetime_operator.py                                                  3           0  0.23s           2026-05-07T17:47:54                      18
/home/rodrigo/Escritorio/BBDDAvanzadas/.venv/lib/python3.12/site-packages/airflow/example_dags/example_branch_day_of_week_operator.py                                               1           0  0.22s           2026-05-07T17:47:52                      12
/home/rodrigo/Escritorio/BBDDAvanzadas/.venv/lib/python3.12/site-packages/airflow/example_dags/example_complex.py                                                                   1           0  0.22s           2026-05-07T17:47:49                      10
/home/rodrigo/Escritorio/BBDDAvanzadas/.venv/lib/python3.12/site-packages/airflow/example_dags/example_skip_dag.py                                                                  1           0  0.21s           2026-05-07T17:48:07                      12
/home/rodrigo/Escritorio/BBDDAvanzadas/.venv/lib/python3.12/site-packages/airflow/example_dags/tutorial.py                                                                          1           0  0.21s           2026-05-07T17:48:54                      12
/home/rodrigo/Escritorio/BBDDAvanzadas/.venv/lib/python3.12/site-packages/airflow/example_dags/example_dataset_alias.py                                                             4           0  0.21s           2026-05-07T17:49:13                      27
/home/rodrigo/Escritorio/BBDDAvanzadas/.venv/lib/python3.12/site-packages/airflow/example_dags/example_dataset_alias_with_no_taskflow.py                                            4           0  0.21s           2026-05-07T17:49:11                      27
/home/rodrigo/Escritorio/BBDDAvanzadas/.venv/lib/python3.12/site-packages/airflow/example_dags/example_setup_teardown.py                                                            1           0  0.18s           2026-05-07T17:48:13                      10
/home/rodrigo/Escritorio/BBDDAvanzadas/.venv/lib/python3.12/site-packages/airflow/example_dags/plugins/event_listener.py                                                            0           0  0.17s           2026-05-07T17:48:45                       3
/home/rodrigo/Escritorio/BBDDAvanzadas/.venv/lib/python3.12/site-packages/airflow/example_dags/example_params_trigger_ui.py                                                         1           0  0.16s           2026-05-07T17:48:23                      10
/home/rodrigo/Escritorio/BBDDAvanzadas/.venv/lib/python3.12/site-packages/airflow/example_dags/example_latest_only_with_trigger.py                                                  1           0  0.16s           2026-05-07T17:48:28                      12
/home/rodrigo/Escritorio/BBDDAvanzadas/.venv/lib/python3.12/site-packages/airflow/example_dags/example_nested_branch_dag.py                                                         1           0  0.15s           2026-05-07T17:48:26                      12
/home/rodrigo/Escritorio/BBDDAvanzadas/.venv/lib/python3.12/site-packages/airflow/example_dags/example_dynamic_task_mapping_with_no_taskflow_operators.py                           1           0  0.14s           2026-05-07T17:48:35                      10
/home/rodrigo/Escritorio/BBDDAvanzadas/.venv/lib/python3.12/site-packages/airflow/example_dags/example_latest_only.py                                                               1           0  0.13s           2026-05-07T17:48:30                      12
/home/rodrigo/Escritorio/BBDDAvanzadas/.venv/lib/python3.12/site-packages/airflow/example_dags/example_branch_operator_decorator.py                                                 0           0  0.13s           2026-05-07T17:47:50                       3
/home/rodrigo/Escritorio/BBDDAvanzadas/.venv/lib/python3.12/site-packages/airflow/example_dags/tutorial_objectstorage.py                                                            1           0  0.13s           2026-05-07T17:48:52                      10
/home/rodrigo/Escritorio/BBDDAvanzadas/models/dag/dag_sqlite.py                                                                                                                     1           0  0.13s           2026-05-07T17:48:36                      10
/home/rodrigo/Escritorio/BBDDAvanzadas/.venv/lib/python3.12/site-packages/airflow/example_dags/example_xcom.py                                                                      1           0  0.13s           2026-05-07T17:48:56                      12
/home/rodrigo/Escritorio/BBDDAvanzadas/.venv/lib/python3.12/site-packages/airflow/example_dags/example_params_ui_tutorial.py                                                        1           0  0.12s           2026-05-07T17:48:21                      10
/home/rodrigo/Escritorio/BBDDAvanzadas/.venv/lib/python3.12/site-packages/airflow/example_dags/plugins/decreasing_priority_weight_strategy.py                                       0           0  0.12s           2026-05-07T17:48:47                       3
/home/rodrigo/Escritorio/BBDDAvanzadas/.venv/lib/python3.12/site-packages/airflow/example_dags/example_workday_timetable.py                                                         1           0  0.12s           2026-05-07T17:48:57                      12
/home/rodrigo/Escritorio/BBDDAvanzadas/.venv/lib/python3.12/site-packages/airflow/example_dags/example_setup_teardown_taskflow.py                                                   1           0  0.12s           2026-05-07T17:48:11                      10
/home/rodrigo/Escritorio/BBDDAvanzadas/.venv/lib/python3.12/site-packages/airflow/example_dags/example_short_circuit_operator.py                                                    1           0  0.12s           2026-05-07T17:48:08                      10
/home/rodrigo/Escritorio/BBDDAvanzadas/.venv/lib/python3.12/site-packages/airflow/example_dags/example_task_group.py                                                                1           0  0.11s           2026-05-07T17:49:02                      10
/home/rodrigo/Escritorio/BBDDAvanzadas/.venv/lib/python3.12/site-packages/airflow/example_dags/example_xcomargs.py                                                                  2           0  0.11s           2026-05-07T17:48:55                      13
/home/rodrigo/Escritorio/BBDDAvanzadas/.venv/lib/python3.12/site-packages/airflow/example_dags/example_time_delta_sensor_async.py                                                   1           0  0.11s           2026-05-07T17:49:01                      10
/home/rodrigo/Escritorio/BBDDAvanzadas/.venv/lib/python3.12/site-packages/airflow/example_dags/example_branch_operator.py                                                           0           0  0.11s           2026-05-07T17:47:51                       3
/home/rodrigo/Escritorio/BBDDAvanzadas/.venv/lib/python3.12/site-packages/airflow/example_dags/tutorial_taskflow_api.py                                                             1           0  0.11s           2026-05-07T17:48:51                      10
/home/rodrigo/Escritorio/BBDDAvanzadas/.venv/lib/python3.12/site-packages/airflow/example_dags/example_trigger_controller_dag.py                                                    1           0  0.11s           2026-05-07T17:49:00                      12
/home/rodrigo/Escritorio/BBDDAvanzadas/.venv/lib/python3.12/site-packages/airflow/example_dags/example_python_decorator.py                                                          1           0  0.11s           2026-05-07T17:48:18                      10
/home/rodrigo/Escritorio/BBDDAvanzadas/.venv/lib/python3.12/site-packages/airflow/example_dags/example_sla_dag.py                                                                   1           0  0.11s           2026-05-07T17:49:05                      12
/home/rodrigo/Escritorio/BBDDAvanzadas/.venv/lib/python3.12/site-packages/airflow/example_dags/example_subdag_operator.py                                                           3           0  0.11s           2026-05-07T17:49:04                      20
/home/rodrigo/Escritorio/BBDDAvanzadas/.venv/lib/python3.12/site-packages/airflow/example_dags/example_branch_labels.py                                                             1           0  0.11s           2026-05-07T17:47:52                      12
/home/rodrigo/Escritorio/BBDDAvanzadas/.venv/lib/python3.12/site-packages/airflow/example_dags/example_python_operator.py                                                           1           0  0.11s           2026-05-07T17:48:17                      10
/home/rodrigo/Escritorio/BBDDAvanzadas/.venv/lib/python3.12/site-packages/airflow/example_dags/example_passing_params_via_test_command.py                                           1           0  0.11s           2026-05-07T17:48:20                      12
/home/rodrigo/Escritorio/BBDDAvanzadas/.venv/lib/python3.12/site-packages/airflow/example_dags/example_display_name.py                                                              1           0  0.11s           2026-05-07T17:49:08                      10
/home/rodrigo/Escritorio/BBDDAvanzadas/.venv/lib/python3.12/site-packages/airflow/example_dags/example_trigger_target_dag.py                                                        1           0  0.11s           2026-05-07T17:48:59                      10
/home/rodrigo/Escritorio/BBDDAvanzadas/.venv/lib/python3.12/site-packages/airflow/example_dags/example_dynamic_task_mapping.py                                                      1           0  0.11s           2026-05-07T17:49:06                      10
/home/rodrigo/Escritorio/BBDDAvanzadas/.venv/lib/python3.12/site-packages/airflow/example_dags/example_task_group_decorator.py                                                      1           0  0.11s           2026-05-07T17:49:01                      10
/home/rodrigo/Escritorio/BBDDAvanzadas/.venv/lib/python3.12/site-packages/airflow/example_dags/example_sensor_decorator.py                                                          1           0  0.11s           2026-05-07T17:48:16                      10
/home/rodrigo/Escritorio/BBDDAvanzadas/.venv/lib/python3.12/site-packages/airflow/example_dags/example_branch_python_dop_operator_3.py                                              1           0  0.11s           2026-05-07T17:47:50                      12
/home/rodrigo/Escritorio/BBDDAvanzadas/.venv/lib/python3.12/site-packages/airflow/example_dags/example_sensors.py                                                                   1           0  0.11s           2026-05-07T17:48:15                      10
/home/rodrigo/Escritorio/BBDDAvanzadas/.venv/lib/python3.12/site-packages/airflow/example_dags/tutorial_taskflow_templates.py                                                       1           0  0.11s           2026-05-07T17:48:48                      12
/home/rodrigo/Escritorio/BBDDAvanzadas/.venv/lib/python3.12/site-packages/airflow/example_dags/plugins/listener_plugin.py                                                           0           0  0.11s           2026-05-07T17:48:45                       3
/home/rodrigo/Escritorio/BBDDAvanzadas/.venv/lib/python3.12/site-packages/airflow/example_dags/example_inlet_event_extra.py                                                         2           0  0.11s           2026-05-07T17:48:32                      15
================================================================================
[2026-05-07T19:49:47.623+0200] {manager.py:997} INFO - 
================================================================================
DAG File Processing Stats

File Path                                                                                                                                                  PID    Runtime      # DAGs    # Errors  Last Runtime    Last Run               Last # of DB Queries
---------------------------------------------------------------------------------------------------------------------------------------------------------  -----  ---------  --------  ----------  --------------  -------------------  ----------------------
/home/rodrigo/Escritorio/BBDDAvanzadas/.venv/lib/python3.12/site-packages/airflow/example_dags/tutorial_objectstorage.py                                                            1           0  1.07s           2026-05-07T17:49:40                      10
/home/rodrigo/Escritorio/BBDDAvanzadas/.venv/lib/python3.12/site-packages/airflow/example_dags/example_short_circuit_decorator.py                                                   1           0  0.96s           2026-05-07T17:48:10                      10
/home/rodrigo/Escritorio/BBDDAvanzadas/.venv/lib/python3.12/site-packages/airflow/example_dags/example_outlet_event_extra.py                                                        3           0  0.95s           2026-05-07T17:48:25                      19
/home/rodrigo/Escritorio/BBDDAvanzadas/.venv/lib/python3.12/site-packages/airflow/example_dags/example_branch_labels.py                                                             1           0  0.62s           2026-05-07T17:49:21                      12
/home/rodrigo/Escritorio/BBDDAvanzadas/.venv/lib/python3.12/site-packages/airflow/example_dags/plugins/workday.py                                                                   0           0  0.51s           2026-05-07T17:49:30                       3
/home/rodrigo/Escritorio/BBDDAvanzadas/.venv/lib/python3.12/site-packages/airflow/example_dags/example_kubernetes_executor.py                                                       0           0  0.45s           2026-05-07T17:48:31                       3
/home/rodrigo/Escritorio/BBDDAvanzadas/.venv/lib/python3.12/site-packages/airflow/example_dags/tutorial_taskflow_api_virtualenv.py                                                  0           0  0.42s           2026-05-07T17:49:36                       3
/home/rodrigo/Escritorio/BBDDAvanzadas/.venv/lib/python3.12/site-packages/airflow/example_dags/example_datasets.py                                                                 10           0  0.35s           2026-05-07T17:49:10                      49
/home/rodrigo/Escritorio/BBDDAvanzadas/.venv/lib/python3.12/site-packages/airflow/example_dags/example_dag_decorator.py                                                             1           0  0.32s           2026-05-07T17:49:14                      32
/home/rodrigo/Escritorio/BBDDAvanzadas/.venv/lib/python3.12/site-packages/airflow/example_dags/example_external_task_marker_dag.py                                                  2           0  0.31s           2026-05-07T17:48:33                      13
/home/rodrigo/Escritorio/BBDDAvanzadas/.venv/lib/python3.12/site-packages/airflow/example_dags/example_local_kubernetes_executor.py                                                 0           0  0.27s           2026-05-07T17:48:28                       3
/home/rodrigo/Escritorio/BBDDAvanzadas/.venv/lib/python3.12/site-packages/airflow/example_dags/example_branch_day_of_week_operator.py                                               1           0  0.26s           2026-05-07T17:49:22                      12
/home/rodrigo/Escritorio/BBDDAvanzadas/.venv/lib/python3.12/site-packages/airflow/example_dags/example_branch_operator_decorator.py                                                 0           0  0.24s           2026-05-07T17:49:18                       3
/home/rodrigo/Escritorio/BBDDAvanzadas/.venv/lib/python3.12/site-packages/airflow/example_dags/example_complex.py                                                                   1           0  0.24s           2026-05-07T17:49:16                      10
/home/rodrigo/Escritorio/BBDDAvanzadas/.venv/lib/python3.12/site-packages/airflow/example_dags/example_xcomargs.py                                                                  2           0  0.22s           2026-05-07T17:49:47                      13
/home/rodrigo/Escritorio/BBDDAvanzadas/.venv/lib/python3.12/site-packages/airflow/example_dags/example_skip_dag.py                                                                  1           0  0.21s           2026-05-07T17:48:07                      12
/home/rodrigo/Escritorio/BBDDAvanzadas/.venv/lib/python3.12/site-packages/airflow/example_dags/example_dataset_alias.py                                                             4           0  0.21s           2026-05-07T17:49:13                      27
/home/rodrigo/Escritorio/BBDDAvanzadas/.venv/lib/python3.12/site-packages/airflow/example_dags/example_dataset_alias_with_no_taskflow.py                                            4           0  0.21s           2026-05-07T17:49:11                      27
/home/rodrigo/Escritorio/BBDDAvanzadas/.venv/lib/python3.12/site-packages/airflow/example_dags/example_setup_teardown.py                                                            1           0  0.18s           2026-05-07T17:48:13                      10
/home/rodrigo/Escritorio/BBDDAvanzadas/.venv/lib/python3.12/site-packages/airflow/example_dags/example_bash_operator.py                                                             1           0  0.17s           2026-05-07T17:49:25                      12
/home/rodrigo/Escritorio/BBDDAvanzadas/models/dag/dag_sqlite.py                                                                                                                     1           0  0.17s           2026-05-07T17:49:27                      10
/home/rodrigo/Escritorio/BBDDAvanzadas/.venv/lib/python3.12/site-packages/airflow/example_dags/tutorial_dag.py                                                                      1           0  0.16s           2026-05-07T17:49:42                      10
/home/rodrigo/Escritorio/BBDDAvanzadas/.venv/lib/python3.12/site-packages/airflow/example_dags/example_params_trigger_ui.py                                                         1           0  0.16s           2026-05-07T17:48:23                      10
/home/rodrigo/Escritorio/BBDDAvanzadas/.venv/lib/python3.12/site-packages/airflow/example_dags/example_latest_only_with_trigger.py                                                  1           0  0.16s           2026-05-07T17:48:28                      12
/home/rodrigo/Escritorio/BBDDAvanzadas/.venv/lib/python3.12/site-packages/airflow/example_dags/tutorial_taskflow_api.py                                                             1           0  0.15s           2026-05-07T17:49:38                      10
/home/rodrigo/Escritorio/BBDDAvanzadas/.venv/lib/python3.12/site-packages/airflow/example_dags/example_branch_datetime_operator.py                                                  3           0  0.15s           2026-05-07T17:49:24                      18
/home/rodrigo/Escritorio/BBDDAvanzadas/.venv/lib/python3.12/site-packages/airflow/example_dags/subdags/subdag.py                                                                    0           0  0.15s           2026-05-07T17:49:29                       3
/home/rodrigo/Escritorio/BBDDAvanzadas/.venv/lib/python3.12/site-packages/airflow/example_dags/example_nested_branch_dag.py                                                         1           0  0.15s           2026-05-07T17:48:26                      12
/home/rodrigo/Escritorio/BBDDAvanzadas/.venv/lib/python3.12/site-packages/airflow/example_dags/example_dynamic_task_mapping_with_no_taskflow_operators.py                           1           0  0.14s           2026-05-07T17:48:35                      10
/home/rodrigo/Escritorio/BBDDAvanzadas/.venv/lib/python3.12/site-packages/airflow/example_dags/example_latest_only.py                                                               1           0  0.13s           2026-05-07T17:48:30                      12
/home/rodrigo/Escritorio/BBDDAvanzadas/.venv/lib/python3.12/site-packages/airflow/example_dags/example_xcom.py                                                                      1           0  0.13s           2026-05-07T17:48:56                      12
/home/rodrigo/Escritorio/BBDDAvanzadas/.venv/lib/python3.12/site-packages/airflow/example_dags/tutorial.py                                                                          1           0  0.13s           2026-05-07T17:49:44                      12
/home/rodrigo/Escritorio/BBDDAvanzadas/.venv/lib/python3.12/site-packages/airflow/example_dags/plugins/listener_plugin.py                                                           0           0  0.12s           2026-05-07T17:49:31                       3
/home/rodrigo/Escritorio/BBDDAvanzadas/.venv/lib/python3.12/site-packages/airflow/example_dags/tutorial_taskflow_templates.py                                                       1           0  0.12s           2026-05-07T17:49:35                      12
/home/rodrigo/Escritorio/BBDDAvanzadas/.venv/lib/python3.12/site-packages/airflow/example_dags/example_params_ui_tutorial.py                                                        1           0  0.12s           2026-05-07T17:48:21                      10
/home/rodrigo/Escritorio/BBDDAvanzadas/.venv/lib/python3.12/site-packages/airflow/example_dags/example_workday_timetable.py                                                         1           0  0.12s           2026-05-07T17:48:57                      12
/home/rodrigo/Escritorio/BBDDAvanzadas/.venv/lib/python3.12/site-packages/airflow/example_dags/example_setup_teardown_taskflow.py                                                   1           0  0.12s           2026-05-07T17:48:11                      10
/home/rodrigo/Escritorio/BBDDAvanzadas/.venv/lib/python3.12/site-packages/airflow/example_dags/example_short_circuit_operator.py                                                    1           0  0.12s           2026-05-07T17:48:08                      10
/home/rodrigo/Escritorio/BBDDAvanzadas/.venv/lib/python3.12/site-packages/airflow/example_dags/example_branch_python_dop_operator_3.py                                              1           0  0.12s           2026-05-07T17:49:17                      12
/home/rodrigo/Escritorio/BBDDAvanzadas/.venv/lib/python3.12/site-packages/airflow/example_dags/example_task_group.py                                                                1           0  0.11s           2026-05-07T17:49:02                      10
/home/rodrigo/Escritorio/BBDDAvanzadas/.venv/lib/python3.12/site-packages/airflow/example_dags/plugins/decreasing_priority_weight_strategy.py                                       0           0  0.11s           2026-05-07T17:49:34                       3
/home/rodrigo/Escritorio/BBDDAvanzadas/.venv/lib/python3.12/site-packages/airflow/example_dags/example_branch_operator.py                                                           0           0  0.11s           2026-05-07T17:49:19                       3
/home/rodrigo/Escritorio/BBDDAvanzadas/.venv/lib/python3.12/site-packages/airflow/example_dags/example_time_delta_sensor_async.py                                                   1           0  0.11s           2026-05-07T17:49:01                      10
/home/rodrigo/Escritorio/BBDDAvanzadas/.venv/lib/python3.12/site-packages/airflow/example_dags/example_trigger_controller_dag.py                                                    1           0  0.11s           2026-05-07T17:49:00                      12
/home/rodrigo/Escritorio/BBDDAvanzadas/models/dag/dag_psql.py                                                                                                                       1           0  0.11s           2026-05-07T17:49:27                      10
/home/rodrigo/Escritorio/BBDDAvanzadas/.venv/lib/python3.12/site-packages/airflow/example_dags/example_python_decorator.py                                                          1           0  0.11s           2026-05-07T17:48:18                      10
/home/rodrigo/Escritorio/BBDDAvanzadas/.venv/lib/python3.12/site-packages/airflow/example_dags/plugins/event_listener.py                                                            0           0  0.11s           2026-05-07T17:49:32                       3
/home/rodrigo/Escritorio/BBDDAvanzadas/.venv/lib/python3.12/site-packages/airflow/example_dags/example_bash_decorator.py                                                            1           0  0.11s           2026-05-07T17:49:26                      10
/home/rodrigo/Escritorio/BBDDAvanzadas/.venv/lib/python3.12/site-packages/airflow/example_dags/example_sla_dag.py                                                                   1           0  0.11s           2026-05-07T17:49:05                      12
/home/rodrigo/Escritorio/BBDDAvanzadas/.venv/lib/python3.12/site-packages/airflow/example_dags/example_subdag_operator.py                                                           3           0  0.11s           2026-05-07T17:49:04                      20
/home/rodrigo/Escritorio/BBDDAvanzadas/.venv/lib/python3.12/site-packages/airflow/example_dags/example_python_operator.py                                                           1           0  0.11s           2026-05-07T17:48:17                      10
/home/rodrigo/Escritorio/BBDDAvanzadas/.venv/lib/python3.12/site-packages/airflow/example_dags/example_passing_params_via_test_command.py                                           1           0  0.11s           2026-05-07T17:48:20                      12
/home/rodrigo/Escritorio/BBDDAvanzadas/.venv/lib/python3.12/site-packages/airflow/example_dags/example_display_name.py                                                              1           0  0.11s           2026-05-07T17:49:08                      10
/home/rodrigo/Escritorio/BBDDAvanzadas/.venv/lib/python3.12/site-packages/airflow/example_dags/example_trigger_target_dag.py                                                        1           0  0.11s           2026-05-07T17:48:59                      10
/home/rodrigo/Escritorio/BBDDAvanzadas/.venv/lib/python3.12/site-packages/airflow/example_dags/example_dynamic_task_mapping.py                                                      1           0  0.11s           2026-05-07T17:49:06                      10
/home/rodrigo/Escritorio/BBDDAvanzadas/.venv/lib/python3.12/site-packages/airflow/example_dags/example_task_group_decorator.py                                                      1           0  0.11s           2026-05-07T17:49:01                      10
/home/rodrigo/Escritorio/BBDDAvanzadas/.venv/lib/python3.12/site-packages/airflow/example_dags/example_sensor_decorator.py                                                          1           0  0.11s           2026-05-07T17:48:16                      10
/home/rodrigo/Escritorio/BBDDAvanzadas/.venv/lib/python3.12/site-packages/airflow/example_dags/example_sensors.py                                                                   1           0  0.11s           2026-05-07T17:48:15                      10
/home/rodrigo/Escritorio/BBDDAvanzadas/.venv/lib/python3.12/site-packages/airflow/example_dags/example_inlet_event_extra.py                                                         2           0  0.11s           2026-05-07T17:48:32                      15
================================================================================
[2026-05-07T19:50:18.109+0200] {manager.py:997} INFO - 
================================================================================
DAG File Processing Stats

File Path                                                                                                                                                  PID    Runtime      # DAGs    # Errors  Last Runtime    Last Run               Last # of DB Queries
---------------------------------------------------------------------------------------------------------------------------------------------------------  -----  ---------  --------  ----------  --------------  -------------------  ----------------------
/home/rodrigo/Escritorio/BBDDAvanzadas/.venv/lib/python3.12/site-packages/airflow/example_dags/example_skip_dag.py                                                                  1           0  1.70s           2026-05-07T17:49:53                      12
/home/rodrigo/Escritorio/BBDDAvanzadas/.venv/lib/python3.12/site-packages/airflow/example_dags/tutorial_objectstorage.py                                                            1           0  1.07s           2026-05-07T17:49:40                      10
/home/rodrigo/Escritorio/BBDDAvanzadas/.venv/lib/python3.12/site-packages/airflow/example_dags/example_branch_labels.py                                                             1           0  0.62s           2026-05-07T17:49:21                      12
/home/rodrigo/Escritorio/BBDDAvanzadas/.venv/lib/python3.12/site-packages/airflow/example_dags/plugins/workday.py                                                                   0           0  0.51s           2026-05-07T17:49:30                       3
/home/rodrigo/Escritorio/BBDDAvanzadas/.venv/lib/python3.12/site-packages/airflow/example_dags/tutorial_taskflow_api_virtualenv.py                                                  0           0  0.42s           2026-05-07T17:49:36                       3
/home/rodrigo/Escritorio/BBDDAvanzadas/.venv/lib/python3.12/site-packages/airflow/example_dags/example_local_kubernetes_executor.py                                                 0           0  0.36s           2026-05-07T17:50:09                       3
/home/rodrigo/Escritorio/BBDDAvanzadas/.venv/lib/python3.12/site-packages/airflow/example_dags/example_datasets.py                                                                 10           0  0.35s           2026-05-07T17:49:10                      49
/home/rodrigo/Escritorio/BBDDAvanzadas/.venv/lib/python3.12/site-packages/airflow/example_dags/example_dag_decorator.py                                                             1           0  0.32s           2026-05-07T17:49:14                      32
/home/rodrigo/Escritorio/BBDDAvanzadas/.venv/lib/python3.12/site-packages/airflow/example_dags/example_kubernetes_executor.py                                                       0           0  0.30s           2026-05-07T17:50:12                       3
/home/rodrigo/Escritorio/BBDDAvanzadas/.venv/lib/python3.12/site-packages/airflow/example_dags/example_branch_day_of_week_operator.py                                               1           0  0.26s           2026-05-07T17:49:22                      12
/home/rodrigo/Escritorio/BBDDAvanzadas/.venv/lib/python3.12/site-packages/airflow/example_dags/example_branch_operator_decorator.py                                                 0           0  0.24s           2026-05-07T17:49:18                       3
/home/rodrigo/Escritorio/BBDDAvanzadas/models/dag/dag_sqlite.py                                                                                                                     1           0  0.24s           2026-05-07T17:50:16                      10
/home/rodrigo/Escritorio/BBDDAvanzadas/.venv/lib/python3.12/site-packages/airflow/example_dags/example_complex.py                                                                   1           0  0.24s           2026-05-07T17:49:16                      10
/home/rodrigo/Escritorio/BBDDAvanzadas/.venv/lib/python3.12/site-packages/airflow/example_dags/example_sensors.py                                                                   1           0  0.22s           2026-05-07T17:49:57                      10
/home/rodrigo/Escritorio/BBDDAvanzadas/.venv/lib/python3.12/site-packages/airflow/example_dags/example_xcomargs.py                                                                  2           0  0.22s           2026-05-07T17:49:47                      13
/home/rodrigo/Escritorio/BBDDAvanzadas/.venv/lib/python3.12/site-packages/airflow/example_dags/example_xcom.py                                                                      1           0  0.22s           2026-05-07T17:49:49                      12
/home/rodrigo/Escritorio/BBDDAvanzadas/.venv/lib/python3.12/site-packages/airflow/example_dags/example_dataset_alias.py                                                             4           0  0.21s           2026-05-07T17:49:13                      27
/home/rodrigo/Escritorio/BBDDAvanzadas/.venv/lib/python3.12/site-packages/airflow/example_dags/example_dataset_alias_with_no_taskflow.py                                            4           0  0.21s           2026-05-07T17:49:11                      27
/home/rodrigo/Escritorio/BBDDAvanzadas/.venv/lib/python3.12/site-packages/airflow/example_dags/example_short_circuit_operator.py                                                    1           0  0.21s           2026-05-07T17:49:54                      10
/home/rodrigo/Escritorio/BBDDAvanzadas/.venv/lib/python3.12/site-packages/airflow/example_dags/example_inlet_event_extra.py                                                         2           0  0.21s           2026-05-07T17:50:13                      15
/home/rodrigo/Escritorio/BBDDAvanzadas/.venv/lib/python3.12/site-packages/airflow/example_dags/example_passing_params_via_test_command.py                                           1           0  0.20s           2026-05-07T17:50:03                      12
/home/rodrigo/Escritorio/BBDDAvanzadas/.venv/lib/python3.12/site-packages/airflow/example_dags/example_bash_operator.py                                                             1           0  0.17s           2026-05-07T17:49:25                      12
/home/rodrigo/Escritorio/BBDDAvanzadas/.venv/lib/python3.12/site-packages/airflow/example_dags/subdags/subdag.py                                                                    0           0  0.17s           2026-05-07T17:50:18                       3
/home/rodrigo/Escritorio/BBDDAvanzadas/.venv/lib/python3.12/site-packages/airflow/example_dags/example_dynamic_task_mapping_with_no_taskflow_operators.py                           1           0  0.17s           2026-05-07T17:50:15                      10
/home/rodrigo/Escritorio/BBDDAvanzadas/.venv/lib/python3.12/site-packages/airflow/example_dags/tutorial_dag.py                                                                      1           0  0.16s           2026-05-07T17:49:42                      10
/home/rodrigo/Escritorio/BBDDAvanzadas/.venv/lib/python3.12/site-packages/airflow/example_dags/example_params_ui_tutorial.py                                                        1           0  0.16s           2026-05-07T17:50:04                      10
/home/rodrigo/Escritorio/BBDDAvanzadas/.venv/lib/python3.12/site-packages/airflow/example_dags/example_python_decorator.py                                                          1           0  0.15s           2026-05-07T17:50:01                      10
/home/rodrigo/Escritorio/BBDDAvanzadas/.venv/lib/python3.12/site-packages/airflow/example_dags/tutorial_taskflow_api.py                                                             1           0  0.15s           2026-05-07T17:49:38                      10
/home/rodrigo/Escritorio/BBDDAvanzadas/.venv/lib/python3.12/site-packages/airflow/example_dags/example_branch_datetime_operator.py                                                  3           0  0.15s           2026-05-07T17:49:24                      18
/home/rodrigo/Escritorio/BBDDAvanzadas/.venv/lib/python3.12/site-packages/airflow/example_dags/example_external_task_marker_dag.py                                                  2           0  0.13s           2026-05-07T17:50:14                      13
/home/rodrigo/Escritorio/BBDDAvanzadas/.venv/lib/python3.12/site-packages/airflow/example_dags/example_short_circuit_decorator.py                                                   1           0  0.13s           2026-05-07T17:49:55                      10
/home/rodrigo/Escritorio/BBDDAvanzadas/.venv/lib/python3.12/site-packages/airflow/example_dags/example_nested_branch_dag.py                                                         1           0  0.13s           2026-05-07T17:50:07                      12
/home/rodrigo/Escritorio/BBDDAvanzadas/.venv/lib/python3.12/site-packages/airflow/example_dags/tutorial.py                                                                          1           0  0.13s           2026-05-07T17:49:44                      12
/home/rodrigo/Escritorio/BBDDAvanzadas/.venv/lib/python3.12/site-packages/airflow/example_dags/example_latest_only.py                                                               1           0  0.12s           2026-05-07T17:50:10                      12
/home/rodrigo/Escritorio/BBDDAvanzadas/models/dag/dag_psql.py                                                                                                                       1           0  0.12s           2026-05-07T17:50:17                      10
/home/rodrigo/Escritorio/BBDDAvanzadas/.venv/lib/python3.12/site-packages/airflow/example_dags/plugins/listener_plugin.py                                                           0           0  0.12s           2026-05-07T17:49:31                       3
/home/rodrigo/Escritorio/BBDDAvanzadas/.venv/lib/python3.12/site-packages/airflow/example_dags/tutorial_taskflow_templates.py                                                       1           0  0.12s           2026-05-07T17:49:35                      12
/home/rodrigo/Escritorio/BBDDAvanzadas/.venv/lib/python3.12/site-packages/airflow/example_dags/example_workday_timetable.py                                                         1           0  0.12s           2026-05-07T17:48:57                      12
/home/rodrigo/Escritorio/BBDDAvanzadas/.venv/lib/python3.12/site-packages/airflow/example_dags/example_branch_python_dop_operator_3.py                                              1           0  0.12s           2026-05-07T17:49:17                      12
/home/rodrigo/Escritorio/BBDDAvanzadas/.venv/lib/python3.12/site-packages/airflow/example_dags/example_outlet_event_extra.py                                                        3           0  0.11s           2026-05-07T17:50:06                      19
/home/rodrigo/Escritorio/BBDDAvanzadas/.venv/lib/python3.12/site-packages/airflow/example_dags/example_task_group.py                                                                1           0  0.11s           2026-05-07T17:49:02                      10
/home/rodrigo/Escritorio/BBDDAvanzadas/.venv/lib/python3.12/site-packages/airflow/example_dags/plugins/decreasing_priority_weight_strategy.py                                       0           0  0.11s           2026-05-07T17:49:34                       3
/home/rodrigo/Escritorio/BBDDAvanzadas/.venv/lib/python3.12/site-packages/airflow/example_dags/example_branch_operator.py                                                           0           0  0.11s           2026-05-07T17:49:19                       3
/home/rodrigo/Escritorio/BBDDAvanzadas/.venv/lib/python3.12/site-packages/airflow/example_dags/example_time_delta_sensor_async.py                                                   1           0  0.11s           2026-05-07T17:49:01                      10
/home/rodrigo/Escritorio/BBDDAvanzadas/.venv/lib/python3.12/site-packages/airflow/example_dags/example_trigger_controller_dag.py                                                    1           0  0.11s           2026-05-07T17:49:00                      12
/home/rodrigo/Escritorio/BBDDAvanzadas/.venv/lib/python3.12/site-packages/airflow/example_dags/plugins/event_listener.py                                                            0           0  0.11s           2026-05-07T17:49:32                       3
/home/rodrigo/Escritorio/BBDDAvanzadas/.venv/lib/python3.12/site-packages/airflow/example_dags/example_params_trigger_ui.py                                                         1           0  0.11s           2026-05-07T17:50:05                      10
/home/rodrigo/Escritorio/BBDDAvanzadas/.venv/lib/python3.12/site-packages/airflow/example_dags/example_setup_teardown.py                                                            1           0  0.11s           2026-05-07T17:49:56                      10
/home/rodrigo/Escritorio/BBDDAvanzadas/.venv/lib/python3.12/site-packages/airflow/example_dags/example_bash_decorator.py                                                            1           0  0.11s           2026-05-07T17:49:26                      10
/home/rodrigo/Escritorio/BBDDAvanzadas/.venv/lib/python3.12/site-packages/airflow/example_dags/example_sla_dag.py                                                                   1           0  0.11s           2026-05-07T17:49:05                      12
/home/rodrigo/Escritorio/BBDDAvanzadas/.venv/lib/python3.12/site-packages/airflow/example_dags/example_subdag_operator.py                                                           3           0  0.11s           2026-05-07T17:49:04                      20
/home/rodrigo/Escritorio/BBDDAvanzadas/.venv/lib/python3.12/site-packages/airflow/example_dags/example_latest_only_with_trigger.py                                                  1           0  0.11s           2026-05-07T17:50:10                      12
/home/rodrigo/Escritorio/BBDDAvanzadas/.venv/lib/python3.12/site-packages/airflow/example_dags/example_setup_teardown_taskflow.py                                                   1           0  0.11s           2026-05-07T17:49:55                      10
/home/rodrigo/Escritorio/BBDDAvanzadas/.venv/lib/python3.12/site-packages/airflow/example_dags/example_display_name.py                                                              1           0  0.11s           2026-05-07T17:49:08                      10
/home/rodrigo/Escritorio/BBDDAvanzadas/.venv/lib/python3.12/site-packages/airflow/example_dags/example_python_operator.py                                                           1           0  0.11s           2026-05-07T17:50:00                      10
/home/rodrigo/Escritorio/BBDDAvanzadas/.venv/lib/python3.12/site-packages/airflow/example_dags/example_trigger_target_dag.py                                                        1           0  0.11s           2026-05-07T17:48:59                      10
/home/rodrigo/Escritorio/BBDDAvanzadas/.venv/lib/python3.12/site-packages/airflow/example_dags/example_dynamic_task_mapping.py                                                      1           0  0.11s           2026-05-07T17:49:06                      10
/home/rodrigo/Escritorio/BBDDAvanzadas/.venv/lib/python3.12/site-packages/airflow/example_dags/example_task_group_decorator.py                                                      1           0  0.11s           2026-05-07T17:49:01                      10
/home/rodrigo/Escritorio/BBDDAvanzadas/.venv/lib/python3.12/site-packages/airflow/example_dags/example_sensor_decorator.py                                                          1           0  0.11s           2026-05-07T17:49:59                      10
================================================================================
[2026-05-07T19:50:49.498+0200] {manager.py:997} INFO - 
================================================================================
DAG File Processing Stats

File Path                                                                                                                                                  PID    Runtime      # DAGs    # Errors  Last Runtime    Last Run               Last # of DB Queries
---------------------------------------------------------------------------------------------------------------------------------------------------------  -----  ---------  --------  ----------  --------------  -------------------  ----------------------
/home/rodrigo/Escritorio/BBDDAvanzadas/.venv/lib/python3.12/site-packages/airflow/example_dags/example_skip_dag.py                                                                  1           0  1.70s           2026-05-07T17:49:53                      12
/home/rodrigo/Escritorio/BBDDAvanzadas/.venv/lib/python3.12/site-packages/airflow/example_dags/example_task_group_decorator.py                                                      1           0  1.06s           2026-05-07T17:50:47                      10
/home/rodrigo/Escritorio/BBDDAvanzadas/.venv/lib/python3.12/site-packages/airflow/example_dags/plugins/workday.py                                                                   0           0  0.64s           2026-05-07T17:50:19                       3
/home/rodrigo/Escritorio/BBDDAvanzadas/.venv/lib/python3.12/site-packages/airflow/example_dags/example_branch_labels.py                                                             1           0  0.62s           2026-05-07T17:49:21                      12
/home/rodrigo/Escritorio/BBDDAvanzadas/.venv/lib/python3.12/site-packages/airflow/example_dags/example_trigger_controller_dag.py                                                    1           0  0.54s           2026-05-07T17:50:41                      12
/home/rodrigo/Escritorio/BBDDAvanzadas/.venv/lib/python3.12/site-packages/airflow/example_dags/example_local_kubernetes_executor.py                                                 0           0  0.36s           2026-05-07T17:50:09                       3
/home/rodrigo/Escritorio/BBDDAvanzadas/.venv/lib/python3.12/site-packages/airflow/example_dags/example_datasets.py                                                                 10           0  0.35s           2026-05-07T17:49:10                      49
/home/rodrigo/Escritorio/BBDDAvanzadas/.venv/lib/python3.12/site-packages/airflow/example_dags/example_dag_decorator.py                                                             1           0  0.32s           2026-05-07T17:49:14                      32
/home/rodrigo/Escritorio/BBDDAvanzadas/.venv/lib/python3.12/site-packages/airflow/example_dags/example_kubernetes_executor.py                                                       0           0  0.30s           2026-05-07T17:50:12                       3
/home/rodrigo/Escritorio/BBDDAvanzadas/.venv/lib/python3.12/site-packages/airflow/example_dags/example_branch_day_of_week_operator.py                                               1           0  0.26s           2026-05-07T17:49:22                      12
/home/rodrigo/Escritorio/BBDDAvanzadas/.venv/lib/python3.12/site-packages/airflow/example_dags/example_branch_operator_decorator.py                                                 0           0  0.24s           2026-05-07T17:49:18                       3
/home/rodrigo/Escritorio/BBDDAvanzadas/models/dag/dag_sqlite.py                                                                                                                     1           0  0.24s           2026-05-07T17:50:16                      10
/home/rodrigo/Escritorio/BBDDAvanzadas/.venv/lib/python3.12/site-packages/airflow/example_dags/example_complex.py                                                                   1           0  0.24s           2026-05-07T17:49:16                      10
/home/rodrigo/Escritorio/BBDDAvanzadas/.venv/lib/python3.12/site-packages/airflow/example_dags/example_workday_timetable.py                                                         1           0  0.23s           2026-05-07T17:50:39                      12
/home/rodrigo/Escritorio/BBDDAvanzadas/.venv/lib/python3.12/site-packages/airflow/example_dags/example_sensors.py                                                                   1           0  0.22s           2026-05-07T17:49:57                      10
/home/rodrigo/Escritorio/BBDDAvanzadas/.venv/lib/python3.12/site-packages/airflow/example_dags/example_xcomargs.py                                                                  2           0  0.22s           2026-05-07T17:49:47                      13
/home/rodrigo/Escritorio/BBDDAvanzadas/.venv/lib/python3.12/site-packages/airflow/example_dags/example_xcom.py                                                                      1           0  0.22s           2026-05-07T17:49:49                      12
/home/rodrigo/Escritorio/BBDDAvanzadas/.venv/lib/python3.12/site-packages/airflow/example_dags/example_task_group.py                                                                1           0  0.21s           2026-05-07T17:50:49                      10
/home/rodrigo/Escritorio/BBDDAvanzadas/.venv/lib/python3.12/site-packages/airflow/example_dags/example_dataset_alias.py                                                             4           0  0.21s           2026-05-07T17:49:13                      27
/home/rodrigo/Escritorio/BBDDAvanzadas/.venv/lib/python3.12/site-packages/airflow/example_dags/example_dataset_alias_with_no_taskflow.py                                            4           0  0.21s           2026-05-07T17:49:11                      27
/home/rodrigo/Escritorio/BBDDAvanzadas/.venv/lib/python3.12/site-packages/airflow/example_dags/example_short_circuit_operator.py                                                    1           0  0.21s           2026-05-07T17:49:54                      10
/home/rodrigo/Escritorio/BBDDAvanzadas/.venv/lib/python3.12/site-packages/airflow/example_dags/example_inlet_event_extra.py                                                         2           0  0.21s           2026-05-07T17:50:13                      15
/home/rodrigo/Escritorio/BBDDAvanzadas/.venv/lib/python3.12/site-packages/airflow/example_dags/example_passing_params_via_test_command.py                                           1           0  0.20s           2026-05-07T17:50:03                      12
/home/rodrigo/Escritorio/BBDDAvanzadas/.venv/lib/python3.12/site-packages/airflow/example_dags/plugins/event_listener.py                                                            0           0  0.18s           2026-05-07T17:50:21                       3
/home/rodrigo/Escritorio/BBDDAvanzadas/.venv/lib/python3.12/site-packages/airflow/example_dags/example_bash_operator.py                                                             1           0  0.17s           2026-05-07T17:49:25                      12
/home/rodrigo/Escritorio/BBDDAvanzadas/.venv/lib/python3.12/site-packages/airflow/example_dags/subdags/subdag.py                                                                    0           0  0.17s           2026-05-07T17:50:18                       3
/home/rodrigo/Escritorio/BBDDAvanzadas/.venv/lib/python3.12/site-packages/airflow/example_dags/plugins/listener_plugin.py                                                           0           0  0.17s           2026-05-07T17:50:20                       3
/home/rodrigo/Escritorio/BBDDAvanzadas/.venv/lib/python3.12/site-packages/airflow/example_dags/plugins/decreasing_priority_weight_strategy.py                                       0           0  0.17s           2026-05-07T17:50:22                       3
/home/rodrigo/Escritorio/BBDDAvanzadas/.venv/lib/python3.12/site-packages/airflow/example_dags/example_dynamic_task_mapping_with_no_taskflow_operators.py                           1           0  0.17s           2026-05-07T17:50:15                      10
/home/rodrigo/Escritorio/BBDDAvanzadas/.venv/lib/python3.12/site-packages/airflow/example_dags/example_params_ui_tutorial.py                                                        1           0  0.16s           2026-05-07T17:50:04                      10
/home/rodrigo/Escritorio/BBDDAvanzadas/.venv/lib/python3.12/site-packages/airflow/example_dags/example_python_decorator.py                                                          1           0  0.15s           2026-05-07T17:50:01                      10
/home/rodrigo/Escritorio/BBDDAvanzadas/.venv/lib/python3.12/site-packages/airflow/example_dags/example_branch_datetime_operator.py                                                  3           0  0.15s           2026-05-07T17:49:24                      18
/home/rodrigo/Escritorio/BBDDAvanzadas/.venv/lib/python3.12/site-packages/airflow/example_dags/tutorial_taskflow_api_virtualenv.py                                                  0           0  0.15s           2026-05-07T17:50:26                       3
/home/rodrigo/Escritorio/BBDDAvanzadas/.venv/lib/python3.12/site-packages/airflow/example_dags/example_external_task_marker_dag.py                                                  2           0  0.13s           2026-05-07T17:50:14                      13
/home/rodrigo/Escritorio/BBDDAvanzadas/.venv/lib/python3.12/site-packages/airflow/example_dags/example_short_circuit_decorator.py                                                   1           0  0.13s           2026-05-07T17:49:55                      10
/home/rodrigo/Escritorio/BBDDAvanzadas/.venv/lib/python3.12/site-packages/airflow/example_dags/example_nested_branch_dag.py                                                         1           0  0.13s           2026-05-07T17:50:07                      12
/home/rodrigo/Escritorio/BBDDAvanzadas/.venv/lib/python3.12/site-packages/airflow/example_dags/tutorial_objectstorage.py                                                            1           0  0.13s           2026-05-07T17:50:34                      10
/home/rodrigo/Escritorio/BBDDAvanzadas/.venv/lib/python3.12/site-packages/airflow/example_dags/example_latest_only.py                                                               1           0  0.12s           2026-05-07T17:50:10                      12
/home/rodrigo/Escritorio/BBDDAvanzadas/models/dag/dag_psql.py                                                                                                                       1           0  0.12s           2026-05-07T17:50:17                      10
/home/rodrigo/Escritorio/BBDDAvanzadas/.venv/lib/python3.12/site-packages/airflow/example_dags/example_time_delta_sensor_async.py                                                   1           0  0.12s           2026-05-07T17:50:43                      10
/home/rodrigo/Escritorio/BBDDAvanzadas/.venv/lib/python3.12/site-packages/airflow/example_dags/example_branch_python_dop_operator_3.py                                              1           0  0.12s           2026-05-07T17:49:17                      12
/home/rodrigo/Escritorio/BBDDAvanzadas/.venv/lib/python3.12/site-packages/airflow/example_dags/example_outlet_event_extra.py                                                        3           0  0.11s           2026-05-07T17:50:06                      19
/home/rodrigo/Escritorio/BBDDAvanzadas/.venv/lib/python3.12/site-packages/airflow/example_dags/example_branch_operator.py                                                           0           0  0.11s           2026-05-07T17:49:19                       3
/home/rodrigo/Escritorio/BBDDAvanzadas/.venv/lib/python3.12/site-packages/airflow/example_dags/tutorial_dag.py                                                                      1           0  0.11s           2026-05-07T17:50:36                      10
/home/rodrigo/Escritorio/BBDDAvanzadas/.venv/lib/python3.12/site-packages/airflow/example_dags/tutorial_taskflow_api.py                                                             1           0  0.11s           2026-05-07T17:50:32                      10
/home/rodrigo/Escritorio/BBDDAvanzadas/.venv/lib/python3.12/site-packages/airflow/example_dags/example_params_trigger_ui.py                                                         1           0  0.11s           2026-05-07T17:50:05                      10
/home/rodrigo/Escritorio/BBDDAvanzadas/.venv/lib/python3.12/site-packages/airflow/example_dags/example_setup_teardown.py                                                            1           0  0.11s           2026-05-07T17:49:56                      10
/home/rodrigo/Escritorio/BBDDAvanzadas/.venv/lib/python3.12/site-packages/airflow/example_dags/example_bash_decorator.py                                                            1           0  0.11s           2026-05-07T17:49:26                      10
/home/rodrigo/Escritorio/BBDDAvanzadas/.venv/lib/python3.12/site-packages/airflow/example_dags/example_sla_dag.py                                                                   1           0  0.11s           2026-05-07T17:49:05                      12
/home/rodrigo/Escritorio/BBDDAvanzadas/.venv/lib/python3.12/site-packages/airflow/example_dags/example_subdag_operator.py                                                           3           0  0.11s           2026-05-07T17:49:04                      20
/home/rodrigo/Escritorio/BBDDAvanzadas/.venv/lib/python3.12/site-packages/airflow/example_dags/example_latest_only_with_trigger.py                                                  1           0  0.11s           2026-05-07T17:50:10                      12
/home/rodrigo/Escritorio/BBDDAvanzadas/.venv/lib/python3.12/site-packages/airflow/example_dags/tutorial_taskflow_templates.py                                                       1           0  0.11s           2026-05-07T17:50:23                      12
/home/rodrigo/Escritorio/BBDDAvanzadas/.venv/lib/python3.12/site-packages/airflow/example_dags/example_setup_teardown_taskflow.py                                                   1           0  0.11s           2026-05-07T17:49:55                      10
/home/rodrigo/Escritorio/BBDDAvanzadas/.venv/lib/python3.12/site-packages/airflow/example_dags/example_display_name.py                                                              1           0  0.11s           2026-05-07T17:49:08                      10
/home/rodrigo/Escritorio/BBDDAvanzadas/.venv/lib/python3.12/site-packages/airflow/example_dags/example_python_operator.py                                                           1           0  0.11s           2026-05-07T17:50:00                      10
/home/rodrigo/Escritorio/BBDDAvanzadas/.venv/lib/python3.12/site-packages/airflow/example_dags/example_trigger_target_dag.py                                                        1           0  0.11s           2026-05-07T17:50:40                      10
/home/rodrigo/Escritorio/BBDDAvanzadas/.venv/lib/python3.12/site-packages/airflow/example_dags/example_dynamic_task_mapping.py                                                      1           0  0.11s           2026-05-07T17:49:06                      10
/home/rodrigo/Escritorio/BBDDAvanzadas/.venv/lib/python3.12/site-packages/airflow/example_dags/tutorial.py                                                                          1           0  0.11s           2026-05-07T17:50:38                      12
/home/rodrigo/Escritorio/BBDDAvanzadas/.venv/lib/python3.12/site-packages/airflow/example_dags/example_sensor_decorator.py                                                          1           0  0.11s           2026-05-07T17:49:59                      10
================================================================================
[2026-05-07T19:51:20.082+0200] {manager.py:997} INFO - 
================================================================================
DAG File Processing Stats

File Path                                                                                                                                                  PID    Runtime      # DAGs    # Errors  Last Runtime    Last Run               Last # of DB Queries
---------------------------------------------------------------------------------------------------------------------------------------------------------  -----  ---------  --------  ----------  --------------  -------------------  ----------------------
/home/rodrigo/Escritorio/BBDDAvanzadas/.venv/lib/python3.12/site-packages/airflow/example_dags/example_skip_dag.py                                                                  1           0  1.70s           2026-05-07T17:49:53                      12
/home/rodrigo/Escritorio/BBDDAvanzadas/.venv/lib/python3.12/site-packages/airflow/example_dags/example_task_group_decorator.py                                                      1           0  1.06s           2026-05-07T17:50:47                      10
/home/rodrigo/Escritorio/BBDDAvanzadas/.venv/lib/python3.12/site-packages/airflow/example_dags/example_datasets.py                                                                 10           0  1.00s           2026-05-07T17:50:56                      49
/home/rodrigo/Escritorio/BBDDAvanzadas/.venv/lib/python3.12/site-packages/airflow/example_dags/example_display_name.py                                                              1           0  0.75s           2026-05-07T17:50:54                      10
/home/rodrigo/Escritorio/BBDDAvanzadas/.venv/lib/python3.12/site-packages/airflow/example_dags/subdags/subdag.py                                                                    0           0  0.57s           2026-05-07T17:51:14                       3
/home/rodrigo/Escritorio/BBDDAvanzadas/.venv/lib/python3.12/site-packages/airflow/example_dags/example_trigger_controller_dag.py                                                    1           0  0.54s           2026-05-07T17:50:41                      12
/home/rodrigo/Escritorio/BBDDAvanzadas/.venv/lib/python3.12/site-packages/airflow/example_dags/example_branch_operator_decorator.py                                                 0           0  0.54s           2026-05-07T17:51:03                       3
/home/rodrigo/Escritorio/BBDDAvanzadas/models/dag/dag_psql.py                                                                                                                       1           0  0.39s           2026-05-07T17:51:12                      10
/home/rodrigo/Escritorio/BBDDAvanzadas/.venv/lib/python3.12/site-packages/airflow/example_dags/example_local_kubernetes_executor.py                                                 0           0  0.36s           2026-05-07T17:50:09                       3
/home/rodrigo/Escritorio/BBDDAvanzadas/.venv/lib/python3.12/site-packages/airflow/example_dags/example_branch_python_dop_operator_3.py                                              1           0  0.35s           2026-05-07T17:51:02                      12
/home/rodrigo/Escritorio/BBDDAvanzadas/.venv/lib/python3.12/site-packages/airflow/example_dags/example_kubernetes_executor.py                                                       0           0  0.30s           2026-05-07T17:50:12                       3
/home/rodrigo/Escritorio/BBDDAvanzadas/.venv/lib/python3.12/site-packages/airflow/example_dags/plugins/listener_plugin.py                                                           0           0  0.27s           2026-05-07T17:51:16                       3
/home/rodrigo/Escritorio/BBDDAvanzadas/.venv/lib/python3.12/site-packages/airflow/example_dags/example_complex.py                                                                   1           0  0.24s           2026-05-07T17:51:00                      10
/home/rodrigo/Escritorio/BBDDAvanzadas/.venv/lib/python3.12/site-packages/airflow/example_dags/example_dataset_alias_with_no_taskflow.py                                            4           0  0.24s           2026-05-07T17:50:57                      27
/home/rodrigo/Escritorio/BBDDAvanzadas/.venv/lib/python3.12/site-packages/airflow/example_dags/example_bash_operator.py                                                             1           0  0.23s           2026-05-07T17:51:09                      12
/home/rodrigo/Escritorio/BBDDAvanzadas/.venv/lib/python3.12/site-packages/airflow/example_dags/example_dataset_alias.py                                                             4           0  0.23s           2026-05-07T17:50:58                      27
/home/rodrigo/Escritorio/BBDDAvanzadas/.venv/lib/python3.12/site-packages/airflow/example_dags/example_workday_timetable.py                                                         1           0  0.23s           2026-05-07T17:50:39                      12
/home/rodrigo/Escritorio/BBDDAvanzadas/.venv/lib/python3.12/site-packages/airflow/example_dags/example_dag_decorator.py                                                             1           0  0.23s           2026-05-07T17:50:59                      32
/home/rodrigo/Escritorio/BBDDAvanzadas/.venv/lib/python3.12/site-packages/airflow/example_dags/example_sensors.py                                                                   1           0  0.22s           2026-05-07T17:49:57                      10
/home/rodrigo/Escritorio/BBDDAvanzadas/.venv/lib/python3.12/site-packages/airflow/example_dags/example_xcomargs.py                                                                  2           0  0.22s           2026-05-07T17:49:47                      13
/home/rodrigo/Escritorio/BBDDAvanzadas/.venv/lib/python3.12/site-packages/airflow/example_dags/example_xcom.py                                                                      1           0  0.22s           2026-05-07T17:49:49                      12
/home/rodrigo/Escritorio/BBDDAvanzadas/.venv/lib/python3.12/site-packages/airflow/example_dags/example_task_group.py                                                                1           0  0.21s           2026-05-07T17:50:49                      10
/home/rodrigo/Escritorio/BBDDAvanzadas/.venv/lib/python3.12/site-packages/airflow/example_dags/example_short_circuit_operator.py                                                    1           0  0.21s           2026-05-07T17:49:54                      10
/home/rodrigo/Escritorio/BBDDAvanzadas/.venv/lib/python3.12/site-packages/airflow/example_dags/example_inlet_event_extra.py                                                         2           0  0.21s           2026-05-07T17:50:13                      15
/home/rodrigo/Escritorio/BBDDAvanzadas/.venv/lib/python3.12/site-packages/airflow/example_dags/example_passing_params_via_test_command.py                                           1           0  0.20s           2026-05-07T17:50:03                      12
/home/rodrigo/Escritorio/BBDDAvanzadas/.venv/lib/python3.12/site-packages/airflow/example_dags/example_subdag_operator.py                                                           3           0  0.19s           2026-05-07T17:50:50                      20
/home/rodrigo/Escritorio/BBDDAvanzadas/.venv/lib/python3.12/site-packages/airflow/example_dags/plugins/event_listener.py                                                            0           0  0.19s           2026-05-07T17:51:17                       3
/home/rodrigo/Escritorio/BBDDAvanzadas/.venv/lib/python3.12/site-packages/airflow/example_dags/example_sla_dag.py                                                                   1           0  0.19s           2026-05-07T17:50:51                      12
/home/rodrigo/Escritorio/BBDDAvanzadas/.venv/lib/python3.12/site-packages/airflow/example_dags/plugins/decreasing_priority_weight_strategy.py                                       0           0  0.18s           2026-05-07T17:51:18                       3
/home/rodrigo/Escritorio/BBDDAvanzadas/.venv/lib/python3.12/site-packages/airflow/example_dags/example_dynamic_task_mapping_with_no_taskflow_operators.py                           1           0  0.17s           2026-05-07T17:50:15                      10
/home/rodrigo/Escritorio/BBDDAvanzadas/.venv/lib/python3.12/site-packages/airflow/example_dags/example_branch_datetime_operator.py                                                  3           0  0.16s           2026-05-07T17:51:08                      18
/home/rodrigo/Escritorio/BBDDAvanzadas/.venv/lib/python3.12/site-packages/airflow/example_dags/example_params_ui_tutorial.py                                                        1           0  0.16s           2026-05-07T17:50:04                      10
/home/rodrigo/Escritorio/BBDDAvanzadas/.venv/lib/python3.12/site-packages/airflow/example_dags/example_python_decorator.py                                                          1           0  0.15s           2026-05-07T17:50:01                      10
/home/rodrigo/Escritorio/BBDDAvanzadas/.venv/lib/python3.12/site-packages/airflow/example_dags/example_bash_decorator.py                                                            1           0  0.15s           2026-05-07T17:51:09                      10
/home/rodrigo/Escritorio/BBDDAvanzadas/.venv/lib/python3.12/site-packages/airflow/example_dags/tutorial_taskflow_api_virtualenv.py                                                  0           0  0.15s           2026-05-07T17:50:26                       3
/home/rodrigo/Escritorio/BBDDAvanzadas/.venv/lib/python3.12/site-packages/airflow/example_dags/example_dynamic_task_mapping.py                                                      1           0  0.15s           2026-05-07T17:50:52                      10
/home/rodrigo/Escritorio/BBDDAvanzadas/.venv/lib/python3.12/site-packages/airflow/example_dags/example_branch_day_of_week_operator.py                                               1           0  0.14s           2026-05-07T17:51:06                      12
/home/rodrigo/Escritorio/BBDDAvanzadas/.venv/lib/python3.12/site-packages/airflow/example_dags/plugins/workday.py                                                                   0           0  0.14s           2026-05-07T17:51:15                       3
/home/rodrigo/Escritorio/BBDDAvanzadas/.venv/lib/python3.12/site-packages/airflow/example_dags/example_external_task_marker_dag.py                                                  2           0  0.13s           2026-05-07T17:50:14                      13
/home/rodrigo/Escritorio/BBDDAvanzadas/.venv/lib/python3.12/site-packages/airflow/example_dags/example_short_circuit_decorator.py                                                   1           0  0.13s           2026-05-07T17:49:55                      10
/home/rodrigo/Escritorio/BBDDAvanzadas/.venv/lib/python3.12/site-packages/airflow/example_dags/example_nested_branch_dag.py                                                         1           0  0.13s           2026-05-07T17:50:07                      12
/home/rodrigo/Escritorio/BBDDAvanzadas/.venv/lib/python3.12/site-packages/airflow/example_dags/tutorial_objectstorage.py                                                            1           0  0.13s           2026-05-07T17:50:34                      10
/home/rodrigo/Escritorio/BBDDAvanzadas/.venv/lib/python3.12/site-packages/airflow/example_dags/example_latest_only.py                                                               1           0  0.12s           2026-05-07T17:50:10                      12
/home/rodrigo/Escritorio/BBDDAvanzadas/.venv/lib/python3.12/site-packages/airflow/example_dags/example_time_delta_sensor_async.py                                                   1           0  0.12s           2026-05-07T17:50:43                      10
/home/rodrigo/Escritorio/BBDDAvanzadas/models/dag/dag_sqlite.py                                                                                                                     1           0  0.12s           2026-05-07T17:51:10                      10
/home/rodrigo/Escritorio/BBDDAvanzadas/.venv/lib/python3.12/site-packages/airflow/example_dags/tutorial_taskflow_templates.py                                                       1           0  0.12s           2026-05-07T17:51:20                      12
/home/rodrigo/Escritorio/BBDDAvanzadas/.venv/lib/python3.12/site-packages/airflow/example_dags/example_branch_operator.py                                                           0           0  0.12s           2026-05-07T17:51:04                       3
/home/rodrigo/Escritorio/BBDDAvanzadas/.venv/lib/python3.12/site-packages/airflow/example_dags/example_outlet_event_extra.py                                                        3           0  0.11s           2026-05-07T17:50:06                      19
/home/rodrigo/Escritorio/BBDDAvanzadas/.venv/lib/python3.12/site-packages/airflow/example_dags/tutorial_dag.py                                                                      1           0  0.11s           2026-05-07T17:50:36                      10
/home/rodrigo/Escritorio/BBDDAvanzadas/.venv/lib/python3.12/site-packages/airflow/example_dags/tutorial_taskflow_api.py                                                             1           0  0.11s           2026-05-07T17:50:32                      10
/home/rodrigo/Escritorio/BBDDAvanzadas/.venv/lib/python3.12/site-packages/airflow/example_dags/example_params_trigger_ui.py                                                         1           0  0.11s           2026-05-07T17:50:05                      10
/home/rodrigo/Escritorio/BBDDAvanzadas/.venv/lib/python3.12/site-packages/airflow/example_dags/example_setup_teardown.py                                                            1           0  0.11s           2026-05-07T17:49:56                      10
/home/rodrigo/Escritorio/BBDDAvanzadas/.venv/lib/python3.12/site-packages/airflow/example_dags/example_latest_only_with_trigger.py                                                  1           0  0.11s           2026-05-07T17:50:10                      12
/home/rodrigo/Escritorio/BBDDAvanzadas/.venv/lib/python3.12/site-packages/airflow/example_dags/example_setup_teardown_taskflow.py                                                   1           0  0.11s           2026-05-07T17:49:55                      10
/home/rodrigo/Escritorio/BBDDAvanzadas/.venv/lib/python3.12/site-packages/airflow/example_dags/example_python_operator.py                                                           1           0  0.11s           2026-05-07T17:50:00                      10
/home/rodrigo/Escritorio/BBDDAvanzadas/.venv/lib/python3.12/site-packages/airflow/example_dags/example_trigger_target_dag.py                                                        1           0  0.11s           2026-05-07T17:50:40                      10
/home/rodrigo/Escritorio/BBDDAvanzadas/.venv/lib/python3.12/site-packages/airflow/example_dags/tutorial.py                                                                          1           0  0.11s           2026-05-07T17:50:38                      12
/home/rodrigo/Escritorio/BBDDAvanzadas/.venv/lib/python3.12/site-packages/airflow/example_dags/example_branch_labels.py                                                             1           0  0.11s           2026-05-07T17:51:05                      12
/home/rodrigo/Escritorio/BBDDAvanzadas/.venv/lib/python3.12/site-packages/airflow/example_dags/example_sensor_decorator.py                                                          1           0  0.11s           2026-05-07T17:49:59                      10
================================================================================
